room_name,region,location,room_availability_bs,price,rating,rating_count,transaction_count,tipe_kos,room_area,is_electricity,is_kamar_mandi_dalam,is_kloset_duduk,fac_keamanan,fac_sirkulasi_udara,fac_parkir_motor,fac_parkir_mobil,fac_ruang_bersama,fac_layanan_kebersihan,fac_area_jemur,is_full_furnished,fac_ac,fac_tv,fac_bantal,fac_cermin,fac_shower,fac_air_panas,fac_wifi,fac_kulkas,fac_dapur,fac_dispenser,fac_kipas_angin,fac_kursi,fac_guling,fac_wastafel,fac_ember_mandi,fac_mesin_cuci,fac_bak_mandi,is_discount
Kost 2nd Home Tipe Executive Palmerah Jakarta Barat,Jakarta Barat,Palmerah,1.00,3100000.00,0.00,0.00,0.00,Kos Campur,12.00,0,1,1,1,1,1,0,1,1,1,1,1,1,1,1,1,1,1,1,1,1,0,0,0,0,0,0,0,1
Kost 38 Lt3 Tanjung Priok Jakarta Utara,Jakarta Utara,Tanjung Priok,0.00,700000.00,0.00,0.00,0.00,Kos Putra,9.00,1,0,0,1,1,0,0,0,1,1,1,0,0,1,1,0,0,0,1,1,0,1,0,0,0,0,0,0,0
Kost 3tranches Home SCBD Tipe A Kebayoran Baru Jakarta Selatan,Jakarta Selatan,Kebayoran Baru,0.00,3500000.00,4.00,5.00,22.00,Kos Campur,15.00,0,1,1,1,0,1,0,1,1,1,1,1,1,1,1,1,1,1,1,1,1,0,1,1,1,0,0,0,0
Kost 3tranches Home Senopati Kebayoran Baru Jakarta Selatan,Jakarta Selatan,Kebayoran Baru,0.00,3800000.00,0.00,0.00,13.00,Kos Campur,16.00,0,1,0,1,1,1,0,0,0,0,0,1,1,1,1,1,1,1,1,1,1,0,0,1,1,0,0,0,1
Kost 3tranches Home Tipe D Cilandak Jakarta Selatan,Jakarta Selatan,Cilandak,0.00,4000000.00,3.60,1.00,12.00,Kos Campur,27.60,0,1,1,1,1,1,1,1,1,1,1,1,1,1,1,1,1,1,1,1,1,0,0,1,1,0,0,0,1
Kost 93 Suites Primier Tanjung Priok Jakarta Utara,Jakarta Utara,Tanjung Priok,0.00,3500000.00,0.00,0.00,0.00,Kos Campur,20.00,0,1,1,1,1,1,0,1,0,0,1,1,1,1,1,1,1,1,1,1,1,0,0,0,1,0,0,0,0
Kost 93 Suites Standart 2 Tanjung Priok Jakarta Utara,Jakarta Utara,Tanjung Priok,0.00,2200000.00,5.00,1.00,2.00,Kos Campur,12.00,0,1,1,1,1,1,0,1,0,0,1,1,0,1,1,1,0,1,1,1,1,0,1,1,1,0,0,0,0
Kost Abah Penjaringan Jakarta Utara,Jakarta Utara,Penjaringan,3.00,800000.00,0.00,0.00,0.00,Kos Campur,6.00,1,0,0,0,0,0,0,0,0,0,0,0,0,0,0,0,0,0,0,0,0,1,0,0,0,1,0,0,0
Kost Abdi Muwardi Residence Tipe A Grogol Petamburan Jakarta Barat,Jakarta Barat,Grogol Petamburan,2.00,2180000.00,4.60,31.00,81.00,Kos Campur,8.00,0,1,1,1,0,1,0,1,1,1,1,1,0,1,1,1,1,1,1,1,1,0,1,1,1,1,0,0,1
Kost Abigail VVIP Kebon Jeruk Jakarta Barat,Jakarta Barat,Kebon Jeruk,1.00,880000.00,0.00,0.00,0.00,Kos Putri,12.00,0,1,0,0,0,1,0,1,0,1,0,0,0,0,0,0,0,1,0,1,0,1,0,0,0,1,0,0,0
Kost Agung Utara Tanjung Priok Jakarta Utara,Jakarta Utara,Tanjung Priok,1.00,1600000.00,0.00,0.00,4.00,Kos Putri,12.00,0,1,1,1,1,1,0,1,1,1,1,1,0,0,0,1,0,1,1,0,0,0,0,0,0,0,1,0,0
Kost Akim Tipe C Tanjung Priok Jakarta Utara,Jakarta Utara,Tanjung Priok,2.00,1450000.00,0.00,0.00,0.00,Kos Campur,12.00,1,0,0,0,0,1,1,1,0,0,0,1,0,0,0,1,0,0,1,1,0,0,0,0,0,1,0,0,1
Kost Alesha Ceger Cipayung Jakarta Timur,Jakarta Timur,Cipayung,2.00,1400000.00,0.00,0.00,1.00,Kos Putri,12.00,0,1,0,0,0,1,0,0,1,1,1,1,0,0,0,0,0,0,0,0,0,0,1,0,0,0,0,0,0
Kost Alesha Ceger Cipayung Jakarta Timur,Jakarta Timur,Cipayung,2.00,1400000.00,0.00,0.00,1.00,Kos Putri,12.00,0,1,0,0,0,1,0,0,1,1,1,1,0,0,0,0,0,0,0,0,0,0,1,0,0,0,0,0,0
Kost Alesha Ceger Cipayung Jakarta Timur,Jakarta Timur,Cipayung,2.00,1400000.00,0.00,0.00,1.00,Kos Putri,12.00,0,1,0,0,0,1,0,0,1,1,1,1,0,0,0,0,0,0,0,0,0,0,1,0,0,0,0,0,0
Kost Alesha Ceger Cipayung Jakarta Timur,Jakarta Timur,Cipayung,2.00,1400000.00,0.00,0.00,1.00,Kos Putri,12.00,0,1,0,0,0,1,0,0,1,1,1,1,0,0,0,0,0,0,0,0,0,0,1,0,0,0,0,0,0
Kost Alisha Executive Pasar Rebo Jakarta Timur,Jakarta Timur,Pasar Rebo,0.00,1850000.00,0.00,0.00,0.00,Kos Putri,12.00,0,1,1,1,1,1,0,1,1,1,1,1,0,1,1,1,1,1,1,1,1,0,1,0,0,0,0,0,1
Kost Alisha Executive Pasar Rebo Jakarta Timur,Jakarta Timur,Pasar Rebo,0.00,1850000.00,0.00,0.00,0.00,Kos Putri,12.00,0,1,1,1,1,1,0,1,1,1,1,1,0,1,1,1,1,1,1,1,1,0,1,0,0,0,0,0,1
Kost Alisha Tipe A Pasar Rebo Jakarta Timur,Jakarta Timur,Pasar Rebo,0.00,1850000.00,0.00,0.00,0.00,Kos Putri,12.00,0,1,1,1,1,1,0,1,1,1,1,1,0,1,1,1,1,1,1,1,1,0,1,0,0,0,0,0,1
Kost Almic Guesthouse Tipe S Keyless New Tanjung Priok Jakarta Utara,Jakarta Utara,Tanjung Priok,1.00,2100000.00,0.00,0.00,0.00,Kos Campur,12.00,0,1,0,1,1,1,0,0,0,1,1,1,0,1,1,1,0,1,0,0,0,0,1,0,1,0,0,0,0
Kost Almic Tipe M Deluxe Tanjung Priok Jakarta Utara,Jakarta Utara,Tanjung Priok,1.00,2200000.00,3.40,1.00,1.00,Kos Campur,16.00,0,1,1,1,1,1,0,0,0,1,1,1,0,1,1,1,1,1,0,0,0,0,1,0,1,0,0,0,0
Kost Almic Tipe XS Tanjung Priok Jakarta Utara,Jakarta Utara,Tanjung Priok,0.00,1500000.00,0.00,0.00,2.00,Kos Campur,9.00,0,1,1,1,0,1,0,0,0,0,1,1,0,1,0,1,0,1,0,0,0,1,0,0,1,0,0,0,1
Kost Amanah Pak Reza Tipe A Pulo Gadung Jakarta Timur,Jakarta Timur,Pulo Gadung,1.00,2200000.00,0.00,0.00,0.00,Kos Putri,13.50,0,1,1,0,0,1,0,1,0,1,0,1,0,0,0,1,0,0,0,0,1,0,0,0,0,1,0,0,0
Kost Amanah Pak Reza Tipe B Pulo Gadung Jakarta Timur,Jakarta Timur,Pulo Gadung,3.00,1500000.00,0.00,0.00,0.00,Kos Putri,9.00,0,1,1,1,1,1,0,1,0,1,0,1,0,1,0,1,0,1,0,0,0,0,0,0,0,0,0,0,0
Kost Angel 2 Tipe A Koja Jakarta Utara,Jakarta Utara,Koja,0.00,1400000.00,0.00,0.00,0.00,Kos Putri,9.00,0,1,1,1,0,1,0,1,1,1,1,1,1,1,0,0,0,1,1,1,0,0,0,1,0,1,0,0,0
Kost Anindya Ciracas Jakarta Timur,Jakarta Timur,Ciracas,1.00,1500000.00,0.00,0.00,2.00,Kos Putri,12.00,0,1,1,1,1,1,0,1,0,1,1,1,1,1,1,1,0,1,1,0,0,0,0,1,0,0,0,0,0
Kost Anindya Ciracas Jakarta Timur,Jakarta Timur,Ciracas,1.00,1500000.00,0.00,0.00,2.00,Kos Putri,12.00,0,1,1,1,1,1,0,1,0,1,1,1,1,1,1,1,0,1,1,0,0,0,0,1,0,0,0,0,0
Kost Anindya Ciracas Jakarta Timur,Jakarta Timur,Ciracas,1.00,1500000.00,0.00,0.00,2.00,Kos Putri,12.00,0,1,1,1,1,1,0,1,0,1,1,1,1,1,1,1,0,1,1,0,0,0,0,1,0,0,0,0,0
Kost Anindya Ciracas Jakarta Timur,Jakarta Timur,Ciracas,1.00,1500000.00,0.00,0.00,2.00,Kos Putri,12.00,0,1,1,1,1,1,0,1,0,1,1,1,1,1,1,1,0,1,1,0,0,0,0,1,0,0,0,0,0
Kost Anindya Ciracas Jakarta Timur,Jakarta Timur,Ciracas,1.00,1500000.00,0.00,0.00,2.00,Kos Putri,12.00,0,1,1,1,1,1,0,1,0,1,1,1,1,1,1,1,0,1,1,0,0,0,0,1,0,0,0,0,0
Kost AP Tipe A Grogol Petamburan Jakarta Barat,Jakarta Barat,Grogol Petamburan,0.00,2600000.00,0.00,0.00,3.00,Kos Campur,16.00,0,1,1,1,0,1,1,1,1,1,1,1,1,0,0,1,1,1,1,1,0,0,1,0,0,0,0,0,0
Kost AP Tipe B Tomang Grogol Petamburan Jakarta Barat,Jakarta Barat,Grogol Petamburan,1.00,2400000.00,4.40,4.00,3.00,Kos Campur,12.00,0,1,1,1,0,1,1,1,1,1,1,1,1,0,0,1,1,1,1,1,0,0,1,0,0,0,0,0,0
Kost Apik 28 Tipe A Kemayoran Jakarta Pusat,Jakarta Pusat,Kemayoran,0.00,1325000.00,4.30,11.00,23.00,Kos Putri,7.92,0,0,1,1,1,1,0,0,1,1,0,1,0,1,0,1,0,1,0,1,0,0,0,0,0,0,0,0,1
Kost Apik 33 Al Wustho Tipe A Duren Sawit Jakarta Timur,Jakarta Timur,Duren Sawit,0.00,855000.00,0.00,0.00,0.00,Kos Campur,7.29,1,0,1,1,0,1,1,1,1,1,1,0,1,1,0,0,0,1,0,1,1,0,0,1,0,1,0,0,1
Kost Apik 33 Cempaka Baru Tipe A Kemayoran Jakarta Pusat,Jakarta Pusat,Kemayoran,1.00,1235000.00,4.80,7.00,8.00,Kos Putra,17.60,0,0,1,1,0,1,0,1,0,0,1,1,0,0,0,0,0,1,0,1,0,0,1,0,0,0,0,0,1
Kost Apik 33 Cempaka Baru Tipe B Kemayoran Jakarta Pusat,Jakarta Pusat,Kemayoran,0.00,1140000.00,4.80,4.00,9.00,Kos Putra,12.00,0,0,1,1,1,1,0,1,0,1,1,1,0,0,0,0,0,1,0,1,0,1,1,0,0,0,0,0,1
Kost Apik 33 Cempaka Baru Tipe D Kemayoran Jakarta Pusat,Jakarta Pusat,Kemayoran,0.00,760000.00,4.80,21.00,35.00,Kos Putra,9.00,0,0,1,1,1,1,0,1,0,1,0,0,0,1,0,0,0,1,0,1,0,0,0,0,0,0,0,1,1
Kost Apik 49 Tipe D Jagakarsa Jakarta Selatan,Jakarta Selatan,Jagakarsa,0.00,927500.00,4.80,9.00,17.00,Kos Campur,6.44,0,0,1,1,0,1,1,1,0,1,0,0,0,0,0,0,0,1,0,1,0,0,0,0,0,0,0,0,1
Kost Apik 89G Kwitang Tipe A Senen Jakarta Pusat,Jakarta Pusat,Senen,0.00,1083000.00,5.00,4.00,8.00,Kos Putri,5.67,1,0,1,1,1,1,0,1,0,1,1,0,1,1,0,1,0,1,1,1,0,1,1,0,0,1,0,1,1
Kost Apik 89G Kwitang Tipe B Senen Jakarta Pusat,Jakarta Pusat,Senen,0.00,1037000.00,4.80,6.00,12.00,Kos Putri,4.41,1,0,1,1,0,1,0,1,0,1,1,0,1,1,0,1,0,1,1,1,0,1,1,0,0,1,0,1,1
Kost Apik 89G Kwitang Tipe C Senen Jakarta Pusat,Jakarta Pusat,Senen,0.00,975000.00,4.80,13.00,19.00,Kos Putri,5.04,1,0,1,1,0,1,0,1,0,1,1,0,1,1,0,1,0,1,1,1,0,1,1,0,0,1,0,1,1
Kost Apik 89G Kwitang Tipe D Senen Jakarta Pusat,Jakarta Pusat,Senen,0.00,925000.00,4.50,7.00,10.00,Kos Putri,4.50,1,0,1,1,0,1,0,1,0,1,1,0,1,1,0,1,0,1,1,1,0,1,1,0,0,1,0,1,1
Kost Apik Abputar Tipe A Palmerah Jakarta Barat,Jakarta Barat,Palmerah,0.00,1725000.00,4.60,8.00,27.00,Kos Campur,14.40,0,1,1,1,0,1,0,1,0,1,0,1,0,0,0,1,0,1,0,1,0,0,0,0,0,0,0,0,1
Kost Apik Abputar Tipe B Palmerah Jakarta Barat,Jakarta Barat,Palmerah,1.00,825000.00,4.60,32.00,80.00,Kos Putra,9.25,1,0,1,1,0,1,0,1,0,1,0,0,0,0,0,1,0,1,0,1,0,0,0,0,0,0,0,0,1
Kost Apik Acp Unindra 1 Tipe C Pasar Rebo Jakarta Timur,Jakarta Timur,Pasar Rebo,1.00,1355000.00,0.00,0.00,0.00,Kos Campur,10.00,0,1,1,1,1,1,0,0,0,0,0,1,0,1,1,1,0,1,0,0,0,0,0,0,0,0,0,0,1
Kost Apik Acp Unindra 1 Tipe C Pasar Rebo Jakarta Timur,Jakarta Timur,Pasar Rebo,1.00,1355000.00,0.00,0.00,0.00,Kos Campur,10.00,0,1,1,1,1,1,0,0,0,0,0,1,0,1,1,1,0,1,0,0,0,0,0,0,0,0,0,0,1
Kost Apik Acp Unindra 1 Tipe C Pasar Rebo Jakarta Timur,Jakarta Timur,Pasar Rebo,1.00,1355000.00,0.00,0.00,0.00,Kos Campur,10.00,0,1,1,1,1,1,0,0,0,0,0,1,0,1,1,1,0,1,0,0,0,0,0,0,0,0,0,0,1
Kost Apik Acp Unindra 1 Tipe C Pasar Rebo Jakarta Timur,Jakarta Timur,Pasar Rebo,1.00,1355000.00,0.00,0.00,0.00,Kos Campur,10.00,0,1,1,1,1,1,0,0,0,0,0,1,0,1,1,1,0,1,0,0,0,0,0,0,0,0,0,0,1
Kost Apik Acp Unindra 1 Tipe C Pasar Rebo Jakarta Timur,Jakarta Timur,Pasar Rebo,1.00,1355000.00,0.00,0.00,0.00,Kos Campur,10.00,0,1,1,1,1,1,0,0,0,0,0,1,0,1,1,1,0,1,0,0,0,0,0,0,0,0,0,0,1
Kost Apik Aipda Petamburan Tipe A Tanah Abang Jakarta Pusat,Jakarta Pusat,Tanah Abang,0.00,1380000.00,0.00,0.00,1.00,Kos Putri,9.00,1,0,0,0,0,1,0,0,0,0,0,1,0,1,0,0,0,1,0,1,0,0,0,0,0,0,0,0,1
Kost Apik Aipda Petamburan Tipe B Tanah Abang Jakarta Pusat,Jakarta Pusat,Tanah Abang,0.00,1196000.00,0.00,0.00,0.00,Kos Putri,10.80,1,1,1,0,0,1,0,0,0,0,0,0,0,1,0,0,0,1,0,1,0,0,0,0,0,0,0,0,1
Kost Apik Aipda Petamburan Tipe C Tanah Abang Jakarta Pusat,Jakarta Pusat,Tanah Abang,0.00,1300000.00,5.00,3.00,8.00,Kos Putri,9.00,1,1,1,0,0,1,0,0,0,0,0,0,0,1,0,0,0,1,0,1,0,0,0,0,0,0,0,0,1
Kost Apik Aipda Petamburan Tipe D Tanah Abang Jakarta Pusat,Jakarta Pusat,Tanah Abang,0.00,1100000.00,4.90,40.00,85.00,Kos Putri,9.00,1,0,0,0,1,1,0,0,0,0,0,0,0,1,0,0,0,1,0,1,0,0,0,0,0,0,0,0,1
Kost Apik Aksata Residence Binus Anggrek Tipe D Kebon Jeruk Jakarta Barat,Jakarta Barat,Kebon Jeruk,0.00,1279000.00,0.00,0.00,15.00,Kos Campur,9.00,0,1,0,1,1,1,0,0,0,1,1,0,0,1,0,1,0,1,0,0,0,0,0,0,0,1,0,0,1
Kost Apik Amalia Tipe A Pasar Minggu Jakarta Selatan,Jakarta Selatan,Pasar Minggu,0.00,2025000.00,0.00,0.00,2.00,Kos Putri,14.00,0,0,1,1,1,1,0,1,1,1,1,1,1,0,0,1,0,1,1,1,0,0,1,0,0,0,0,0,1
Kost Apik Amalia Tipe B Pasar Minggu Jakarta Selatan,Jakarta Selatan,Pasar Minggu,0.00,1875000.00,0.00,0.00,2.00,Kos Putri,12.00,0,0,1,1,1,1,0,1,1,1,1,1,1,0,0,1,0,1,1,1,0,0,1,0,0,0,0,0,1
Kost Apik Amalia Tipe C Pasar Minggu Jakarta Selatan,Jakarta Selatan,Pasar Minggu,0.00,1681000.00,5.00,2.00,1.00,Kos Putri,8.00,0,1,1,1,1,1,0,1,1,1,1,1,1,0,0,1,0,1,1,1,0,0,1,0,0,0,0,0,1
Kost Apik Amalia Tipe D Pasar Minggu Jakarta Selatan,Jakarta Selatan,Pasar Minggu,0.00,1725000.00,5.00,3.00,10.00,Kos Putri,6.90,0,0,1,1,1,1,0,1,1,1,1,1,1,0,0,1,0,1,1,1,0,0,1,0,0,0,0,0,1
Kost Apik Anggrek 13 Tipe A Setiabudi Jakarta Selatan,Jakarta Selatan,Setia Budi,0.00,1725000.00,4.60,9.00,10.00,Kos Campur,6.00,1,1,1,0,1,1,0,0,1,1,1,1,0,1,1,1,0,1,1,1,0,0,1,1,0,0,0,0,0
Kost Apik Anggrek IV Perbanas Tipe A Setiabudi Jakarta Selatan,Jakarta Selatan,Setia Budi,0.00,1725000.00,4.80,13.00,18.00,Kos Putri,12.00,0,0,0,0,1,1,1,1,0,1,1,1,0,1,1,0,0,1,0,1,0,0,1,1,0,0,0,1,0
Kost Apik Anggrek IV Perbanas Tipe B Setiabudi Jakarta Selatan,Jakarta Selatan,Setia Budi,1.00,1375000.00,4.80,65.00,128.00,Kos Putri,12.00,1,0,0,0,1,1,1,1,0,1,1,0,0,1,1,0,0,1,0,1,0,0,1,1,0,0,0,1,0
Kost Apik Anis Tipe A Makasar Jakarta Timur,Jakarta Timur,Makasar,3.00,811440.00,5.00,3.00,8.00,Kos Campur,9.00,1,0,0,0,1,1,0,1,1,1,0,0,0,1,0,0,0,1,1,1,0,1,0,0,0,0,1,1,1
Kost Apik Asih Tipe B Jagakarsa Jakarta Selatan,Jakarta Selatan,Jagakarsa,2.00,1225000.00,4.80,13.00,24.00,Kos Putri,12.00,1,1,0,1,1,1,0,0,0,1,1,1,0,1,0,0,0,1,0,1,0,0,1,1,0,1,0,0,0
Kost Apik Aura Kwitang Tipe A Senen Jakarta Pusat,Jakarta Pusat,Senen,0.00,1525000.00,4.60,11.00,34.00,Kos Putra,5.00,1,0,1,0,0,1,0,0,0,1,1,1,0,1,0,1,0,1,0,0,0,0,1,1,0,1,0,0,0
Kost Apik Az Zahra Tipe A Kramat Jati Jakarta Timur,Jakarta Timur,Kramat Jati,0.00,853000.00,4.90,2.00,5.00,Kos Putri,8.80,0,0,1,1,1,1,0,1,1,1,1,0,0,1,0,0,0,1,0,1,0,1,1,0,0,0,0,1,1
Kost Apik Az Zahra Tipe A Kramat Jati Jakarta Timur,Jakarta Timur,Kramat Jati,0.00,853000.00,4.90,2.00,5.00,Kos Putri,8.80,0,0,1,1,1,1,0,1,1,1,1,0,0,1,0,0,0,1,0,1,0,1,1,0,0,0,0,1,1
Kost Apik Az Zahra Tipe A Kramat Jati Jakarta Timur,Jakarta Timur,Kramat Jati,0.00,853000.00,4.90,2.00,5.00,Kos Putri,8.80,0,0,1,1,1,1,0,1,1,1,1,0,0,1,0,0,0,1,0,1,0,1,1,0,0,0,0,1,1
Kost Apik Az Zahra Tipe A Kramat Jati Jakarta Timur,Jakarta Timur,Kramat Jati,0.00,853000.00,4.90,2.00,5.00,Kos Putri,8.80,0,0,1,1,1,1,0,1,1,1,1,0,0,1,0,0,0,1,0,1,0,1,1,0,0,0,0,1,1
Kost Apik Bahari Tipe A Cakung Jakarta Timur,Jakarta Timur,Cakung,0.00,975000.00,4.30,4.00,1.00,Kos Campur,9.00,0,1,0,1,1,1,0,0,0,0,0,0,0,1,0,0,0,1,0,0,0,0,0,0,0,0,0,0,1
Kost Apik Bangau V Tipe A Kemayoran Jakarta Pusat,Jakarta Pusat,Kemayoran,1.00,1525000.00,4.60,22.00,49.00,Kos Campur,10.00,0,0,1,1,1,1,0,0,1,1,1,1,0,1,1,1,0,1,1,1,0,0,1,0,0,0,1,0,0
Kost Apik Bangau V Tipe B Kemayoran Jakarta Pusat,Jakarta Pusat,Kemayoran,0.00,1275000.00,4.50,7.00,14.00,Kos Campur,10.00,0,0,1,1,1,1,0,0,1,1,0,0,0,1,1,1,0,1,1,1,0,0,0,0,0,0,1,0,0
Kost Apik Barakah Tipe A Cilincing Jakarta Utara,Jakarta Utara,Cilincing,1.00,1615000.00,5.00,1.00,1.00,Kos Campur,16.65,0,1,0,1,1,1,0,1,0,1,1,1,0,1,0,1,0,1,0,1,0,1,1,1,0,1,0,0,1
Kost Apik Barakah Tipe B Cilincing Jakarta Utara,Jakarta Utara,Cilincing,0.00,1140000.00,0.00,0.00,6.00,Kos Campur,12.00,0,1,0,1,1,1,0,1,0,1,1,0,0,1,0,1,0,1,0,1,0,1,1,1,0,1,0,0,1
Kost Apik Barakah Tipe C Cilincing Jakarta Utara,Jakarta Utara,Cilincing,1.00,1012000.00,4.60,4.00,19.00,Kos Campur,8.75,0,1,0,1,1,1,0,1,0,1,1,0,0,1,0,1,0,1,0,1,0,1,1,1,0,1,0,0,1
Kost Apik Barakah Tipe D Cilincing Jakarta Utara,Jakarta Utara,Cilincing,2.00,1450000.00,0.00,0.00,0.00,Kos Campur,8.75,0,1,0,1,1,1,0,1,0,1,1,1,0,1,0,1,0,1,0,1,0,0,1,0,0,1,0,0,1
Kost Apik Beringin 37 Tipe A Cipayung Jakarta Timur,Jakarta Timur,Cipayung,1.00,775000.00,4.90,3.00,8.00,Kos Putra,80.00,1,1,0,1,1,1,0,0,0,1,0,0,0,1,0,0,0,1,0,1,0,0,0,1,0,1,0,0,1
Kost Apik BINUS Anggrek 46 Tipe A Kebon Jeruk Jakarta Barat,Jakarta Barat,Kebon Jeruk,0.00,927500.00,4.90,13.00,36.00,Kos Putra,9.00,0,0,0,1,1,1,0,0,0,1,1,0,0,1,0,0,0,1,0,0,0,1,1,0,0,1,0,0,1
Kost Apik BINUS Anggrek Tipe B Palmerah Jakarta Barat,Jakarta Barat,Palmerah,0.00,1070000.00,4.80,51.00,80.00,Kos Campur,6.00,1,0,0,0,1,1,0,1,0,1,1,0,0,1,0,0,0,1,0,0,0,0,1,0,0,1,0,1,1
Kost Apik BINUS Anggrek Tipe C Palmerah Jakarta Barat,Jakarta Barat,Palmerah,0.00,1307500.00,4.80,4.00,6.00,Kos Campur,6.00,1,1,0,0,1,1,0,1,0,1,1,0,0,1,0,0,0,1,0,0,0,0,1,0,0,1,0,0,1
Kost Apik Bright Tipe A Johar Baru Jakarta Pusat,Jakarta Pusat,Johar Baru,2.00,1313000.00,4.60,3.00,4.00,Kos Putri,9.00,0,0,1,0,1,0,0,0,0,0,0,1,0,1,0,1,0,0,0,0,0,0,0,1,0,1,0,0,1
Kost Apik Bright Tipe B Johar Baru Jakarta Pusat,Jakarta Pusat,Johar Baru,2.00,991000.00,4.60,9.00,13.00,Kos Putri,9.00,1,0,1,1,1,1,0,0,0,1,0,0,0,1,0,1,0,1,0,0,0,1,0,1,0,1,0,0,1
Kost Apik Bu Tomo Tipe A Makasar Jakarta Timur,Jakarta Timur,Makasar,0.00,799250.00,4.60,35.00,63.00,Kos Campur,6.25,1,0,0,0,1,1,0,0,0,1,1,0,0,1,0,0,0,1,0,1,0,0,0,0,0,1,0,0,1
Kost Apik Bugenvil Tipe B Kemayoran Jakarta Pusat,Jakarta Pusat,Kemayoran,1.00,1450000.00,4.40,4.00,7.00,Kos Campur,12.00,0,1,1,1,1,1,0,1,0,1,1,1,0,1,1,1,0,1,0,1,0,0,0,0,0,1,0,0,1
Kost Apik Bugenvil Tipe C Kemayoran Jakarta Pusat,Jakarta Pusat,Kemayoran,0.00,1355000.00,5.00,1.00,2.00,Kos Campur,9.00,0,1,1,1,1,1,0,1,0,1,1,1,0,1,0,1,0,1,0,1,0,0,0,0,0,1,0,0,1
Kost Apik Bugenvil Tipe F Kemayoran Jakarta Pusat,Jakarta Pusat,Kemayoran,3.00,1325000.00,4.80,3.00,9.00,Kos Campur,10.20,0,0,1,1,1,1,0,1,0,1,1,1,1,1,0,1,0,1,0,1,0,0,0,0,0,1,0,0,1
Kost Apik Bugenvil Tipe G Kemayoran Jakarta Pusat,Jakarta Pusat,Kemayoran,0.00,1212500.00,4.90,6.00,18.00,Kos Campur,10.50,0,1,0,1,1,1,0,1,0,1,1,1,0,1,0,0,0,1,0,1,0,0,0,0,0,1,0,0,1
Kost Apik Bugenvil Tipe H Kemayoran Jakarta Pusat,Jakarta Pusat,Kemayoran,0.00,825000.00,5.00,1.00,14.00,Kos Campur,7.50,0,0,0,1,1,1,0,1,0,1,0,0,0,1,0,0,0,1,0,1,0,0,0,0,0,1,0,0,1
Kost Apik Cempaka 15 Tipe A Cempaka Putih Jakarta Pusat,Jakarta Pusat,Cempaka Putih,1.00,875000.00,5.00,3.00,6.00,Kos Putra,8.40,1,0,1,0,1,1,0,0,0,1,0,0,0,1,0,0,0,1,0,0,0,0,0,1,0,1,0,0,1
Kost Apik Dream Sunter Jaya 5 Tipe A Tanjung Priok Jakarta Utara,Jakarta Utara,Tanjung Priok,0.00,1313000.00,4.90,1.00,1.00,Kos Campur,10.08,0,1,0,1,1,1,0,0,0,0,0,0,0,1,0,0,0,1,0,0,0,0,0,0,0,0,0,0,1
Kost Apik Dream Sunter Jaya 5 Tipe B Tanjung Priok Jakarta Utara,Jakarta Utara,Tanjung Priok,0.00,1221000.00,4.30,3.00,3.00,Kos Campur,12.96,0,1,0,1,1,1,0,0,0,0,0,0,0,1,0,0,0,1,0,0,0,0,0,0,0,0,0,0,1
Kost Apik Dream Sunter Jaya 5 Tipe C Tanjung Priok Jakarta Utara,Jakarta Utara,Tanjung Priok,0.00,945000.00,5.00,1.00,4.00,Kos Campur,10.08,0,0,0,1,1,1,0,0,0,0,0,0,0,1,0,0,0,1,0,0,0,0,0,0,0,0,0,0,1
Kost Apik Dreamwork Pluit Tipe A Penjaringan Jakarta Utara,Jakarta Utara,Penjaringan,0.00,2605000.00,4.90,1.00,4.00,Kos Campur,4.80,0,1,1,1,1,1,1,1,0,1,1,1,0,1,1,1,1,1,0,1,0,0,1,1,1,0,0,0,0
Kost Apik Duri Kosambi 168 Tipe A Cengkareng Jakarta Barat,Jakarta Barat,Cengkareng,0.00,1129000.00,4.80,12.00,25.00,Kos Campur,8.10,0,0,1,1,0,1,1,0,0,1,1,1,0,0,0,0,0,1,0,1,0,0,1,0,0,1,0,0,1
Kost Apik Duri Kosambi 78 Tipe B Cengkareng Jakarta Barat,Jakarta Barat,Cengkareng,2.00,1345000.00,4.80,16.00,42.00,Kos Putra,10.80,0,0,1,1,1,1,1,1,0,1,1,1,0,1,0,1,0,1,0,1,1,0,0,1,1,0,0,0,1
Kost Apik E 18 Tipe A Cempaka Putih Jakarta Pusat,Jakarta Pusat,Cempaka Putih,0.00,1325000.00,4.60,4.00,7.00,Kos Putra,12.00,1,1,1,1,1,1,0,1,0,1,0,0,0,1,1,1,0,1,0,0,0,1,0,1,0,0,0,0,1
Kost Apik E 18 Tipe B Cempaka Putih Jakarta Pusat,Jakarta Pusat,Cempaka Putih,0.00,875000.00,5.00,3.00,9.00,Kos Putra,9.00,1,0,0,1,1,1,0,1,0,1,0,0,0,1,1,0,0,1,0,0,0,1,0,1,1,0,0,0,1
Kost Apik Evy Kalibata Utara Tipe A Pancoran Jakarta Selatan,Jakarta Selatan,Pancoran,0.00,1350000.00,5.00,15.00,29.00,Kos Putri,8.91,1,1,0,1,1,1,0,0,0,1,0,0,0,1,0,0,0,1,0,1,0,0,0,0,0,0,0,0,0
Kost Apik Fidzh Tipe A Johar Baru Jakarta Pusat,Jakarta Pusat,Johar Baru,2.00,1355000.00,4.50,12.00,24.00,Kos Putra,7.00,0,0,0,1,1,1,0,0,0,1,1,1,0,1,0,1,0,1,0,0,0,0,0,0,0,1,0,0,1
Kost Apik Foryou Tipe B Duren Sawit Jakarta Timur,Jakarta Timur,Duren Sawit,0.00,927500.00,4.80,8.00,19.00,Kos Putra,5.67,1,0,0,1,1,1,1,1,0,1,1,0,0,1,0,0,0,1,0,1,0,1,1,1,0,1,0,0,1
Kost Apik Foryou Tipe C Duren Sawit Jakarta Timur,Jakarta Timur,Duren Sawit,1.00,1165000.00,5.00,1.00,2.00,Kos Putra,9.00,1,1,0,1,0,1,1,1,0,1,0,0,0,1,0,0,0,1,0,1,0,1,0,1,1,1,0,0,1
Kost Apik GBU Houseroom Tipe A Kemayoran Jakarta Pusat,Jakarta Pusat,Kemayoran,0.00,1900000.00,4.80,19.00,39.00,Kos Campur,12.25,0,1,1,1,1,1,1,1,1,0,1,1,0,1,1,1,1,1,0,1,0,0,1,1,1,0,0,0,1
Kost Apik GBU Houseroom Tipe B Kemayoran Jakarta Pusat,Jakarta Pusat,Kemayoran,0.00,1650000.00,4.80,14.00,19.00,Kos Campur,9.00,0,1,1,1,1,1,1,1,1,0,1,1,0,1,0,1,1,1,0,1,0,0,1,1,1,1,0,0,1
Kost Apik GBU Houseroom Tipe C Kemayoran Jakarta Pusat,Jakarta Pusat,Kemayoran,1.00,1187500.00,4.60,45.00,76.00,Kos Campur,12.25,0,1,1,1,1,1,1,1,1,0,1,1,0,1,0,1,1,1,0,1,0,0,1,1,1,0,0,0,1
Kost Apik Golfi Tipe B Kebayoran Lama Jakarta Selatan,Jakarta Selatan,Kebayoran Lama,0.00,1405000.00,4.90,3.00,10.00,Kos Campur,8.50,0,1,1,1,0,1,0,0,0,0,1,1,0,1,0,1,0,1,1,1,1,0,0,0,1,0,0,0,1
Kost Apik Griya Bona Tipe B Pancoran Jakarta Selatan,Jakarta Selatan,Pancoran,0.00,1165000.00,4.80,4.00,10.00,Kos Campur,9.57,0,0,1,1,1,1,0,0,1,1,1,0,0,1,0,1,0,1,0,1,0,0,1,0,0,1,0,0,1
Kost Apik Gultom Tipe A Jatinegara Jakarta Timur,Jakarta Timur,Jatinegara,0.00,855000.00,4.40,1.00,10.00,Kos Campur,8.64,1,0,0,1,1,1,0,0,0,0,0,0,0,1,0,0,0,1,0,1,0,0,0,0,0,1,0,0,1
Kost Apik Gunung Sahari XI Tipe A Sawah Besar Jakarta Pusat,Jakarta Pusat,Sawah Besar,0.00,1212500.00,4.50,2.00,5.00,Kos Campur,14.00,1,1,0,1,1,1,0,0,0,1,0,0,0,1,1,0,0,1,1,1,0,0,0,0,1,0,0,0,1
Kost Apik Gunung Sahari XI Tipe B Sawah Besar Jakarta Pusat,Jakarta Pusat,Sawah Besar,0.00,875000.00,4.60,27.00,50.00,Kos Campur,6.25,1,0,0,1,1,1,0,0,0,1,0,0,0,1,1,0,0,1,1,1,0,0,0,0,0,1,0,1,1
Kost Apik H Norin Tipe A Cakung Jakarta Timur,Jakarta Timur,Cakung,0.00,1105000.00,0.00,0.00,4.00,Kos Campur,7.29,0,0,0,0,0,1,0,0,0,0,0,1,0,1,1,0,0,1,0,1,0,0,0,0,0,1,0,0,1
Kost Apik H Norin Tipe B Cakung Jakarta Timur,Jakarta Timur,Cakung,2.00,835000.00,0.00,0.00,2.00,Kos Campur,7.29,0,0,0,0,0,1,0,0,0,0,0,0,0,1,0,0,0,1,0,1,0,1,0,0,0,1,0,0,1
Kost Apik Harapan 18E Tipe B Jagakarsa Jakarta Selatan,Jakarta Selatan,Jagakarsa,0.00,725000.00,4.90,25.00,44.00,Kos Putra,4.40,1,0,0,1,1,1,0,0,0,1,1,0,0,1,1,0,0,1,0,1,0,1,0,1,0,1,0,0,1
Kost Apik Ibu Yati Tipe A Cilandak Jakarta Selatan,Jakarta Selatan,Cilandak,0.00,1022500.00,4.40,6.00,10.00,Kos Campur,7.50,0,1,0,1,0,1,0,0,0,0,0,0,0,0,0,0,0,1,0,0,0,1,0,0,0,0,0,0,1
Kost Apik Jasmine Tipe A Pancoran Jakarta Selatan,Jakarta Selatan,Pancoran,2.00,900000.00,4.60,18.00,29.00,Kos Putri,8.75,1,0,1,0,1,1,0,1,1,1,0,0,0,1,1,1,0,1,0,1,0,0,0,0,0,0,0,0,1
Kost Apik Kebon Kacang Tipe A Tanah Abang Jakarta Pusat,Jakarta Pusat,Tanah Abang,0.00,1475000.00,4.60,11.00,23.00,Kos Putri,8.96,1,0,0,0,1,1,0,1,1,1,1,0,1,1,1,0,0,1,1,1,1,1,0,1,0,1,0,0,1
Kost Apik Kebon Kacang Tipe B Tanah Abang Jakarta Pusat,Jakarta Pusat,Tanah Abang,0.00,1640000.00,4.80,15.00,34.00,Kos Putri,9.00,0,0,0,0,0,0,0,0,0,0,0,0,0,0,0,0,0,0,0,0,0,0,0,0,0,0,0,0,1
Kost Apik Kebon Kacang Tipe C Tanah Abang Jakarta Pusat,Jakarta Pusat,Tanah Abang,0.00,1865000.00,4.80,9.00,15.00,Kos Putri,13.50,0,1,0,0,0,1,0,1,1,1,1,1,1,1,1,0,0,1,1,1,1,0,0,1,0,1,0,0,1
Kost Apik Ketapang Bunga Tipe A Gajah Mada Jakarta Barat,Jakarta Barat,Kebon Jeruk,1.00,870500.00,4.90,35.00,55.00,Kos Campur,5.00,1,0,0,0,0,1,1,0,0,1,0,0,0,1,0,1,0,1,0,0,0,1,0,0,0,0,0,0,1
Kost Apik Ketapang Bunga Tipe B Gajah Mada Jakarta Barat,Jakarta Barat,Kebon Jeruk,0.00,805000.00,4.80,23.00,40.00,Kos Campur,3.20,1,0,0,0,0,1,1,0,0,1,0,0,0,1,0,1,0,1,0,0,0,1,0,0,0,0,0,0,1
Kost Apik Kingkit IV Tipe A Gambir Jakarta Pusat,Jakarta Pusat,Gambir,1.00,1975000.00,0.00,0.00,0.00,Kos Campur,8.64,1,0,1,1,1,1,0,1,1,1,1,1,0,1,1,0,0,1,1,0,1,0,0,1,0,1,0,0,1
Kost Apik Kingkit IV Tipe C Gambir Jakarta Pusat,Jakarta Pusat,Gambir,0.00,1725000.00,0.00,0.00,0.00,Kos Campur,5.50,1,0,1,1,1,1,0,1,1,1,1,0,0,1,1,0,0,1,1,0,1,1,0,1,0,1,0,0,1
Kost Apik Kramat Tipe A Johar Baru Jakarta Pusat,Jakarta Pusat,Johar Baru,1.00,1975000.00,4.60,4.00,13.00,Kos Campur,20.00,0,1,0,0,1,1,1,1,0,1,0,1,0,1,0,0,0,1,0,1,0,0,0,1,0,1,0,0,1
Kost Apik Kramat Tipe B Johar Baru Jakarta Pusat,Jakarta Pusat,Johar Baru,0.00,1690000.00,4.80,12.00,23.00,Kos Campur,9.00,0,1,0,0,1,1,1,1,0,1,0,1,0,1,0,0,0,1,0,1,0,0,0,1,0,1,0,0,1
Kost Apik Kramat Tipe C Johar Baru Jakarta Pusat,Jakarta Pusat,Johar Baru,3.00,1357500.00,4.80,35.00,57.00,Kos Campur,9.00,0,1,0,0,1,1,1,1,0,1,0,0,0,1,0,0,0,1,0,1,0,0,0,1,0,1,0,0,1
Kost Apik Kramat Tipe D Johar Baru Jakarta Pusat,Jakarta Pusat,Johar Baru,2.00,1025000.00,4.80,21.00,37.00,Kos Campur,9.00,0,0,0,0,1,1,1,1,0,1,0,0,0,1,0,0,0,1,0,1,0,0,0,1,0,1,0,0,1
Kost Apik Lia Tipe A Sawah Besar Jakarta Pusat,Jakarta Pusat,Jakarta,1.00,1045000.00,4.80,46.00,84.00,Kos Campur,9.00,1,0,0,1,1,1,1,1,1,0,0,0,0,1,0,1,0,1,0,1,0,1,0,1,1,1,0,1,1
Kost Apik Lia Tipe B Sawah Besar Jakarta Pusat,Jakarta Pusat,Jakarta,2.00,1140000.00,4.60,42.00,65.00,Kos Campur,12.00,1,0,0,1,1,1,1,1,1,0,0,0,0,1,0,1,0,1,0,1,0,1,0,1,1,1,0,1,1
Kost Apik Lia Tipe C Sawah Besar Jakarta Pusat,Jakarta Pusat,Jakarta,0.00,1710000.00,4.50,12.00,22.00,Kos Campur,9.00,1,1,0,1,1,1,1,1,1,0,0,1,0,1,0,1,0,1,0,1,0,0,0,1,1,1,0,1,1
Kost Apik Lia Tipe D Sawah Besar Jakarta Pusat,Jakarta Pusat,Jakarta,2.00,902500.00,4.60,20.00,35.00,Kos Campur,9.00,1,0,0,1,0,1,1,1,1,0,0,0,0,1,0,1,0,1,0,1,0,1,0,1,1,1,0,1,1
Kost Apik Lia Tipe E Sawah Besar Jakarta Pusat,Jakarta Pusat,Jakarta,0.00,1757500.00,4.60,19.00,35.00,Kos Campur,12.00,1,1,0,1,1,1,1,1,1,0,0,1,0,1,0,1,0,1,0,1,0,0,0,1,1,1,0,1,1
Kost Apik Lily Tipe B Tebet Jakarta Selatan,Jakarta Selatan,Tebet,0.00,1307500.00,4.80,4.00,8.00,Kos Putri,6.72,0,0,1,0,1,1,1,0,1,0,0,0,0,1,1,0,0,1,0,1,0,0,0,0,0,0,0,0,1
Kost Apik Lukman Syariah Tipe B Pasar Minggu Jakarta Selatan,Jakarta Selatan,Pasar Minggu,1.00,925000.00,4.90,6.00,12.00,Kos Putra,10.50,1,0,0,0,0,1,0,1,0,1,1,0,0,1,0,0,0,1,0,1,0,1,1,1,0,1,0,0,1
Kost Apik Madani Tipe B Pulo Gadung Jakarta Timur,Jakarta Timur,Pulo Gadung,0.00,855000.00,5.00,5.00,13.00,Kos Putri,6.75,0,0,0,1,1,1,0,1,0,1,0,0,0,1,1,1,0,1,0,0,0,0,0,1,0,1,0,0,1
Kost Apik Muara Tipe A Jatinegara Jakarta Timur,Jakarta Timur,Jatinegara,0.00,1355000.00,4.50,3.00,6.00,Kos Campur,5.95,0,1,1,1,1,1,0,1,0,1,0,1,0,1,1,0,0,1,0,1,0,0,0,1,0,0,0,0,1
Kost Apik Muara Tipe A Jatinegara Jakarta Timur,Jakarta Timur,Jatinegara,0.00,1355000.00,4.50,3.00,6.00,Kos Campur,5.95,0,1,1,1,1,1,0,1,0,1,0,1,0,1,1,0,0,1,0,1,0,0,0,1,0,0,0,0,1
Kost Apik Muara Tipe A Jatinegara Jakarta Timur,Jakarta Timur,Jatinegara,0.00,1355000.00,4.50,3.00,6.00,Kos Campur,5.95,0,1,1,1,1,1,0,1,0,1,0,1,0,1,1,0,0,1,0,1,0,0,0,1,0,0,0,0,1
Kost Apik Muara Tipe A Jatinegara Jakarta Timur,Jakarta Timur,Jatinegara,0.00,1355000.00,4.50,3.00,6.00,Kos Campur,5.95,0,1,1,1,1,1,0,1,0,1,0,1,0,1,1,0,0,1,0,1,0,0,0,1,0,0,0,0,1
Kost Apik Mustika Tipe A Pulo Gadung Jakarta Timur,Jakarta Timur,Pulo Gadung,0.00,1165000.00,3.50,1.00,4.00,Kos Campur,8.75,0,1,0,0,1,1,0,0,0,1,0,0,0,1,1,0,0,1,0,0,0,0,0,1,0,1,0,0,1
Kost Apik Mustika Tipe B Pulo Gadung Jakarta Timur,Jakarta Timur,Pulo Gadung,1.00,975000.00,4.90,3.00,15.00,Kos Campur,8.75,0,1,0,0,1,1,0,0,0,1,0,0,0,1,1,0,0,1,0,0,0,0,0,1,0,1,0,0,1
Kost Apik Nabila Tipe A Cempaka Putih Jakarta Pusat,Jakarta Pusat,Cempaka Putih,1.00,1625000.00,0.00,0.00,2.00,Kos Putri,10.24,0,1,0,1,1,1,0,1,0,1,0,1,0,1,0,0,0,1,0,0,0,0,0,0,0,0,0,0,1
Kost Apik Nabila Tipe B Cempaka Putih Jakarta Pusat,Jakarta Pusat,Cempaka Putih,1.00,1125000.00,4.90,3.00,7.00,Kos Putri,10.24,0,1,0,1,1,1,0,1,0,1,0,0,0,1,0,0,0,1,0,0,0,0,0,0,0,0,0,0,0
Kost Apik Nabila Tipe C Cempaka Putih Jakarta Pusat,Jakarta Pusat,Cempaka Putih,0.00,825000.00,5.00,4.00,6.00,Kos Putri,6.00,0,1,0,1,1,1,0,1,0,1,0,0,0,1,0,0,0,1,0,0,0,0,0,0,0,0,0,0,0
Kost Apik Nuansa 2 Tanjung Duren Tipe A Grogol Petamburan Jakarta Barat,Jakarta Barat,Grogol Petamburan,1.00,991000.00,4.90,18.00,27.00,Kos Campur,4.86,0,0,1,0,1,1,0,1,1,0,1,0,0,1,0,0,0,1,0,0,0,0,1,1,0,1,0,0,1
Kost Apik Nuansa 2 Tanjung Duren Tipe B Grogol Petamburan Jakarta Barat,Jakarta Barat,Grogol Petamburan,2.00,1425000.00,4.60,6.00,8.00,Kos Campur,11.00,0,0,1,0,0,1,0,1,1,0,1,1,0,1,1,0,0,1,0,0,0,0,1,1,0,1,0,0,1
Kost Apik Pengantin Ali Tipe A Ciracas Jakarta Timur,Jakarta Timur,Ciracas,0.00,1165000.00,5.00,1.00,3.00,Kos Putri,11.47,1,0,1,1,1,1,0,0,0,1,0,1,0,1,0,0,0,1,0,0,0,0,1,1,0,1,0,0,1
Kost Apik Pondok Jaya VIII Tipe C Mampang Prapatan Jakarta Selatan,Jakarta Selatan,Mampang Prapatan,1.00,1325000.00,4.40,16.00,27.00,Kos Putra,5.10,1,0,1,1,1,1,1,1,0,1,1,0,1,1,1,1,0,1,1,1,1,1,1,0,1,1,0,0,1
Kost Apik Pondok Madani Tipe A Johar Baru Jakarta Pusat,Jakarta Pusat,Johar Baru,0.00,1212500.00,4.60,24.00,59.00,Kos Campur,5.67,0,0,0,1,1,1,0,0,0,0,0,1,0,1,1,0,0,1,0,0,0,0,0,0,0,1,0,0,1
Kost Apik Pondok Sagre Kepu Tipe A Senen Jakarta Pusat,Jakarta Pusat,Senen,0.00,1203000.00,4.80,9.00,12.00,Kos Campur,8.00,0,0,0,1,1,1,1,0,0,1,0,1,0,1,0,1,0,1,0,1,0,0,0,0,0,0,0,0,1
Kost Apik Pondok Sagre Kepu Tipe B Senen Jakarta Pusat,Jakarta Pusat,Senen,0.00,1298000.00,4.90,6.00,10.00,Kos Campur,8.00,0,0,0,1,1,1,1,0,0,1,0,1,0,1,0,1,0,1,0,1,0,0,0,0,0,0,0,0,1
Kost Apik Pondok Sagre Kepu Tipe C Senen Jakarta Pusat,Jakarta Pusat,Senen,0.00,1535500.00,4.80,50.00,95.00,Kos Campur,8.00,0,0,0,1,1,1,1,0,0,1,0,1,0,1,0,1,0,1,0,1,0,0,0,0,0,0,0,0,1
Kost Apik Pondok Sagre Kepu Tipe D Senen Jakarta Pusat,Jakarta Pusat,Senen,0.00,1583000.00,4.80,16.00,25.00,Kos Campur,8.00,0,0,0,1,1,1,0,0,0,1,0,1,0,1,0,1,0,1,0,1,0,0,0,0,0,0,0,0,1
Kost Apik Prospera Living Tipe A Senen Jakarta Pusat,Jakarta Pusat,Senen,0.00,1733100.00,0.00,0.00,0.00,Kos Campur,16.20,0,0,1,1,0,1,0,0,1,1,1,1,0,1,0,0,0,1,0,0,0,0,1,0,0,1,0,0,1
Kost Apik Prospera Living Tipe B Senen Jakarta Pusat,Jakarta Pusat,Senen,0.00,1323000.00,0.00,0.00,7.00,Kos Campur,8.64,0,0,1,1,0,1,0,0,1,1,1,1,0,0,0,0,0,1,0,0,0,0,1,0,0,1,0,0,1
Kost Apik Prospera Living Tipe C Senen Jakarta Pusat,Jakarta Pusat,Senen,1.00,923000.00,0.00,0.00,1.00,Kos Campur,8.64,0,0,1,1,0,1,0,0,1,1,1,0,0,1,0,0,0,1,0,0,0,0,1,0,0,1,0,0,1
Kost Apik Protein Otista Tipe A Jatinegara Jakarta Timur,Jakarta Timur,Jatinegara,0.00,1355000.00,4.40,3.00,3.00,Kos Putri,7.00,1,1,0,1,1,1,0,1,0,1,0,1,1,1,0,1,0,1,1,1,1,0,0,1,0,1,0,0,1
Kost Apik Protein Otista Tipe B Jatinegara Jakarta Timur,Jakarta Timur,Jatinegara,0.00,927500.00,4.80,39.00,53.00,Kos Putri,5.00,1,1,0,1,1,1,0,1,0,1,0,0,1,1,0,1,0,1,1,1,1,0,0,1,0,0,0,0,1
Kost Apik Puri Rinda Tipe A Jagakarsa Jakarta Selatan,Jakarta Selatan,Jagakarsa,0.00,2685000.00,5.00,3.00,5.00,Kos Putri,10.50,1,1,1,1,0,1,1,0,0,0,1,1,1,1,1,1,1,1,0,1,1,0,1,1,1,0,0,0,1
Kost Apik Puri Rinda Tipe B Jagakarsa Jakarta Selatan,Jakarta Selatan,Jagakarsa,0.00,1830000.00,4.90,4.00,12.00,Kos Putri,9.00,1,0,1,1,1,1,1,0,0,0,1,1,1,1,1,1,1,1,0,1,1,0,1,1,1,0,0,0,1
Kost Apik Puri Rinda Tipe C Jagakarsa Jakarta Selatan,Jakarta Selatan,Jagakarsa,1.00,1735000.00,5.00,5.00,8.00,Kos Putri,9.00,1,0,1,1,1,1,1,0,0,0,1,1,1,1,1,1,1,1,0,1,1,0,1,1,1,0,0,0,1
Kost Apik R & R Condet Tipe A Pasar Rebo Jakarta Timur,Jakarta Timur,Pasar Rebo,1.00,1117500.00,0.00,0.00,1.00,Kos Campur,6.00,0,0,0,1,1,1,0,1,0,1,0,1,0,1,0,0,0,1,1,1,0,0,0,1,0,1,0,0,1
Kost Apik R & R Condet Tipe B Pasar Rebo Jakarta Timur,Jakarta Timur,Pasar Rebo,0.00,1022500.00,4.60,18.00,28.00,Kos Campur,9.00,0,1,0,1,1,1,0,1,0,1,0,1,0,1,1,0,0,1,1,1,0,0,0,1,0,1,0,0,1
Kost Apik R & R Condet Tipe C Pasar Rebo Jakarta Timur,Jakarta Timur,Pasar Rebo,0.00,880000.00,4.60,21.00,27.00,Kos Campur,5.60,0,0,0,1,1,1,0,1,0,1,0,1,0,1,0,0,0,1,1,1,0,0,0,1,0,1,0,0,1
Kost Apik R Sari Tipe A Cempaka Putih Jakarta Pusat,Jakarta Pusat,Cempaka Putih,0.00,807500.00,4.50,1.00,14.00,Kos Campur,4.25,1,0,0,1,1,1,0,0,0,1,0,0,0,1,0,0,0,1,0,0,0,0,0,0,0,1,0,0,1
Kost Apik R Sari Tipe B Cempaka Putih Jakarta Pusat,Jakarta Pusat,Cempaka Putih,3.00,712500.00,4.60,5.00,31.00,Kos Campur,4.25,1,0,0,1,1,1,0,0,0,1,0,0,0,1,0,0,0,1,0,0,0,0,0,0,0,1,0,0,1
Kost Apik Rawamangun 23A Tipe A Pulo Gadung Jakarta Timur,Jakarta Timur,Pulo Gadung,1.00,1225000.00,5.00,3.00,11.00,Kos Putri,13.26,0,1,0,1,0,1,0,0,1,1,1,0,0,0,0,0,0,1,0,1,0,0,0,0,0,1,0,0,0
Kost Apik Rawamangun 23A Tipe C Pulo Gadung Jakarta Timur,Jakarta Timur,Pulo Gadung,0.00,925000.00,4.50,3.00,7.00,Kos Putri,9.00,0,0,0,1,0,1,0,0,1,1,1,0,0,0,0,0,0,1,0,1,0,0,0,0,0,0,0,1,0
Kost Apik Rawasari 29 Tipe A Cempaka Putih Jakarta Pusat,Jakarta Pusat,Cempaka Putih,0.00,1275000.00,4.40,10.00,30.00,Kos Campur,8.68,0,1,0,0,0,1,0,0,0,0,0,0,0,1,0,0,0,1,0,0,0,0,0,1,0,1,0,0,1
Kost Apik Rayan Tipe A Cilandak Jakarta Selatan,Jakarta Selatan,Cilandak,0.00,1200000.00,4.50,7.00,15.00,Kos Campur,12.25,1,1,0,1,1,1,0,1,0,0,1,0,0,1,1,0,0,1,0,0,0,0,0,0,0,1,0,0,0
Kost Apik Restu Ibu Lenteng Agung Tipe E Jagakarsa Jakarta Selatan,Jakarta Selatan,Jagakarsa,2.00,700000.00,4.90,33.00,63.00,Kos Putri,7.84,1,0,0,1,1,1,1,1,1,0,1,0,1,1,0,1,0,1,0,1,0,0,1,0,0,1,0,0,1
Kost Apik Sakura 9 Tipe A Cengkareng Jakarta Barat,Jakarta Barat,Cengkareng,0.00,1155000.00,4.80,47.00,71.00,Kos Campur,9.00,0,1,1,1,1,1,0,1,0,1,0,0,0,1,0,0,0,1,1,1,0,1,0,0,0,1,0,0,0
Kost Apik Seroja 1 Tipe A Cengkareng Jakarta Barat,Jakarta Barat,Cengkareng,0.00,761000.00,4.80,8.00,12.00,Kos Campur,6.00,1,0,0,0,1,1,1,0,0,0,0,0,0,1,0,0,0,1,0,0,0,0,0,0,0,1,0,0,1
Kost Apik Seroja 1 Tipe B Cengkareng Jakarta Barat,Jakarta Barat,Cengkareng,2.00,738000.00,4.60,13.00,25.00,Kos Campur,4.00,1,0,0,0,1,1,1,0,0,0,0,0,0,1,0,0,0,1,0,0,0,0,0,0,0,1,0,0,1
Kost Apik Shafira Tipe A Kemayoran Jakarta Pusat,Jakarta Pusat,Kemayoran,0.00,1625000.00,4.60,10.00,26.00,Kos Putri,15.75,0,1,0,1,0,1,0,1,1,1,0,1,0,0,0,1,0,1,0,0,0,0,0,0,0,0,0,0,1
Kost Apik Shafira Tipe B Kemayoran Jakarta Pusat,Jakarta Pusat,Kemayoran,1.00,1425000.00,4.90,3.00,5.00,Kos Putri,15.75,0,1,0,1,0,1,0,1,1,1,0,0,0,0,0,1,0,1,0,0,0,0,0,0,0,0,0,0,0
Kost Apik Sulthan Tipe A Cilandak Jakarta Selatan,Jakarta Selatan,Cilandak,0.00,1425000.00,4.90,3.00,5.00,Kos Putri,18.00,1,1,0,1,1,1,0,1,1,1,1,0,0,1,1,0,0,1,0,0,0,0,0,1,1,1,0,0,0
Kost Apik Sulthan Tipe B Cilandak Jakarta Selatan,Jakarta Selatan,Cilandak,0.00,1315000.00,0.00,0.00,2.00,Kos Putri,10.50,1,1,0,1,1,1,0,1,1,1,1,0,0,1,1,0,0,1,0,0,0,0,0,1,0,1,0,0,0
Kost Apik Sulthan Tipe C Cilandak Jakarta Selatan,Jakarta Selatan,Cilandak,0.00,1225000.00,4.80,7.00,17.00,Kos Putri,9.00,1,1,0,1,1,1,0,1,1,1,1,0,0,1,0,0,0,1,0,0,0,0,0,1,0,1,0,0,0
Kost Apik Syarifa Tipe A Cempaka Putih Jakarta Pusat,Jakarta Pusat,Cempaka Putih,0.00,2125000.00,5.00,4.00,7.00,Kos Putri,11.84,0,1,1,1,1,1,0,0,0,1,1,1,0,1,1,1,0,1,0,0,0,0,0,0,1,0,0,0,1
Kost Apik Syarifa Tipe B Cempaka Putih Jakarta Pusat,Jakarta Pusat,Cempaka Putih,0.00,2025000.00,4.90,2.00,4.00,Kos Putri,9.60,0,1,1,1,1,1,0,0,0,1,1,1,0,1,1,1,0,1,0,0,0,0,0,0,1,0,0,0,1
Kost Apik Syarifa Tipe C Cempaka Putih Jakarta Pusat,Jakarta Pusat,Cempaka Putih,2.00,1451000.00,5.00,6.00,7.00,Kos Putri,10.24,0,0,0,1,0,1,0,0,0,1,0,1,0,0,0,0,0,1,0,0,0,0,0,0,0,0,0,0,1
Kost Apik Thunder 2 Meruya Tipe A Kembangan Jakarta Barat,Jakarta Barat,Kembangan,1.00,1275000.00,4.80,2.00,4.00,Kos Putri,7.13,0,0,1,1,1,1,0,1,0,1,1,1,1,1,0,1,0,1,1,1,0,0,1,1,0,1,0,0,1
Kost Apik Tiga Nur Tipe B Senen Jakarta Pusat,Jakarta Pusat,Senen,1.00,1825000.00,4.60,14.00,33.00,Kos Campur,12.00,1,1,1,1,1,1,0,1,0,0,1,1,0,1,0,0,0,1,0,0,0,0,1,0,0,0,0,1,1
Kost Apik Tiga Nur Tipe C Senen Jakarta Pusat,Jakarta Pusat,Senen,0.00,1405000.00,4.80,29.00,55.00,Kos Campur,9.00,1,1,0,1,1,1,0,1,0,0,1,0,0,1,0,0,0,1,0,0,0,0,1,0,0,0,0,0,1
Kost Apik Utan Kayu 3 Tipe A Matraman Jakarta Timur,Jakarta Timur,Matraman,1.00,1273000.00,4.80,15.00,24.00,Kos Campur,7.50,0,0,1,1,1,1,1,0,1,1,1,1,0,1,0,1,0,1,0,0,0,0,1,0,0,1,0,0,1
Kost Apik Utan Kayu 3 Tipe B Matraman Jakarta Timur,Jakarta Timur,Matraman,0.00,1085160.00,4.60,16.00,23.00,Kos Campur,7.50,0,0,1,1,1,1,1,0,1,1,1,1,0,1,0,1,0,1,0,0,0,1,1,0,0,1,0,0,1
Kost Apik Utan Kayu 3 Tipe C Matraman Jakarta Timur,Jakarta Timur,Matraman,3.00,974000.00,4.40,16.00,19.00,Kos Campur,6.25,0,0,1,1,1,1,1,0,1,1,0,0,0,1,0,1,0,1,0,0,0,0,1,0,0,1,0,0,1
Kost Apik Utan Kayu 3 Tipe D Matraman Jakarta Timur,Jakarta Timur,Matraman,1.00,674000.00,4.10,6.00,6.00,Kos Campur,6.25,0,0,1,1,0,1,1,0,1,1,0,0,0,0,0,1,0,1,0,0,0,0,1,0,0,0,0,0,1
Kost Apik Vender Barus Tipe A Kembangan Jakarta Barat,Jakarta Barat,Kembangan,0.00,950000.00,4.80,22.00,45.00,Kos Campur,10.50,0,1,0,0,1,1,0,1,0,0,0,0,0,1,0,0,0,1,0,0,0,0,0,1,0,0,0,0,0
Kost Apik Wisnar Delima III Tipe A Duren Sawit Jakarta Timur,Jakarta Timur,Duren Sawit,0.00,855000.00,4.80,4.00,14.00,Kos Putra,7.50,1,0,0,0,1,1,0,0,1,1,1,0,0,1,1,0,0,1,1,1,0,1,0,0,0,1,0,0,1
Kost Apik Wisnar Delima III Tipe B Duren Sawit Jakarta Timur,Jakarta Timur,Duren Sawit,3.00,1217900.00,5.00,1.00,1.00,Kos Putra,8.00,0,0,1,0,1,1,0,0,1,1,1,1,0,1,1,0,0,1,1,1,0,0,0,0,0,1,0,0,1
Kost Apik Wisnar Delima III Tipe C Duren Sawit Jakarta Timur,Jakarta Timur,Duren Sawit,1.00,1220840.00,4.40,1.00,1.00,Kos Putra,8.00,0,1,0,0,1,1,0,0,1,1,1,1,0,1,1,0,0,1,1,1,0,0,0,0,0,1,0,0,1
Kost Apple Tipe A Grogol Petamburan Jakarta Barat,Jakarta Barat,Grogol Petamburan,0.00,1300000.00,0.00,0.00,0.00,Kos Campur,9.00,0,0,1,1,1,1,0,1,1,1,1,1,0,0,0,1,1,1,0,1,0,0,1,0,1,0,1,0,0
Kost Aras Lodge Standard Kelapa Gading Jakarta Utara,Jakarta Utara,Kelapa Gading,0.00,1850000.00,0.00,0.00,0.00,Kos Campur,9.00,0,1,1,1,1,1,1,1,1,1,1,1,0,1,1,1,0,1,1,1,0,0,0,1,0,0,0,0,1
Kost Arcahome Tipe A Grogol Petamburan Jakarta Barat,Jakarta Barat,Grogol Petamburan,2.00,2000000.00,0.00,0.00,3.00,Kos Putri,9.00,0,1,1,1,1,1,0,1,1,0,1,1,0,1,1,1,1,1,1,1,0,0,1,1,0,0,0,0,1
Kost Armande Moncokerto 13 Matraman Jakarta Timur,Jakarta Timur,Matraman,0.00,2100000.00,0.00,0.00,0.00,Kos Campur,21.00,0,1,0,1,1,1,0,1,0,1,0,0,0,0,0,1,0,0,0,1,0,0,0,0,1,0,0,0,1
Kost Armijo Tipe B Plus Pulo Gadung Jakarta Timur,Jakarta Timur,Pulo Gadung,1.00,2480000.00,0.00,0.00,1.00,Kos Putri,12.00,0,1,1,1,1,1,0,1,1,1,1,1,0,1,0,1,1,1,1,1,0,0,1,1,1,0,1,0,1
Kost Ashera Citraland Tipe B Grogol Petamburan Jakarta Barat,Jakarta Barat,Grogol Petamburan,1.00,1750000.00,0.00,0.00,0.00,Kos Campur,7.50,0,0,1,1,0,1,1,1,1,1,1,1,0,1,0,1,0,1,1,1,1,0,1,1,1,0,0,0,1
Kost Asya Tipe A Kelapa Gading Jakarta Utara,Jakarta Utara,Kelapa Gading,1.00,1550000.00,5.00,3.00,7.00,Kos Campur,6.00,0,0,0,1,0,1,0,1,1,1,1,1,0,1,1,1,1,0,1,1,1,0,1,0,0,0,0,0,0
Kost Asya Tipe B Kelapa Gading Jakarta Utara,Jakarta Utara,Kelapa Gading,2.00,1650000.00,0.00,0.00,6.00,Kos Campur,9.00,0,0,0,1,0,1,0,1,1,1,1,1,0,1,1,1,1,1,1,1,1,0,1,0,0,0,0,0,1
Kost Ava Guest Ancol Pademangan Jakarta Utara,Jakarta Utara,Pademangan,3.00,1300000.00,0.00,0.00,0.00,Kos Campur,9.00,0,1,1,1,1,1,1,0,1,0,0,1,1,1,1,1,1,1,0,0,1,0,0,0,1,0,0,0,0
Kost B Tipe A Kebon Jeruk Jakarta Barat,Jakarta Barat,Kebon Jeruk,1.00,1500000.00,4.10,2.00,19.00,Kos Campur,12.00,0,0,1,1,0,1,1,1,1,0,1,1,1,0,0,1,0,1,1,1,1,0,1,0,1,0,0,0,0
Kost Bandengan Tipe A Penjaringan Jakarta Utara,Jakarta Utara,Penjaringan,0.00,750000.00,0.00,0.00,1.00,Kos Campur,6.00,0,0,0,0,0,1,0,0,1,1,0,0,0,1,0,0,0,1,0,0,0,0,0,0,0,1,0,0,0
Kost Barata AC Syariah Koja Jakarta Utara,Jakarta Utara,Koja,1.00,1300000.00,0.00,0.00,0.00,Kos Putra,12.00,0,0,1,1,1,1,1,1,0,1,1,1,0,1,1,1,0,1,1,1,0,0,1,1,0,1,0,0,0
Kost Barata Kipas Syariah Koja Jakarta Utara,Jakarta Utara,Koja,1.00,900000.00,0.00,0.00,0.00,Kos Putra,12.00,0,0,1,1,1,1,1,1,0,1,1,0,0,1,1,1,0,1,1,1,0,1,0,1,0,1,0,0,0
Kost Baru Tipe A Tanjung Priok Jakarta Utara,Jakarta Utara,Tanjung Priok,2.00,1650000.00,0.00,0.00,0.00,Kos Campur,7.00,0,1,1,1,0,1,1,1,0,0,1,1,0,0,1,1,0,1,0,0,0,0,1,0,1,0,0,0,1
Kost Bawal Asri Tipe B Pulo Gadung Jakarta Timur,Jakarta Timur,Pulo Gadung,0.00,1500000.00,0.00,0.00,1.00,Kos Putri,3.00,1,0,1,1,0,1,0,1,1,1,1,1,0,1,1,1,1,1,1,1,0,0,1,1,1,1,0,0,0
Kost Bertus 39 Tipe AC Pulo Gadung Jakarta Timur,Jakarta Timur,Pulo Gadung,3.00,1350000.00,4.90,72.00,97.00,Kos Campur,16.00,0,1,0,1,1,1,0,1,1,1,1,0,0,1,0,0,0,1,0,0,1,1,1,1,1,1,0,0,0
Kost Bina Berkat 1 Tipe A Tanjung Priok Jakarta Utara,Jakarta Utara,Tanjung Priok,0.00,2000000.00,0.00,0.00,5.00,Kos Campur,12.00,0,1,1,1,1,1,0,1,1,1,1,1,0,1,0,1,1,1,1,1,0,0,1,1,0,1,1,0,0
Kost Binus Abdi Syahdan Residence Tipe C Palmerah Jakarta Barat,Jakarta Barat,Palmerah,1.00,1980000.00,5.00,6.00,30.00,Kos Campur,6.00,0,1,1,1,0,1,0,1,1,1,1,1,0,1,1,1,1,1,1,1,1,0,1,1,1,0,0,0,1
Kost Binus Kebon Jeruk Jakarta Barat,Jakarta Barat,Kebon Jeruk,2.00,2499000.00,0.00,0.00,0.00,Kos Campur,12.00,0,1,1,1,1,1,1,0,1,1,1,1,1,1,0,1,1,1,1,1,1,0,0,0,0,0,1,0,0
Kost Bisma Duren Sawit Jakarta Timur,Jakarta Timur,Duren Sawit,1.00,1500000.00,0.00,0.00,0.00,Kos Putri,9.00,0,1,1,0,0,0,0,1,0,1,1,1,0,1,1,1,0,1,1,1,0,0,0,1,0,1,0,0,0
Kost Bless House Tipe Executive Duren Sawit Jakarta Timur,Jakarta Timur,Duren Sawit,1.00,1800000.00,0.00,0.00,1.00,Kos Putri,8.75,0,0,1,1,1,1,1,1,0,1,1,1,0,1,0,1,0,1,1,1,0,0,1,0,1,0,0,0,0
Kost Bu Andi Kramatjati Jakarta Timur,Jakarta Timur,Kramat Jati,1.00,1500000.00,0.00,0.00,0.00,Kos Putri,5.40,0,0,1,1,1,1,0,0,1,1,1,1,0,1,1,1,0,1,1,1,0,0,0,1,0,0,0,0,1
Kost Bu Elis Kelapa Gading Jakarta Utara,Jakarta Utara,Kelapa Gading,3.00,2300000.00,0.00,0.00,5.00,Kos Putri,9.00,1,1,1,0,0,0,0,0,1,1,1,1,0,0,0,1,1,1,0,0,0,0,1,0,1,0,0,0,1
Kost Bu Nova Kramatjati Jakarta Timur,Jakarta Timur,Kramat Jati,2.00,1350000.00,0.00,0.00,1.00,Kos Campur,15.68,0,1,0,1,1,1,0,1,0,1,0,0,0,0,0,0,1,0,0,1,0,0,0,0,1,1,0,0,1
Kost Bu Nova Kramatjati Jakarta Timur,Jakarta Timur,Kramat Jati,2.00,1350000.00,0.00,0.00,1.00,Kos Campur,15.68,0,1,0,1,1,1,0,1,0,1,0,0,0,0,0,0,1,0,0,1,0,0,0,0,1,1,0,0,1
Kost Bu Nova Kramatjati Jakarta Timur,Jakarta Timur,Kramat Jati,2.00,1350000.00,0.00,0.00,1.00,Kos Campur,15.68,0,1,0,1,1,1,0,1,0,1,0,0,0,0,0,0,1,0,0,1,0,0,0,0,1,1,0,0,1
Kost Bulak Raya Tipe A Duren Sawit Jakarta Timur,Jakarta Timur,Duren Sawit,1.00,1200000.00,4.90,3.00,0.00,Kos Putra,9.00,0,0,1,1,1,1,0,0,1,1,0,1,0,1,0,1,0,0,1,1,1,1,1,0,0,1,0,0,0
Kost Bulak Raya Tipe A Duren Sawit Jakarta Timur,Jakarta Timur,Duren Sawit,1.00,1200000.00,4.90,3.00,0.00,Kos Putra,9.00,0,0,1,1,1,1,0,0,1,1,0,1,0,1,0,1,0,0,1,1,1,1,1,0,0,1,0,0,0
Kost Bulak Raya Tipe A Duren Sawit Jakarta Timur,Jakarta Timur,Duren Sawit,1.00,1200000.00,4.90,3.00,0.00,Kos Putra,9.00,0,0,1,1,1,1,0,0,1,1,0,1,0,1,0,1,0,0,1,1,1,1,1,0,0,1,0,0,0
Kost Bulak Raya Tipe A Duren Sawit Jakarta Timur,Jakarta Timur,Duren Sawit,1.00,1200000.00,4.90,3.00,0.00,Kos Putra,9.00,0,0,1,1,1,1,0,0,1,1,0,1,0,1,0,1,0,0,1,1,1,1,1,0,0,1,0,0,0
Kost Bulak Raya Tipe A Duren Sawit Jakarta Timur,Jakarta Timur,Duren Sawit,1.00,1200000.00,4.90,3.00,0.00,Kos Putra,9.00,0,0,1,1,1,1,0,0,1,1,0,1,0,1,0,1,0,0,1,1,1,1,1,0,0,1,0,0,0
Kost Bun&Bun Tipe Reguler Kelapa Gading Jakarta Utara,Jakarta Utara,Kelapa Gading,0.00,1950000.00,0.00,0.00,0.00,Kos Campur,9.00,0,1,1,1,1,1,1,1,0,1,1,1,0,1,0,1,0,1,1,1,1,0,1,0,0,0,0,0,1
Kost Burgundy 2 VIP Palmerah Jakarta Barat,Jakarta Barat,Palmerah,2.00,2599999.00,5.00,1.00,9.00,Kos Campur,10.50,0,1,1,1,1,1,0,1,1,1,1,1,1,1,0,1,1,1,1,0,1,0,0,0,1,1,1,0,0
Kost Cabin By Don Juan Cakung Jakarta Timur,Jakarta Timur,Cakung,2.00,1399000.00,5.00,4.00,5.00,Kos Campur,9.00,1,1,1,1,1,1,0,1,1,1,1,1,1,1,1,1,0,1,1,1,0,0,0,0,0,0,0,0,0
Kost Cahtrin Juliana Tipe A Kelapa Gading Jakarta Utara,Jakarta Utara,Kelapa Gading,3.00,1800000.00,0.00,0.00,0.00,Kos Campur,6.00,1,1,1,1,0,1,0,1,1,1,1,1,0,1,0,1,0,1,1,1,1,1,1,0,1,1,1,0,0
Kost Cajuputi Kamar C101 Sawah Besar Jakarta Pusat,Jakarta Pusat,Sawah Besar,1.00,1500000.00,0.00,0.00,0.00,Kos Campur,5.52,1,1,1,0,0,1,0,0,0,0,1,0,0,1,1,1,0,1,1,1,0,0,0,0,1,0,0,0,1
Kost Cajuputi Kamar C102 Sawah Besar Jakarta Pusat,Jakarta Pusat,Sawah Besar,1.00,1500000.00,0.00,0.00,0.00,Kos Campur,5.52,1,1,1,0,0,1,0,0,0,0,1,0,0,1,1,1,0,1,1,1,0,0,0,1,1,0,0,0,1
Kost Cajuputi Tipe B202 Sawah Besar Jakarta Pusat,Jakarta Pusat,Sawah Besar,1.00,2200000.00,0.00,0.00,0.00,Kos Campur,9.00,1,0,1,0,0,1,0,0,0,0,1,1,0,1,1,1,0,1,1,1,0,0,1,1,1,0,0,0,1
Kost Casa De Luna Tipe B Kelapa Gading Jakarta Utara,Jakarta Utara,Kelapa Gading,2.00,2000000.00,0.00,0.00,0.00,Kos Campur,7.50,0,1,1,1,1,1,0,1,1,1,1,1,0,1,1,1,1,1,1,1,0,0,1,1,0,0,1,0,1
Kost Casa De Shira 1 Tipe A Pulo Gadung Jakarta Timur,Jakarta Timur,Pulo Gadung,0.00,2250000.00,0.00,0.00,0.00,Kos Putri,12.00,0,1,1,1,1,1,0,1,1,1,1,1,0,1,1,1,0,1,1,1,0,0,0,1,0,0,0,0,1
Kost Casa De Shira 1 Tipe A Pulo Gadung Jakarta Timur,Jakarta Timur,Pulo Gadung,0.00,2250000.00,0.00,0.00,0.00,Kos Putri,12.00,0,1,1,1,1,1,0,1,1,1,1,1,0,1,1,1,0,1,1,1,0,0,0,1,0,0,0,0,1
Kost Casa De Shira 1 Tipe A Pulo Gadung Jakarta Timur,Jakarta Timur,Pulo Gadung,0.00,2250000.00,0.00,0.00,0.00,Kos Putri,12.00,0,1,1,1,1,1,0,1,1,1,1,1,0,1,1,1,0,1,1,1,0,0,0,1,0,0,0,0,1
Kost Casa De Shira 1 Tipe A Pulo Gadung Jakarta Timur,Jakarta Timur,Pulo Gadung,0.00,2250000.00,0.00,0.00,0.00,Kos Putri,12.00,0,1,1,1,1,1,0,1,1,1,1,1,0,1,1,1,0,1,1,1,0,0,0,1,0,0,0,0,1
Kost Casa De Shira 1 Tipe A Pulo Gadung Jakarta Timur,Jakarta Timur,Pulo Gadung,0.00,2250000.00,0.00,0.00,0.00,Kos Putri,12.00,0,1,1,1,1,1,0,1,1,1,1,1,0,1,1,1,0,1,1,1,0,0,0,1,0,0,0,0,1
Kost Casa Standart Pasar Rebo Jakarta Timur,Jakarta Timur,Pasar Rebo,1.00,1750000.00,0.00,0.00,0.00,Kos Putri,12.00,0,1,1,1,1,1,0,1,1,1,1,1,0,1,1,1,0,1,1,1,1,0,1,1,0,0,0,0,1
Kost Cemara21A Menteng Near Gondangdia Station Jakarta Pusat,Jakarta Pusat,Menteng,0.00,3000000.00,3.10,3.00,1.00,Kos Campur,12.00,1,1,1,0,0,1,1,1,1,1,1,1,1,0,0,1,0,1,1,1,0,0,1,0,0,0,1,1,1
Kost Cengkir Kelapa Gading Jakarta Utara,Jakarta Utara,Kelapa Gading,0.00,1600000.00,0.00,0.00,0.00,Kos Campur,9.00,0,0,1,0,0,1,1,1,1,1,1,1,1,0,0,1,0,1,1,1,0,0,1,0,1,0,0,0,0
Kost Ceniza Astari Kelapa Gading Jakarta Utara,Jakarta Utara,Kelapa Gading,0.00,1300000.00,4.40,6.00,17.00,Kos Putri,9.00,0,1,1,1,1,1,0,0,0,1,1,0,0,1,0,0,0,1,1,1,1,0,1,0,0,1,0,0,0
Kost CherryHomeStay Tipe A Kelapa Gading Jakarta Utara,Jakarta Utara,Kelapa Gading,0.00,2550000.00,3.10,1.00,1.00,Kos Putri,9.10,1,0,1,0,0,0,0,1,1,0,1,1,1,0,0,0,0,1,1,1,0,0,1,0,1,1,0,0,0
Kost CherryHomeStay Tipe B Kelapa Gading Jakarta Utara,Jakarta Utara,Kelapa Gading,0.00,2350000.00,0.00,0.00,0.00,Kos Putri,14.43,0,0,1,0,1,0,0,1,1,1,1,1,1,0,0,1,0,1,1,1,1,0,1,0,1,0,0,0,0
Kost Chintia Janson 5 Tipe A Grogol Petamburan Jakarta Barat,Jakarta Barat,Grogol Petamburan,0.00,1500000.00,0.00,0.00,12.00,Kos Putri,9.00,0,1,1,1,0,1,0,1,1,1,1,1,1,1,0,1,0,1,1,1,0,0,1,1,0,0,1,0,0
Kost Christine Cipinang Melayu Executive Makasar Jakarta Timur,Jakarta Timur,Makasar,0.00,1200000.00,0.00,0.00,0.00,Kos Campur,12.00,0,1,1,1,1,1,0,0,0,1,1,1,0,1,0,0,0,1,1,1,1,0,1,1,0,1,0,0,0
Kost Chrysant Home BQ Tipe B1 Kelapa Gading Jakarta Utara,Jakarta Utara,Kelapa Gading,3.00,1050000.00,4.00,1.00,10.00,Kos Campur,6.25,0,0,1,1,1,1,0,0,1,1,1,1,0,1,0,1,0,1,1,1,0,0,0,1,1,0,1,0,1
Kost Chrysant Home Tipe A Kelapa Gading Jakarta Utara,Jakarta Utara,Kelapa Gading,0.00,899000.00,4.30,9.00,51.00,Kos Campur,4.00,0,0,1,1,1,1,0,0,1,1,1,1,0,1,0,1,0,1,1,1,0,0,0,1,1,0,1,0,0
Kost Chrystal Hauz Kelapa Gading Jakarta Utara,Jakarta Utara,Kelapa Gading,1.00,1950000.00,0.00,0.00,0.00,Kos Campur,8.75,0,1,1,1,1,1,0,0,0,0,1,1,0,1,1,1,1,1,0,1,1,0,1,0,1,0,0,0,1
Kost Cibanteng Raya Koja Jakarta Utara,Jakarta Utara,Koja,2.00,1200000.00,0.00,0.00,2.00,Kos Campur,21.00,0,0,1,1,1,1,0,0,0,1,0,1,0,1,0,1,0,0,0,0,0,0,0,0,0,0,0,0,0
Kost Ciganjur Jagakarsa Jakarta Selatan,Jakarta Selatan,Jagakarsa,0.00,1200000.00,0.00,0.00,3.00,Kos Campur,12.00,1,1,1,1,1,1,1,1,0,1,1,1,1,1,1,1,0,1,0,1,0,0,0,1,1,1,0,1,0
Kost Cikini Cozy Coliving Deluxe Menteng Jakarta Pusat,Jakarta Pusat,Menteng,0.00,3750000.00,0.00,0.00,0.00,Kos Campur,12.00,0,1,1,1,1,1,1,1,1,1,1,1,1,1,1,1,1,1,1,1,0,0,0,0,1,0,0,0,1
Kost Cikini Cozy Coliving Deluxe Window Menteng Jakarta Pusat,Jakarta Pusat,Menteng,0.00,4000000.00,0.00,0.00,0.00,Kos Campur,12.00,0,1,1,1,1,1,1,1,1,1,1,1,1,1,1,1,1,1,1,1,0,0,0,0,1,0,0,0,0
Kost Cikini Cozy Coliving Exclusive Menteng Jakarta Pusat,Jakarta Pusat,Menteng,0.00,4250000.00,0.00,0.00,0.00,Kos Campur,12.00,0,1,1,1,1,1,1,1,1,1,1,1,1,1,0,1,1,1,1,1,1,0,0,0,1,0,0,0,0
Kost Cilincing Top Cilincing Jakarta Utara,Jakarta Utara,Cilincing,1.00,1500000.00,0.00,0.00,0.00,Kos Campur,9.00,0,1,1,1,1,1,0,1,0,1,1,1,0,0,1,1,0,1,0,0,0,0,1,0,0,0,0,0,1
Kost Citra Garden 2 Tipe A Kalideres Jakarta Barat,Jakarta Barat,Kalideres,3.00,1400000.00,4.60,1.00,4.00,Kos Campur,8.40,0,1,1,0,0,0,0,0,1,0,1,1,1,0,0,0,0,1,1,1,1,0,0,0,0,1,0,0,0
Kost Citra Garden 2 Tipe B Kalideres Jakarta Barat,Jakarta Barat,Kalideres,2.00,1300000.00,0.00,0.00,10.00,Kos Putri,10.50,0,1,1,0,0,0,0,1,1,0,1,1,1,0,0,0,0,1,1,1,1,0,1,0,1,1,0,0,0
Kost Co Living Flamboyan Residences Kembangan Jakarta Barat,Jakarta Barat,Kembangan,0.00,2250000.00,0.00,0.00,7.00,Kos Campur,14.00,0,1,1,1,1,1,1,1,1,1,1,1,1,1,1,1,1,1,1,1,0,0,0,1,1,0,0,0,0
Kost Co Living Rustanto Residence Susilo Tipe A Grogol Petamburan Jakarta Barat,Jakarta Barat,Grogol Petamburan,2.00,2350000.00,0.00,0.00,11.00,Kos Putri,12.00,0,1,1,1,1,1,1,1,1,1,1,1,0,1,1,1,1,1,1,1,0,0,1,0,1,0,0,0,1
Kost Cozy Binus Kemanggisan Averio Palmerah Jakarta Barat,Jakarta Barat,Palmerah,0.00,2750000.00,0.00,0.00,0.00,Kos Campur,12.00,0,1,1,1,1,1,1,1,1,1,1,1,1,1,1,1,1,1,1,1,1,0,0,0,0,0,0,0,0
Kost Cozy Coliving Averio Binus Anggrek Exclusive Kebon Jeruk Jakarta Barat,Jakarta Barat,Kebon Jeruk,0.00,4500000.00,0.00,0.00,14.00,Kos Campur,15.00,0,1,1,1,1,1,1,1,1,1,1,1,1,1,1,1,1,1,1,1,1,0,1,0,0,0,0,0,0
Kost Cozy Coliving Averio Kebon Jeruk Jakarta Barat,Jakarta Barat,Kebon Jeruk,0.00,2750000.00,0.00,0.00,6.00,Kos Campur,12.00,0,1,1,1,0,1,1,1,1,0,1,1,1,1,1,0,1,1,1,1,0,0,1,0,1,0,1,0,0
Kost Cozy Coliving Binus 2 Deluxe Plus Palmerah Jakarta Barat,Jakarta Barat,Palmerah,0.00,4400000.00,0.00,0.00,0.00,Kos Campur,15.75,0,1,1,1,1,1,1,1,1,1,1,1,1,1,1,1,1,1,1,1,1,0,0,0,1,0,0,0,0
Kost Cozy Coliving Binus 3 Kemanggisan Deluxe Palmerah Jakarta Barat,Jakarta Barat,Palmerah,0.00,3250000.00,0.00,0.00,0.00,Kos Campur,12.00,0,1,0,1,1,1,1,1,1,1,1,1,1,1,0,1,1,1,1,0,1,0,0,0,1,0,1,0,0
Kost Cozy Coliving Binus Kijang Kemanggisan Palmerah Jakarta Barat Palmerah Jakarta Barat,Jakarta Barat,Palmerah,0.00,3250000.00,0.00,0.00,0.00,Kos Campur,12.00,0,1,1,1,0,1,1,1,1,1,1,1,1,1,1,1,1,1,1,1,1,0,0,0,1,0,1,0,0
Kost Cozy Coliving Cideng Deluxe Plus Gambir Jakarta Pusat,Jakarta Pusat,Gambir,0.00,3500000.00,0.00,0.00,0.00,Kos Campur,12.00,0,1,1,1,0,1,0,1,0,1,1,1,1,1,1,1,1,1,1,1,1,0,0,0,1,0,0,0,1
Kost Cozy Coliving Cideng Exclusive Gambir Jakarta Pusat,Jakarta Pusat,Gambir,0.00,3500000.00,0.00,0.00,0.00,Kos Campur,12.00,0,1,1,1,0,1,0,1,0,1,1,1,1,1,1,1,1,1,1,1,1,0,0,0,1,0,0,0,1
Kost Cozy coliving Deluxe Palmerah Jakarta Barat,Jakarta Barat,Palmerah,0.00,4100000.00,0.00,0.00,1.00,Kos Campur,13.50,0,1,1,1,1,1,1,1,1,1,1,1,1,1,1,1,1,1,1,1,1,0,1,0,1,0,0,0,0
Kost Cozy Coliving Fatmawati Deluxe Plus Cilandak Jakarta Selatan,Jakarta Selatan,Cilandak,0.00,3750000.00,0.00,0.00,5.00,Kos Campur,14.40,0,1,1,1,1,1,1,1,1,1,1,1,1,1,0,1,1,1,1,1,1,0,0,0,1,0,0,0,1
Kost Cozy Coliving Fatmawati Exclusive Cilandak Jakarta Selatan,Jakarta Selatan,Cilandak,0.00,4000000.00,0.00,0.00,2.00,Kos Campur,16.50,0,1,1,1,1,1,1,1,1,1,1,1,1,1,0,1,1,1,1,1,1,0,0,0,1,0,0,0,1
Kost Cozy Coliving Grogol Muwardi Deluxe Grogol petamburan Jakarta Barat,Jakarta Barat,Grogol Petamburan,0.00,2750000.00,0.00,0.00,0.00,Kos Putri,12.00,0,1,1,1,0,1,0,1,1,0,1,1,1,1,1,1,1,1,1,1,1,0,0,0,1,0,0,0,0
Kost Cozy Coliving Grogol Muwardi Deluxe Plus Grogol Petamburan Jakarta Barat,Jakarta Barat,Grogol Petamburan,0.00,3000000.00,0.00,0.00,0.00,Kos Putri,12.00,0,1,1,1,0,1,0,1,1,0,1,1,1,1,1,1,1,1,1,1,1,0,0,0,1,0,0,0,0
Kost Cozy Coliving Mangga Besar Tipe Deluxe Taman Sari Jakarta Barat,Jakarta Barat,Taman Sari,0.00,2700000.00,4.90,2.00,3.00,Kos Campur,16.00,0,1,1,1,1,1,1,1,1,1,1,1,1,0,0,1,1,1,1,0,1,0,1,0,1,0,1,0,0
Kost Cozy Coliving Pangeran Jayakarta Tipe Deluxe Plus Sawah Besar Jakarta Pusat,Jakarta Pusat,Sawah Besar,0.00,2400000.00,0.00,0.00,1.00,Kos Campur,16.00,0,1,1,1,0,1,0,1,1,0,1,1,1,1,1,1,1,1,1,1,0,0,1,0,1,0,0,0,1
Kost Cozy Coliving Pangeran Jayakarta Tipe Deluxe Sawah Besar Jakarta Pusat,Jakarta Pusat,Sawah Besar,0.00,2000000.00,0.00,0.00,1.00,Kos Campur,12.00,0,1,1,1,1,1,0,1,1,0,1,1,1,1,0,1,1,1,1,1,1,0,1,0,1,0,0,0,1
Kost Cozy Coliving Raden Saleh Deluxe Menteng Jakarta Pusat,Jakarta Pusat,Menteng,2.00,3750000.00,0.00,0.00,0.00,Kos Campur,12.00,0,1,1,0,0,0,0,1,0,0,0,1,1,0,0,0,1,0,1,1,0,0,1,0,0,0,0,0,1
Kost Cozy Coliving Raden Saleh Deluxe Window Menteng Jakarta Pusat,Jakarta Pusat,Menteng,0.00,4000000.00,0.00,0.00,0.00,Kos Campur,12.00,0,1,1,0,0,0,0,1,0,0,0,1,1,0,0,0,1,0,1,1,0,0,1,0,0,0,0,0,0
Kost Cozy Coliving Raden Saleh Exclusive Hook Menteng Jakarta Pusat,Jakarta Pusat,Menteng,0.00,4500000.00,0.00,0.00,0.00,Kos Campur,12.00,0,1,1,0,0,0,0,1,0,0,0,1,1,0,0,0,1,0,1,1,0,0,1,0,0,0,0,0,0
Kost Cozy Coliving Raden Saleh Exclusive Menteng Jakarta Pusat,Jakarta Pusat,Menteng,0.00,4250000.00,0.00,0.00,0.00,Kos Campur,12.00,0,1,1,0,0,0,0,1,0,0,0,1,1,0,0,0,1,0,1,1,0,0,1,0,0,0,0,0,0
Kost Cozy Coliving Roxy Jembatan Lima Tipe Deluxe Plus Window Gambir Jakarta Pusat,Jakarta Pusat,Gambir,0.00,3500000.00,0.00,0.00,0.00,Kos Campur,12.00,0,1,1,1,1,1,0,1,1,1,1,1,1,1,1,1,1,1,1,1,1,0,0,0,1,0,0,0,1
Kost Cozy Coliving Roxy Jembatan Lima Tipe Exclusive Gambir Jakarta Pusat,Jakarta Pusat,Gambir,0.00,3500000.00,0.00,0.00,0.00,Kos Campur,13.50,0,1,1,1,1,1,0,1,1,1,1,1,1,1,1,1,1,1,1,1,1,0,0,0,1,0,0,0,1
Kost Cozy Coliving Roxy Jembatan Lima Tipe Exclusive Hook Gambir Jakarta Pusat,Jakarta Pusat,Gambir,0.00,3000000.00,0.00,0.00,0.00,Kos Campur,10.50,0,1,1,1,1,1,0,1,1,1,1,1,1,1,1,1,1,1,1,1,1,0,0,0,1,0,0,0,1
Kost Cozy Coliving Roxy Jembatan Lima Tipe Exclusive Window Gambir Jakarta Pusat,Jakarta Pusat,Gambir,0.00,3700000.00,0.00,0.00,0.00,Kos Campur,13.50,0,1,1,1,1,1,0,1,1,1,1,1,1,1,1,1,1,1,1,1,1,0,0,0,1,0,0,0,1
Kost Cozy Coliving Sunter Papanggo Tipe A Tanjung Priok Jakarta Utara,Jakarta Utara,Tanjung Priok,0.00,1700000.00,0.00,0.00,5.00,Kos Campur,9.00,0,1,1,1,1,1,0,1,1,1,1,1,0,0,1,0,1,1,1,1,1,0,1,0,0,0,0,0,1
Kost Cozy Coliving Sunter Papanggo Tipe B Tanjung Priok Jakarta Utara,Jakarta Utara,Tanjung Priok,0.00,2700000.00,0.00,0.00,0.00,Kos Campur,16.00,0,1,1,0,0,1,1,0,1,0,1,1,0,1,0,0,1,1,1,1,1,0,1,0,1,0,0,0,0
Kost Cozy Coliving Sunter Papanggo Tipe C Tanjung Priok Jakarta Utara,Jakarta Utara,Tanjung Priok,0.00,2200000.00,0.00,0.00,0.00,Kos Campur,16.00,0,1,1,1,1,1,1,1,1,0,1,1,0,1,1,1,1,1,1,1,1,0,0,0,0,0,0,0,0
Kost Cozy Coliving Tomang Palmerah Jakarta Barat,Jakarta Barat,Palmerah,0.00,2700000.00,0.00,0.00,9.00,Kos Campur,12.00,0,1,1,1,0,1,0,1,1,1,1,1,0,0,0,1,1,1,1,0,1,0,1,0,1,0,1,0,1
Kost Cozy Coliving Wijaya Kusuma Jelambar Deluxe Grogol Petamburan Jakarta Barat,Jakarta Barat,Grogol Petamburan,0.00,3000000.00,0.00,0.00,0.00,Kos Campur,12.00,0,1,0,1,0,0,0,0,0,1,1,0,1,1,0,0,1,0,0,0,0,0,1,0,1,0,0,0,1
Kost Cynfel 1 Tipe C Tanjung Priok Jakarta Utara,Jakarta Utara,Tanjung Priok,1.00,1650000.00,0.00,0.00,0.00,Kos Campur,9.00,0,1,1,1,1,1,0,1,0,1,1,1,0,1,1,1,0,1,1,1,0,0,1,0,0,0,0,0,1
Kost Cynfel 2 Tipe Standar Tanjung Priok Jakarta Utara,Jakarta Utara,Tanjung Priok,0.00,1850000.00,0.00,0.00,0.00,Kos Campur,16.00,0,1,1,1,1,1,0,0,0,0,1,1,0,1,1,1,0,1,0,0,0,0,1,0,0,0,0,0,0
Kost Damarsari 27 Pasar Minggu Jakarta Selatan,Jakarta Selatan,Pasar Minggu,0.00,2000000.00,4.00,3.00,8.00,Kos Putri,9.00,0,1,1,1,0,1,1,1,1,1,1,1,1,0,0,1,1,1,1,1,0,0,1,0,1,0,0,0,1
Kost De Alcatraz 3 Tipe Hayden Kelapa Gading Jakarta Utara,Jakarta Utara,Kelapa Gading,2.00,2300000.00,0.00,0.00,0.00,Kos Campur,8.50,0,1,1,1,0,1,1,0,0,1,1,1,0,1,1,1,1,1,1,1,1,0,1,0,1,0,0,0,1
Kost De Ruci 1 Senen Jakarta Pusat,Jakarta Pusat,Senen,1.00,1150000.00,0.00,0.00,0.00,Kos Campur,9.00,0,1,1,0,1,0,0,0,0,0,0,0,0,0,0,1,0,0,0,0,0,0,0,0,0,0,0,0,0
Kost De Saari 21 Tipe Non Ac Tanjung Priok Jakarta Utara,Jakarta Utara,Tanjung Priok,0.00,1050000.00,5.00,2.00,7.00,Kos Campur,9.00,1,0,1,1,1,1,0,1,1,1,0,0,0,1,0,1,0,1,1,0,1,1,0,0,0,0,0,0,1
Kost Dekat Stadion JIS Tanjung Priok Jakarta Utara,Jakarta Utara,Tanjung Priok,1.00,1200000.00,0.00,0.00,0.00,Kos Campur,12.00,0,1,1,1,1,1,0,1,0,1,1,1,0,1,1,1,0,1,1,1,0,0,1,0,1,0,0,0,0
Kost Delima Tipe Diamond Grogol Petamburan Jakarta Barat,Jakarta Barat,Grogol Petamburan,0.00,2250000.00,0.00,0.00,2.00,Kos Campur,10.50,0,1,1,0,1,0,0,0,0,0,1,1,1,1,1,1,1,0,1,0,1,0,0,0,1,0,0,0,0
Kost DENLI Residence Thamrin Tanah Abang Jakarta Pusat Tipe A Tanah Abang Jakarta Pusat,Jakarta Pusat,Tanah Abang,0.00,2650000.00,0.00,0.00,1.00,Kos Campur,9.00,1,1,1,1,1,1,1,1,1,1,1,1,1,0,0,1,1,1,1,1,0,0,1,0,1,0,1,0,0
Kost Desty Tipe D Daisy Grogol Petamburan Jakarta Barat,Jakarta Barat,Grogol Petamburan,1.00,1900000.00,0.00,0.00,0.00,Kos Campur,16.00,1,1,1,1,1,1,0,0,0,1,0,1,0,1,0,1,0,1,0,0,0,0,0,0,0,1,0,0,1
Kost Don Juan 1 Tipe A Cakung Jakarta Timur,Jakarta Timur,Cakung,1.00,1700000.00,5.00,5.00,10.00,Kos Campur,9.00,0,1,1,1,1,1,0,1,1,0,1,1,1,1,1,1,0,1,1,1,0,0,1,0,1,0,0,0,0
Kost Dorayon Tipe Medium Cakung Jakarta Timur,Jakarta Timur,Cakung,1.00,900000.00,0.00,0.00,1.00,Kos Campur,9.00,1,1,0,1,1,1,0,0,1,1,0,0,0,1,0,0,0,1,0,0,0,1,0,1,0,0,0,0,0
Kost Dslipi Palmerah Jakarta Barat,Jakarta Barat,Palmerah,0.00,3000000.00,0.00,0.00,8.00,Kos Campur,12.00,0,1,1,1,1,1,1,1,1,1,1,1,1,0,1,1,1,1,1,1,0,0,1,0,1,0,0,0,0
Kost East 99 Residence Cakung Jakarta Timur,Jakarta Timur,Cakung,1.00,2100000.00,4.50,26.00,159.00,Kos Campur,21.00,0,1,1,1,1,1,1,0,0,0,0,1,1,1,1,1,1,1,0,1,0,0,0,0,1,0,0,0,0
Kost Edi Non AC Pulogadung Jakarta Timur,Jakarta Timur,Pulo Gadung,0.00,1100000.00,0.00,0.00,2.00,Kos Campur,12.00,0,1,0,1,1,1,1,1,1,1,1,0,0,1,0,1,0,1,0,1,0,1,0,0,0,0,0,0,0
Kost EHA Tipe B Palmerah Jakarta Barat,Jakarta Barat,Palmerah,1.00,900000.00,0.00,0.00,0.00,Kos Campur,9.00,1,1,0,0,1,1,0,1,0,1,1,0,0,0,0,1,0,1,0,0,0,0,0,0,0,1,0,0,0
Kost Eksekutif Boulevard Kelapa Gading Jakarta Utara,Jakarta Utara,Kelapa Gading,2.00,3001500.00,0.00,0.00,3.00,Kos Campur,16.00,1,1,1,1,1,1,1,1,1,0,1,1,1,0,0,1,1,1,1,0,1,0,1,0,1,0,1,0,0
Kost Eksekutif Duren Sawit Jakarta Timur,Jakarta Timur,Duren Sawit,3.00,1300000.00,5.00,3.00,2.00,Kos Putri,12.00,1,0,1,0,1,1,1,1,1,1,1,1,0,1,0,1,1,1,1,1,1,0,1,0,1,0,1,0,1
Kost Eksklusif AC Pasar Minggu Jakarta Selatan,Jakarta Selatan,Pasar Minggu,0.00,1000000.00,0.00,0.00,0.00,Kos Campur,12.00,1,1,0,1,1,1,0,0,0,1,0,1,0,1,0,0,0,1,1,1,0,1,0,0,0,1,0,0,0
Kost Eksklusif Tipe Ekonomis Kelapa Gading Jakarta Utara,Jakarta Utara,Kelapa Gading,0.00,1900000.00,0.00,0.00,0.00,Kos Campur,12.00,0,1,1,1,1,1,1,1,1,1,1,1,1,1,1,1,0,1,1,1,0,0,1,0,0,1,0,0,0
Kost Eksklusif Wisma Rosa II VVIP Cempaka Putih Jakarta Pusat,Jakarta Pusat,Cempaka Putih,1.00,2300000.00,0.00,0.00,0.00,Kos Campur,20.00,0,1,1,1,1,1,1,1,0,1,1,1,0,1,1,1,0,1,1,1,1,0,0,1,0,1,0,0,1
Kost Elements Tipe Deluxe Grogol Petamburan Jakarta Barat,Jakarta Barat,Grogol Petamburan,1.00,2500000.00,0.00,0.00,1.00,Kos Campur,9.00,0,1,1,1,1,1,0,1,1,1,1,1,1,1,1,1,1,1,1,1,1,0,0,1,0,0,0,0,1
Kost Ellisabeth Tipe A Pulo Gadung Jakarta Timur,Jakarta Timur,Pulo Gadung,2.00,700000.00,0.00,0.00,1.00,Kos Putra,10.50,1,0,0,1,1,1,0,1,1,1,0,0,0,1,0,0,0,0,0,0,0,1,0,1,0,1,0,0,1
Kost Ellok Tipe A Kelapa Gading Jakarta Utara,Jakarta Utara,Kelapa Gading,0.00,2450000.00,0.00,0.00,0.00,Kos Putri,9.00,0,1,0,1,1,0,0,1,1,0,1,1,1,1,1,1,1,1,1,0,1,0,0,0,1,0,0,0,1
Kost Elok Pavilion Tipe A Jatinegara Jakarta Timur,Jakarta Timur,Jatinegara,2.00,3500000.00,0.00,0.00,1.00,Kos Campur,18.00,0,1,1,1,1,1,1,1,1,1,1,1,1,0,1,1,1,1,1,1,0,0,1,0,1,0,0,0,0
Kost Emmy Tipe A Duren Sawit Jakarta Timur,Jakarta Timur,Duren Sawit,0.00,700000.00,0.00,0.00,1.00,Kos Campur,12.00,0,1,0,1,1,1,1,1,0,1,0,0,0,0,0,0,0,1,0,0,0,0,0,0,0,0,0,0,0
Kost Exclusive 96 Joglo Residence Kembangan Jakarta Barat,Jakarta Barat,Kembangan,0.00,3100000.00,0.00,0.00,0.00,Kos Campur,18.00,0,1,1,1,0,1,1,1,0,0,1,1,0,1,1,1,0,1,1,1,1,0,0,0,1,0,0,0,0
Kost Exclusive Jl Serayu Raya Semper Cilincing Jakarta Utara,Jakarta Utara,Cilincing,1.00,1500000.00,0.00,0.00,3.00,Kos Campur,12.00,0,1,1,0,0,0,1,0,0,0,0,1,1,0,0,1,1,0,0,0,0,0,0,0,0,0,0,0,0
Kost Exclusive Mumtaz Sufya 16F Matraman Jakarta Timur,Jakarta Timur,Matraman,2.00,3500000.00,0.00,0.00,2.00,Kos Campur,30.00,0,1,1,1,1,1,1,1,0,0,1,1,1,1,1,1,1,1,1,1,1,0,0,0,1,0,0,0,1
Kost Exclusive Mumtaz Sufya 16F Matraman Jakarta Timur,Jakarta Timur,Matraman,2.00,3500000.00,0.00,0.00,2.00,Kos Campur,30.00,0,1,1,1,1,1,1,1,0,0,1,1,1,1,1,1,1,1,1,1,1,0,0,0,1,0,0,0,1
Kost Exclusive Mumtaz Sufya 16F Matraman Jakarta Timur,Jakarta Timur,Matraman,2.00,3500000.00,0.00,0.00,2.00,Kos Campur,30.00,0,1,1,1,1,1,1,1,0,0,1,1,1,1,1,1,1,1,1,1,1,0,0,0,1,0,0,0,1
Kost Exclusive Mumtaz Sufya 16F Matraman Jakarta Timur,Jakarta Timur,Matraman,2.00,3500000.00,0.00,0.00,2.00,Kos Campur,30.00,0,1,1,1,1,1,1,1,0,0,1,1,1,1,1,1,1,1,1,1,1,0,0,0,1,0,0,0,1
Kost Exclusive Mumtaz Sufya 16F Matraman Jakarta Timur,Jakarta Timur,Matraman,2.00,3500000.00,0.00,0.00,2.00,Kos Campur,30.00,0,1,1,1,1,1,1,1,0,0,1,1,1,1,1,1,1,1,1,1,1,0,0,0,1,0,0,0,1
Kost Fantasy Kelapa Gading Jakarta Utara,Jakarta Utara,Kelapa Gading,1.00,1550000.00,4.90,5.00,10.00,Kos Putri,6.00,1,0,1,1,1,1,0,1,1,1,1,1,0,1,1,1,0,1,1,1,1,0,0,0,1,0,1,0,0
Kost Fatmawati Deluxe + Cilandak Jakarta Selatan,Jakarta Selatan,Cilandak,0.00,3750000.00,0.00,0.00,6.00,Kos Campur,15.00,0,1,1,1,1,1,1,1,1,1,1,1,1,1,0,1,1,1,1,0,1,0,0,0,1,1,1,0,1
Kost Fatmawati Excecutive Cilandak Jakarta Selatan,Jakarta Selatan,Cilandak,0.00,4000000.00,0.00,0.00,2.00,Kos Campur,13.50,0,1,1,1,1,1,1,1,1,1,1,1,1,1,0,1,1,1,1,0,1,0,0,0,1,1,1,0,1
Kost Fatmawati Executive 2 Cilandak Jakarta Selatan,Jakarta Selatan,Cilandak,0.00,4000000.00,0.00,0.00,6.00,Kos Campur,16.50,0,1,1,1,1,1,1,1,1,1,1,1,1,1,0,1,1,1,1,0,1,0,0,0,1,1,1,0,1
Kost G2 Grogol Petamburan Jakarta Barat,Jakarta Barat,Grogol Petamburan,0.00,2600000.00,0.00,0.00,16.00,Kos Campur,9.00,0,1,1,1,1,1,1,1,1,1,1,1,1,1,1,1,0,1,1,1,1,0,0,0,0,0,0,0,0
Kost Gading Elok Kelapa Gading Jakarta Utara,Jakarta Utara,Kelapa Gading,3.00,1400000.00,0.00,0.00,1.00,Kos Campur,7.50,0,0,1,1,1,1,0,1,1,1,1,1,0,1,0,1,0,1,1,1,1,0,1,0,1,1,1,0,0
Kost Gading Elok Residence II Queensize Bedroom Kelapa Gading Jakarta Utara,Jakarta Utara,Kelapa Gading,3.00,2900000.00,4.50,3.00,13.00,Kos Campur,10.24,0,1,1,1,1,1,1,1,1,1,1,1,1,0,1,1,1,1,1,1,1,0,0,0,0,0,1,0,1
Kost Gading Elok Residence II Single Bedroom Kelapa Gading Jakarta Utara,Jakarta Utara,Kelapa Gading,0.00,2200000.00,4.90,18.00,29.00,Kos Campur,9.00,0,1,1,1,1,1,1,1,1,1,1,1,1,1,1,1,1,1,1,1,1,0,0,0,0,0,1,0,0
Kost Gading Pavillion Tipe A Kelapa Gading Jakarta Utara,Jakarta Utara,Kelapa Gading,2.00,2100000.00,5.00,1.00,0.00,Kos Putri,12.00,0,1,1,1,1,1,0,1,1,1,1,1,1,0,0,1,1,1,1,1,0,0,1,0,1,0,0,0,0
Kost Gading Surya Tipe E Kelapa Gading Jakarta Utara,Jakarta Utara,Kelapa Gading,0.00,750000.00,0.00,0.00,1.00,Kos Campur,4.00,1,0,1,1,1,1,0,1,1,1,0,0,0,1,0,1,0,1,1,1,1,1,0,0,1,0,0,0,0
Kost Gading Surya Tipe E Kelapa Gading Jakarta Utara,Jakarta Utara,Kelapa Gading,0.00,750000.00,0.00,0.00,1.00,Kos Campur,4.00,1,0,1,1,1,1,0,1,1,1,0,0,0,1,0,1,0,1,1,1,1,1,0,0,1,0,0,0,0
Kost Gading Surya Tipe G Kelapa Gading Jakarta Utara,Jakarta Utara,Kelapa Gading,0.00,950000.00,0.00,0.00,1.00,Kos Campur,5.00,1,0,1,1,1,1,0,1,1,1,1,0,0,1,1,1,0,1,1,1,1,0,1,1,1,1,0,0,0
Kost Gading Surya Tipe H Kelapa Gading Jakarta Utara,Jakarta Utara,Kelapa Gading,0.00,950000.00,0.00,0.00,0.00,Kos Campur,9.00,1,0,1,1,1,1,0,1,1,1,0,0,0,1,0,1,0,1,1,1,1,1,0,1,1,0,0,0,1
Kost Gajahmada Icon Residence Royal Taman Sari Jakarta Barat,Jakarta Barat,Taman Sari,1.00,2300000.00,5.00,1.00,9.00,Kos Campur,9.00,0,1,1,1,1,1,0,1,1,1,1,1,1,1,1,1,1,1,1,0,0,0,0,1,0,0,1,0,1
Kost Gambyong Tipe A Kelapa Gading Jakarta Utara,Jakarta Utara,Kelapa Gading,0.00,1600000.00,0.00,0.00,0.00,Kos Campur,9.00,0,1,0,1,0,1,0,1,0,1,1,1,1,1,1,1,0,1,1,1,0,0,1,1,0,1,0,0,0
Kost Gaps House 2 Tipe A Cipayung Jakarta Timur,Jakarta Timur,Cipayung,0.00,1600000.00,0.00,0.00,0.00,Kos Campur,12.00,0,0,1,1,1,1,1,1,1,1,0,1,0,0,1,1,0,1,1,1,1,0,0,0,0,0,0,0,0
Kost Garden Tipe B Taman Sari Jakarta Barat,Jakarta Barat,Taman Sari,2.00,1750000.00,0.00,0.00,4.00,Kos Putri,8.14,0,1,1,1,1,1,0,0,1,1,1,1,0,1,1,1,0,1,1,1,0,0,0,0,0,1,0,0,0
Kost Glenn Eksklusif Tipe Big Kelapa Gading Jakarta Utara,Jakarta Utara,Kelapa Gading,0.00,2500000.00,0.00,0.00,1.00,Kos Campur,24.00,0,1,1,1,1,1,1,1,1,1,1,1,1,1,1,1,0,1,1,1,0,0,1,0,0,1,0,0,0
Kost Glenn Eksklusif Tipe Sedang Kelapa Gading Jakarta Utara,Jakarta Utara,Kelapa Gading,2.00,1950000.00,4.00,1.00,6.00,Kos Campur,12.00,0,1,1,0,1,1,1,1,1,1,1,1,1,1,0,1,0,1,1,1,1,0,1,0,0,0,0,0,0
Kost Golden Leaf Residence Tomang Palmerah Jakarta Barat,Jakarta Barat,Palmerah,2.00,3200000.00,0.00,0.00,6.00,Kos Campur,15.00,0,1,1,1,1,1,1,1,1,1,1,1,1,1,1,1,1,1,1,1,1,0,0,0,1,0,0,0,0
Kost Gorat Cipayung Jakarta Timur,Jakarta Timur,Cipayung,2.00,1500000.00,0.00,0.00,1.00,Kos Campur,12.00,0,1,1,0,0,1,1,1,1,1,1,1,1,0,0,1,0,0,1,1,0,1,0,0,1,0,1,0,0
Kost Grace Cilincing Jakarta Utara,Jakarta Utara,Cilincing,3.00,1350000.00,5.00,4.00,5.00,Kos Campur,6.00,0,0,1,0,0,1,0,1,0,1,1,1,0,1,0,1,0,1,0,0,0,0,1,1,0,1,0,0,0
Kost Grace Residence Tipe Lorong Tanjung Priok Jakarta Utara,Jakarta Utara,Tanjung Priok,0.00,1600000.00,0.00,0.00,17.00,Kos Putri,7.50,0,1,1,1,1,1,0,0,0,1,1,1,0,0,0,1,1,1,1,1,0,0,1,0,0,0,0,0,0
Kost Grace Residence Tipe Lorong Tanjung Priok Jakarta Utara,Jakarta Utara,Tanjung Priok,0.00,1600000.00,0.00,0.00,17.00,Kos Putri,7.50,0,1,1,1,1,1,0,0,0,1,1,1,0,0,0,1,1,1,1,1,0,0,1,0,0,0,0,0,0
Kost Grade Tulip Tipe A Kebon Jeruk Jakarta Barat,Jakarta Barat,Kebon Jeruk,1.00,3500000.00,0.00,0.00,0.00,Kos Campur,20.00,0,1,1,1,1,1,1,1,0,1,1,1,1,0,0,1,1,1,1,1,0,0,1,0,1,0,0,0,0
Kost Graha Bintang Tipe VVIP Menteng Jakarta Pusat,Jakarta Pusat,Menteng,0.00,3000000.00,0.00,0.00,0.00,Kos Campur,12.00,0,1,1,1,1,1,1,0,0,0,1,1,1,1,1,1,1,1,1,0,0,0,0,1,0,0,0,0,0
Kost Griya AM Standart Kebon Jeruk Jakarta Barat,Jakarta Barat,Kebon Jeruk,0.00,1800000.00,0.00,0.00,8.00,Kos Campur,12.00,0,1,1,1,1,1,1,1,0,1,1,1,0,1,0,1,1,1,1,1,1,0,1,1,0,0,0,0,0
Kost Griya Bangun Jaya Tipe Vip1 Duren Sawit Jakarta Timur,Jakarta Timur,Duren Sawit,0.00,1600000.00,0.00,0.00,0.00,Kos Putra,17.50,1,1,0,1,1,1,1,1,0,1,0,1,1,1,1,1,0,0,1,1,1,0,0,1,0,1,0,0,0
Kost Griya Flamboyan Tipe A Kelapa Gading Jakarta Utara,Jakarta Utara,Kelapa Gading,1.00,1900000.00,0.00,0.00,0.00,Kos Campur,12.00,0,1,1,0,0,1,1,0,1,1,0,1,0,0,0,1,1,1,1,1,0,0,0,0,0,0,1,0,1
Kost Griya Mimi Residence Executive Cipayung Jakarta Timur,Jakarta Timur,Cipayung,0.00,2350000.00,0.00,0.00,0.00,Kos Campur,12.00,0,1,1,1,1,1,1,1,1,1,1,1,1,1,1,1,1,1,0,0,0,0,0,0,0,0,0,0,0
Kost Griya Musdalifah Penjaringan Jakarta Utara,Jakarta Utara,Penjaringan,0.00,1500000.00,0.00,0.00,1.00,Kos Campur,12.00,0,1,0,1,1,1,1,1,0,1,0,1,0,1,1,0,0,1,1,1,0,0,0,1,1,1,0,0,0
Kost Griya Padma Tipe Single Pulo Gadung Jakarta Timur,Jakarta Timur,Pulo Gadung,0.00,1600000.00,0.00,0.00,0.00,Kos Campur,12.00,0,1,1,1,1,1,1,1,1,1,1,1,0,1,0,1,0,1,1,1,1,0,0,1,0,0,1,0,0
Kost Griya Sribudi 1 Tipe A Pasar Rebo Jakarta Timur,Jakarta Timur,Pasar Rebo,0.00,1020000.00,0.00,0.00,0.00,Kos Campur,20.00,0,1,0,1,1,1,0,1,0,1,0,0,0,0,0,0,0,1,0,0,0,0,0,1,1,1,0,1,0
Kost Grogol Abdi Tanjung Duren Residence Tipe B Grogol petamburan Jakarta Barat,Jakarta Barat,Grogol Petamburan,2.00,1490000.00,4.60,2.00,6.00,Kos Campur,6.00,0,0,1,1,1,1,0,1,1,1,0,1,0,1,1,1,0,1,1,1,1,0,0,1,0,0,0,0,1
Kost Gunung Sahari Sawah Besar Jakarta Pusat,Jakarta Pusat,Sawah Besar,2.00,950000.00,5.00,1.00,2.00,Kos Putri,9.00,1,0,0,1,0,1,0,1,0,1,0,0,1,0,0,1,0,0,1,1,0,1,0,0,0,0,0,0,0
Kost H Ayyub Tipe A Mampang Prapatan Jakarta Selatan,Jakarta Selatan,Mampang Prapatan,1.00,1100000.00,0.00,0.00,0.00,Kos Campur,12.00,0,1,0,1,1,1,0,0,1,1,0,0,0,0,0,1,0,1,0,1,0,0,0,0,0,1,0,0,0
Kost H Muh Ashyari Executive Penjaringan Jakarta Utara,Jakarta Utara,Penjaringan,0.00,1600000.00,0.00,0.00,0.00,Kos Campur,9.00,0,1,0,1,1,1,1,1,1,1,1,1,0,0,0,0,0,1,0,1,0,1,1,0,0,1,0,0,0
Kost H2 Kelapa Gading Jakarta Utara,Jakarta Utara,Kelapa Gading,0.00,1000000.00,0.00,0.00,1.00,Kos Campur,12.00,0,0,1,1,1,1,1,0,0,1,0,1,0,1,0,1,0,0,0,1,0,1,0,1,0,0,0,0,0
Kost Haji Aan 2 Tipe B Penjaringan Jakarta Utara,Jakarta Utara,Penjaringan,0.00,1350000.00,0.00,0.00,0.00,Kos Campur,12.00,0,1,0,1,1,1,1,1,1,1,0,1,0,0,0,0,0,1,0,0,0,1,0,0,0,1,0,1,0
Kost Haji Agus Tanjung Priok Jakarta Utara,Jakarta Utara,Tanjung Priok,1.00,900000.00,0.00,0.00,0.00,Kos Campur,12.25,1,1,0,0,0,1,0,1,0,1,0,0,0,0,0,0,0,1,0,1,0,0,0,0,0,1,0,0,0
Kost Haji Bu Yanni Penjaringan Jakarta Utara,Jakarta Utara,Penjaringan,2.00,1000000.00,4.60,1.00,0.00,Kos Campur,9.00,0,1,0,0,1,1,0,1,1,1,1,0,1,0,0,0,0,0,0,1,0,1,0,0,0,1,0,0,0
Kost Hans Sungai Bambu Tanjung Priok Jakarta Utara,Jakarta Utara,Tanjung Priok,0.00,850000.00,0.00,0.00,13.00,Kos Campur,9.00,1,0,1,0,0,1,0,0,1,1,0,0,1,0,0,1,0,1,1,1,0,1,0,0,1,1,0,0,0
Kost Hardika Pademangan Jakarta Utara,Jakarta Utara,Pademangan,0.00,1600000.00,0.00,0.00,0.00,Kos Campur,12.00,0,1,1,1,0,1,1,0,0,1,1,1,0,1,0,1,0,1,0,1,0,0,1,0,0,0,0,0,0
Kost Harpa Place Tipe A Kelapa Gading Jakarta Utara,Jakarta Utara,Kelapa Gading,1.00,2400000.00,0.00,0.00,0.00,Kos Campur,12.00,0,1,1,0,1,1,1,1,1,1,1,1,1,1,1,1,1,1,1,1,1,0,1,1,0,0,0,0,0
Kost Harpa Place Tipe C Kelapa Gading Jakarta Utara,Jakarta Utara,Kelapa Gading,1.00,2000000.00,0.00,0.00,0.00,Kos Campur,9.00,0,0,1,0,1,1,1,1,1,1,1,1,1,1,1,1,1,1,1,1,1,0,0,1,0,0,0,0,0
Kost Harun MP Residence Tipe B Kebon Jeruk Jakarta Barat,Jakarta Barat,Kebon Jeruk,1.00,1770000.00,5.00,6.00,0.00,Kos Campur,7.50,0,1,1,1,1,1,0,1,1,1,1,1,0,1,1,1,1,1,1,1,0,0,1,1,1,0,1,0,0
Kost Haven Sunter Deluxe Tanjung Priok Jakarta Utara,Jakarta Utara,Tanjung Priok,2.00,2945000.00,0.00,0.00,0.00,Kos Campur,14.00,0,0,1,1,1,1,1,1,1,0,1,1,1,1,1,1,1,1,1,1,1,0,1,0,1,0,1,0,0
Kost Haven Sunter Standard Tanjung Priok Jakarta Utara,Jakarta Utara,Tanjung Priok,0.00,2470000.00,0.00,0.00,0.00,Kos Campur,12.00,0,0,1,1,1,1,1,1,1,0,1,1,1,1,1,1,1,1,1,1,1,0,1,0,1,0,1,0,1
Kost Haven Sunter Superior Tanjung Priok Jakarta Utara,Jakarta Utara,Tanjung Priok,0.00,2755000.00,0.00,0.00,0.00,Kos Campur,12.00,0,0,1,1,1,1,1,1,1,0,0,1,1,1,1,1,1,1,1,1,1,0,0,0,1,0,1,0,0
Kost Hayam Wuruk Suites Co Living Tipe Premium C Taman Sari Jakarta Barat,Jakarta Barat,Taman Sari,0.00,2650000.00,0.00,0.00,2.00,Kos Campur,9.00,0,1,1,1,0,1,0,1,1,1,1,1,1,1,1,1,1,1,1,0,0,0,0,1,1,0,1,0,0
Kost Helena Asri Tipe Double Penjaringan Jakarta Utara,Jakarta Utara,Penjaringan,0.00,3500000.00,0.00,0.00,2.00,Kos Campur,16.00,0,1,1,1,1,1,1,1,0,0,1,1,0,1,1,1,1,1,1,0,0,0,1,0,1,1,0,0,0
Kost Hj Dahlia 34 Mampang Prapatan Jakarta Selatan,Jakarta Selatan,Mampang Prapatan,0.00,900000.00,4.00,2.00,13.00,Kos Campur,9.00,0,1,0,0,1,1,0,0,0,0,0,0,0,1,0,0,0,1,0,0,0,0,0,1,0,1,0,0,0
Kost Hj Iyum Kemayoran Jakarta Pusat,Jakarta Pusat,Kemayoran,3.00,1110000.00,0.00,0.00,0.00,Kos Campur,12.00,0,1,0,0,0,1,0,0,0,1,0,0,0,0,0,0,0,0,0,0,0,0,0,0,0,1,0,0,0
Kost Holi Residence Tipe A Tanjung Priok Jakarta Utara,Jakarta Utara,Tanjung Priok,0.00,1700000.00,5.00,1.00,5.00,Kos Campur,6.00,0,1,1,1,0,1,0,1,1,1,1,1,1,1,1,1,1,1,1,1,1,0,1,0,1,0,1,0,0
Kost Home 88 Tipe C Penjaringan Jakarta Utara,Jakarta Utara,Penjaringan,1.00,2400000.00,0.00,0.00,4.00,Kos Putri,11.20,0,1,1,1,0,1,1,1,0,0,1,1,1,1,1,1,1,1,1,1,1,0,0,0,0,0,0,0,1
Kost Home Exclusive Jagakarsa Jakarta Selatan,Jakarta Selatan,Jagakarsa,2.00,1200000.00,0.00,0.00,7.00,Kos Putri,7.50,0,1,1,1,1,1,0,1,1,1,1,1,0,1,1,1,1,1,1,1,0,0,0,0,1,0,0,0,0
Kost Home Living Tipe 1B Kelapa Gading Jakarta Utara,Jakarta Utara,Kelapa Gading,1.00,2300000.00,0.00,0.00,0.00,Kos Putri,9.00,0,1,1,1,1,1,1,1,1,1,1,1,1,1,1,1,1,1,1,1,1,0,0,1,1,0,0,0,0
Kost Home Living Tipe 2D Kelapa Gading Jakarta Utara,Jakarta Utara,Kelapa Gading,1.00,2200000.00,0.00,0.00,0.00,Kos Putri,9.00,0,1,1,1,1,1,1,1,1,1,1,1,1,1,1,1,1,1,1,1,1,0,0,1,1,0,0,0,0
Kost Home Living Tipe 2F Kelapa Gading Jakarta Utara,Jakarta Utara,Kelapa Gading,1.00,3000000.00,0.00,0.00,0.00,Kos Putri,9.00,0,1,1,1,1,1,1,1,1,1,1,1,1,1,1,1,1,1,1,1,1,0,0,1,1,0,0,0,0
Kost Homie Co Living Tanjung Priok Jakarta Utara,Jakarta Utara,Tanjung Priok,1.00,2200000.00,0.00,0.00,0.00,Kos Campur,10.00,0,1,1,1,1,1,1,1,0,1,1,1,0,1,1,1,1,0,1,1,0,0,0,0,1,0,0,0,1
Kost Hon Suriadi Tipe VVIP Grogol Petamburan Jakarta Barat,Jakarta Barat,Grogol Petamburan,0.00,1900000.00,0.00,0.00,9.00,Kos Campur,12.00,0,1,1,1,1,1,0,1,0,1,0,1,0,0,0,1,0,1,0,0,0,0,0,0,1,0,0,0,1
Kost Hon Suriadi Tipe VVIP Grogol Petamburan Jakarta Barat,Jakarta Barat,Grogol Petamburan,0.00,1900000.00,0.00,0.00,9.00,Kos Campur,12.00,0,1,1,1,1,1,0,1,0,1,0,1,0,0,0,1,0,1,0,0,0,0,0,0,1,0,0,0,1
Kost Ibu Angel Kelapa Gading Jakarta Utara,Jakarta Utara,Kelapa Gading,1.00,1800000.00,0.00,0.00,0.00,Kos Campur,12.00,0,1,1,1,1,1,0,0,1,1,0,1,0,1,1,1,0,1,0,1,0,0,0,0,0,0,1,0,0
Kost Ibu Arif Standar Penjaringan Jakarta Utara,Jakarta Utara,Penjaringan,3.00,850000.00,0.00,0.00,0.00,Kos Campur,3.60,1,0,0,0,0,0,0,0,0,0,0,0,0,0,0,0,0,0,0,0,0,1,0,0,0,1,0,0,0
Kost Ibu Arif Standar Penjaringan Jakarta Utara,Jakarta Utara,Penjaringan,3.00,850000.00,0.00,0.00,0.00,Kos Campur,3.60,1,0,0,0,0,0,0,0,0,0,0,0,0,0,0,0,0,0,0,0,0,1,0,0,0,1,0,0,0
Kost Ibu Farida Jatinegara Jakarta Timur,Jakarta Timur,Jatinegara,0.00,900000.00,0.00,0.00,0.00,Kos Putri,9.00,0,1,1,0,1,1,1,0,0,1,0,1,0,1,0,0,0,1,0,0,1,0,1,0,0,1,0,0,0
Kost Ibu Nita Tipe E Tanjung Priok Jakarta Utara,Jakarta Utara,Tanjung Priok,0.00,670000.00,0.00,0.00,5.00,Kos Putra,9.00,1,0,0,0,1,1,0,0,0,1,0,0,0,0,0,0,0,0,0,0,0,0,0,0,0,1,0,0,0
Kost Ibu Pur Tipe A Kebon Jeruk Jakarta Barat,Jakarta Barat,Kebon Jeruk,1.00,800000.00,0.00,0.00,1.00,Kos Putri,7.50,1,1,0,1,1,1,0,1,1,1,1,0,0,1,0,0,0,1,0,0,1,1,0,1,0,1,0,1,0
Kost In Home Kelapa Gading Jakarta Utara,Jakarta Utara,Kelapa Gading,0.00,2150000.00,0.00,0.00,0.00,Kos Putri,12.00,1,1,1,1,1,1,1,1,1,1,0,1,0,1,0,1,0,0,0,1,0,0,0,1,1,0,0,0,1
Kost Indah M2 Type Deluxe Palmerah Jakarta Barat,Jakarta Barat,Palmerah,3.00,2400000.00,3.60,1.00,3.00,Kos Campur,10.00,0,1,1,0,1,1,0,1,1,1,1,1,0,1,1,1,1,1,1,1,1,0,0,0,1,0,1,0,1
Kost Industri Tipe A Sawah Besar Jakarta Pusat,Jakarta Pusat,Sawah Besar,2.00,1600000.00,0.00,0.00,0.00,Kos Campur,12.00,0,1,1,1,0,1,0,1,0,0,0,1,0,1,1,1,0,1,0,0,0,0,0,1,1,0,0,0,1
Kost Inplus Kramatjati Jakarta Timur,Jakarta Timur,Kramat Jati,0.00,1200000.00,5.00,1.00,3.00,Kos Campur,9.00,0,1,1,1,1,1,0,1,1,1,0,1,0,1,0,1,0,1,1,0,0,0,0,1,0,1,0,0,0
Kost IPA Ciracas Jakarta Timur,Jakarta Timur,Ciracas,0.00,1300000.00,0.00,0.00,0.00,Kos Putri,9.00,0,1,1,1,1,1,1,1,0,1,0,1,0,1,1,1,0,1,1,1,1,1,0,0,0,1,0,0,1
Kost IX Taman Sari Jakarta Pusat,Jakarta Pusat,Taman Sari,0.00,800000.00,0.00,0.00,0.00,Kos Putra,9.00,0,0,0,0,0,0,0,0,0,0,0,0,0,0,0,0,0,0,0,0,0,0,0,0,0,1,0,0,0
Kost IX Taman Sari Jakarta Pusat,Jakarta Pusat,Taman Sari,0.00,800000.00,0.00,0.00,0.00,Kos Putra,9.00,0,0,0,0,0,0,0,0,0,0,0,0,0,0,0,0,0,0,0,0,0,0,0,0,0,1,0,0,0
Kost Jabusimo Tanjung Priok Jakarta Utara,Jakarta Utara,Tanjung Priok,0.00,2000000.00,0.00,0.00,1.00,Kos Campur,12.25,0,1,1,1,1,1,1,1,1,1,1,1,0,1,1,1,0,1,0,1,0,0,1,0,0,0,0,0,0
Kost Jabutta Living Tanjung Priok Jakarta Utara,Jakarta Utara,Tanjung Priok,0.00,3300000.00,0.00,0.00,0.00,Kos Campur,18.00,0,1,1,1,0,1,1,1,0,0,1,1,1,1,1,1,1,1,1,0,1,0,0,0,1,0,0,0,0
Kost Jalan Merah Jambu Kelapa Gading Jakarta Utara,Jakarta Utara,Kelapa Gading,3.00,1400000.00,5.00,1.00,0.00,Kos Campur,12.00,0,0,1,0,0,1,0,1,1,0,0,1,0,1,0,1,1,1,1,0,0,0,0,0,1,0,0,0,1
Kost Janur Kuning Silver Kelapa Gading Jakarta Utara,Jakarta Utara,Kelapa Gading,0.00,1350000.00,0.00,0.00,5.00,Kos Campur,9.00,0,0,1,1,0,1,1,1,1,1,1,1,0,1,1,1,0,1,1,0,0,0,1,1,1,0,1,0,0
Kost Jayakarta Tipe A Senen Jakarta Pusat,Jakarta Pusat,Senen,0.00,2300000.00,0.00,0.00,1.00,Kos Campur,12.00,0,1,1,1,1,1,1,1,1,1,1,1,0,0,0,1,1,1,1,1,1,0,1,1,1,0,1,0,0
Kost Jessie Tanjung Priok Jakarta Utara,Jakarta Utara,Tanjung Priok,0.00,800000.00,0.00,0.00,1.00,Kos Putri,9.00,0,1,0,1,1,1,0,0,1,1,0,0,0,0,0,1,0,1,0,1,0,0,0,0,0,0,0,0,0
Kost JGC Tipe B Cakung Jakarta Timur,Jakarta Timur,Cakung,1.00,1250000.00,0.00,0.00,0.00,Kos Putri,4.00,0,0,1,1,1,1,1,1,1,1,0,1,0,1,0,1,0,0,1,1,0,0,0,1,0,1,0,0,0
Kost JGC Tipe B Cakung Jakarta Timur,Jakarta Timur,Cakung,1.00,1250000.00,0.00,0.00,0.00,Kos Putri,4.00,0,0,1,1,1,1,1,1,1,1,0,1,0,1,0,1,0,0,1,1,0,0,0,1,0,1,0,0,0
Kost JGC Tipe B Cakung Jakarta Timur,Jakarta Timur,Cakung,1.00,1250000.00,0.00,0.00,0.00,Kos Putri,4.00,0,0,1,1,1,1,1,1,1,1,0,1,0,1,0,1,0,0,1,1,0,0,0,1,0,1,0,0,0
Kost JGC Tipe B Cakung Jakarta Timur,Jakarta Timur,Cakung,1.00,1250000.00,0.00,0.00,0.00,Kos Putri,9.00,0,0,0,0,0,0,0,0,0,0,0,0,0,0,0,0,0,0,0,0,0,0,0,0,0,0,0,0,0
Kost JJ Neo Solitaire VIP Grogol Petamburan Jakarta Barat,Jakarta Barat,Grogol Petamburan,0.00,2370000.00,0.00,0.00,2.00,Kos Campur,14.00,0,1,1,1,1,1,0,1,1,1,1,1,1,1,1,1,1,1,1,1,0,0,0,0,1,0,1,0,0
Kost JJ Soho Solitaire Soho VIP Grogol Petamburan Jakarta Barat,Jakarta Barat,Grogol Petamburan,0.00,2380000.00,3.80,2.00,34.00,Kos Campur,12.00,0,1,1,1,1,1,0,1,1,1,1,1,1,1,1,1,1,1,0,1,0,0,0,0,1,0,1,0,0
Kost JNI Tipe A Cakung Jakarta Timur,Jakarta Timur,Cakung,0.00,1700000.00,0.00,0.00,0.00,Kos Campur,9.00,0,1,1,0,1,1,0,1,0,1,1,1,0,1,0,1,0,1,1,1,0,0,1,1,0,0,0,0,1
Kost JNI Tipe A Cakung Jakarta Timur,Jakarta Timur,Cakung,0.00,1700000.00,0.00,0.00,0.00,Kos Campur,9.00,0,1,1,0,1,1,0,1,0,1,1,1,0,1,0,1,0,1,1,1,0,0,1,1,0,0,0,0,1
Kost JNI Tipe A Cakung Jakarta Timur,Jakarta Timur,Cakung,0.00,1700000.00,0.00,0.00,0.00,Kos Campur,9.00,0,1,1,0,1,1,0,1,0,1,1,1,0,1,0,1,0,1,1,1,0,0,1,1,0,0,0,0,1
Kost JNI Tipe A Cakung Jakarta Timur,Jakarta Timur,Cakung,0.00,1700000.00,0.00,0.00,0.00,Kos Campur,9.00,0,1,1,0,1,1,0,1,0,1,1,1,0,1,0,1,0,1,1,1,0,0,1,1,0,0,0,0,1
Kost JNI Tipe A Cakung Jakarta Timur,Jakarta Timur,Cakung,0.00,1700000.00,0.00,0.00,0.00,Kos Campur,9.00,0,1,1,0,1,1,0,1,0,1,1,1,0,1,0,1,0,1,1,1,0,0,1,1,0,0,0,0,1
Kost Joaliv 45 Pulo Gadung Jakarta Timur,Jakarta Timur,Pulo Gadung,0.00,1600000.00,0.00,0.00,0.00,Kos Putri,9.00,0,1,1,1,1,1,0,0,0,0,0,1,0,1,0,1,0,1,1,1,0,0,0,0,0,0,0,0,0
Kost Joyo 1 Tipe Standard Pesanggrahan Jakarta Selatan,Jakarta Selatan,Pesanggrahan,0.00,2000000.00,0.00,0.00,0.00,Kos Campur,9.00,0,1,1,1,1,1,1,1,0,1,1,1,1,1,1,1,1,1,1,1,1,0,1,0,1,0,0,0,0
Kost Joyo Cempaka Putih Jakarta Pusat,Jakarta Pusat,Cempaka Putih,0.00,2500000.00,0.00,0.00,8.00,Kos Campur,9.00,0,1,1,1,1,1,1,1,1,0,1,1,1,0,0,1,1,1,1,1,0,0,1,0,0,0,1,0,0
Kost Joyo Premium Tipe B Kelapa Gading Jakarta Utara,Jakarta Utara,Kelapa Gading,0.00,2250000.00,0.00,0.00,3.00,Kos Campur,9.00,0,1,1,0,1,1,1,1,1,0,1,1,1,1,0,1,1,1,1,1,1,0,0,0,1,0,1,0,0
Kost Joyo Signature Deluxe Twin Suite Cempaka Putih Jakarta Pusat,Jakarta Pusat,Cempaka Putih,0.00,4000000.00,0.00,0.00,0.00,Kos Campur,25.00,0,1,1,1,1,1,1,1,1,0,1,1,1,1,1,1,1,1,1,1,1,0,1,0,1,0,1,0,0
Kost Joyo Signature Deluxe Twin Suite Cempaka Putih Jakarta Pusat,Jakarta Pusat,Cempaka Putih,0.00,4000000.00,0.00,0.00,0.00,Kos Campur,25.00,0,1,1,1,1,0,0,1,1,0,1,1,1,1,1,1,1,1,1,1,1,0,1,0,1,0,1,0,0
Kost Joyo Signature Premier Suite Cempaka Putih Jakarta Pusat,Jakarta Pusat,Cempaka Putih,0.00,4500000.00,0.00,0.00,0.00,Kos Campur,30.00,0,1,1,1,1,1,1,1,1,0,1,1,1,1,1,1,1,1,1,1,1,0,1,0,1,0,1,0,0
Kost Joyo Signature Tipe Standard Cempaka Putih Jakarta Pusat,Jakarta Pusat,Cempaka Putih,0.00,2500000.00,0.00,0.00,0.00,Kos Campur,9.00,0,1,1,1,1,1,1,1,1,0,1,1,1,1,1,1,1,1,1,1,1,0,1,0,1,0,1,0,0
Kost Kabin Kapsul Kayujati V Tipe B Pulo Gadung Jakarta Timur,Jakarta Timur,Pulo Gadung,2.00,1200000.00,1.50,1.00,0.00,Kos Putra,6.00,0,0,1,0,0,1,0,1,0,1,1,1,0,0,0,1,0,1,0,1,0,0,1,0,0,1,0,0,0
Kost Kalirandu Tipe A Tanjung Priok Jakarta Utara,Jakarta Utara,Tanjung Priok,1.00,1000000.00,0.00,0.00,0.00,Kos Campur,12.00,1,1,0,1,1,1,0,1,1,1,0,0,0,1,1,0,0,1,1,0,0,1,0,1,0,0,0,0,0
Kost Kangaroom Juanda Premium Gambir Jakarta Pusat,Jakarta Pusat,Gambir,1.00,3400000.00,5.00,1.00,1.00,Kos Campur,12.00,0,1,1,1,1,1,0,1,1,0,1,1,1,1,1,1,1,1,1,1,1,0,0,0,0,0,0,0,1
Kost Kangaroom Meruya Premium Kembangan Jakarta Barat,Jakarta Barat,Kembangan,0.00,2500000.00,5.00,1.00,2.00,Kos Campur,9.90,0,1,1,1,1,1,0,1,1,1,0,1,1,1,1,1,1,1,1,1,1,0,0,1,0,0,0,0,0
Kost Kanguru 33 A Tipe Standard Plus Pasar Rebo Jakarta Timur,Jakarta Timur,Pasar Rebo,2.00,1800000.00,0.00,0.00,0.00,Kos Putri,12.00,0,1,1,0,1,1,1,1,1,1,0,1,1,1,0,1,0,1,1,1,1,0,0,1,0,1,1,0,0
Kost Karang Anyar Cherry Residence Tipe B Sawah Besar Jakarta Pusat,Jakarta Pusat,Sawah Besar,0.00,2000000.00,4.50,6.00,1.00,Kos Campur,7.50,0,1,0,1,0,1,0,1,1,1,1,1,0,0,0,1,0,1,1,1,1,0,1,0,1,1,0,0,1
Kost Karen Pulomas Executive Pulo Gadung Jakarta Timur,Jakarta Timur,Pulo Gadung,0.00,1400000.00,0.00,0.00,0.00,Kos Campur,12.00,0,1,0,1,1,1,0,1,0,1,1,1,1,1,1,0,0,1,1,1,0,0,1,0,0,1,0,0,0
Kost Kavling DKI Residence Kembangan Jakarta Barat,Jakarta Barat,Kembangan,0.00,1900000.00,4.60,2.00,5.00,Kos Campur,9.00,0,1,1,1,1,1,0,1,0,0,1,1,1,1,0,1,1,1,1,1,1,0,1,1,1,0,0,0,0
Kost Kayu Jati 10 Residence Tipe VIP Pulo Gadung Jakarta Timur,Jakarta Timur,Pulo Gadung,1.00,2000000.00,0.00,0.00,0.00,Kos Campur,12.00,0,1,1,1,1,1,1,1,1,0,1,1,1,1,0,1,1,1,1,1,0,0,0,1,0,0,0,0,0
Kost Kayya Single Bed Cengkareng Jakarta Barat,Jakarta Barat,Cengkareng,1.00,2000000.00,4.90,2.00,4.00,Kos Campur,8.00,0,1,1,1,1,1,0,1,0,1,1,1,1,1,1,1,1,1,1,1,1,0,1,0,0,0,0,0,0
Kost Kelapa Cengkir Barat Jakarta Utara,Jakarta Utara,Kelapa Gading,3.00,1850000.00,5.00,3.00,2.00,Kos Campur,9.00,1,0,1,1,1,1,0,1,0,1,1,1,1,1,1,1,1,1,1,1,1,0,1,0,0,0,0,0,0
Kost Kelapa Puan Timur Tipe B Kelapa Gading Jakarta Utara,Jakarta Utara,Kelapa Gading,1.00,800000.00,4.50,2.00,14.00,Kos Campur,5.00,1,0,1,1,1,1,0,1,1,1,0,0,0,1,0,1,0,1,1,1,0,0,0,1,0,0,0,0,0
Kost Kelapa Puan Timur Tipe E Kelapa Gading Jakarta Utara,Jakarta Utara,Kelapa Gading,1.00,695000.00,4.80,3.00,15.00,Kos Campur,5.00,1,0,1,1,0,1,0,1,1,1,0,0,0,1,1,1,0,1,1,1,0,1,0,1,0,0,0,0,0
Kost Kelowna House Tipe A Sawah Besar Jakarta Pusat,Jakarta Pusat,Sawah Besar,3.00,3300000.00,0.00,0.00,6.00,Kos Campur,9.00,0,1,1,1,1,1,1,1,0,0,1,1,1,1,1,1,1,1,1,1,0,0,0,1,1,0,0,0,0
Kost Kemakmuran Residence Gambir Jakarta Pusat,Jakarta Pusat,Gambir,0.00,2600000.00,4.40,11.00,7.00,Kos Campur,9.00,0,1,1,1,0,1,0,0,1,1,1,1,1,1,0,1,1,1,0,1,0,0,1,0,1,0,0,0,0
Kost Kemuning Agung Perkasa Tanjung Priok Jakarta Utara,Jakarta Utara,Tanjung Priok,0.00,1500000.00,0.00,0.00,1.00,Kos Campur,9.00,0,1,1,1,1,1,0,1,1,1,1,1,0,1,1,1,1,1,1,1,1,0,1,0,1,0,0,0,1
Kost Kenanga Cipayung Jakarta Timur,Jakarta Timur,Cipayung,1.00,1200000.00,4.60,1.00,4.00,Kos Putri,18.00,0,1,1,1,1,1,1,1,0,1,1,1,0,1,0,1,0,1,0,1,0,0,1,0,0,1,0,0,0
Kost Khaira Tipe Standar Kemayoran Jakarta Pusat,Jakarta Pusat,Kemayoran,3.00,900000.00,0.00,0.00,3.00,Kos Campur,9.00,0,1,0,1,1,1,0,0,0,1,0,0,0,1,0,0,0,1,0,0,0,1,0,0,0,1,0,0,0
Kost Kita Cakung Jakarta Timur,Jakarta Timur,Cakung,0.00,1200000.00,0.00,0.00,0.00,Kos Putri,9.00,0,0,0,0,0,0,0,0,0,0,0,0,0,0,0,0,0,0,0,0,0,0,0,0,0,0,0,0,0
Kost Kita Tipe D Kemayoran Jakarta Pusat,Jakarta Pusat,Kemayoran,3.00,1700000.00,0.00,0.00,0.00,Kos Campur,9.00,0,1,0,1,1,1,0,1,0,1,1,1,0,1,1,1,0,1,1,1,0,0,0,0,0,0,0,0,0
Kost Kita Tipe D Kemayoran Jakarta Pusat,Jakarta Pusat,Kemayoran,3.00,1700000.00,0.00,0.00,0.00,Kos Campur,9.00,0,1,0,1,1,1,0,1,0,1,1,1,0,1,1,1,0,1,1,1,0,0,0,0,0,0,0,0,0
Kost Kopyor Barat Kelapa Gading Jakarta Utara,Jakarta Utara,Kelapa Gading,2.00,1400000.00,4.60,2.00,1.00,Kos Putra,9.00,0,0,1,1,0,1,0,0,1,1,1,1,1,1,0,1,0,1,1,1,1,0,1,0,1,0,1,0,0
Kost Lavender Living Duri Kosambi Deluxe Room Cengkareng Jakarta Barat,Jakarta Barat,Cengkareng,0.00,2500000.00,0.00,0.00,0.00,Kos Campur,9.00,0,1,1,1,1,1,0,1,1,0,1,1,0,1,1,1,0,1,1,1,1,0,1,1,0,1,1,0,0
Kost Le Paseban Superior Senen Jakarta Pusat,Jakarta Pusat,Senen,0.00,2999000.00,4.80,15.00,74.00,Kos Campur,9.00,0,1,1,1,1,1,0,1,1,1,1,1,1,1,1,1,1,1,1,1,1,0,0,0,1,0,1,0,1
Kost Lee's Tanjung Priok Jakarta Utara,Jakarta Utara,Tanjung Priok,2.00,1100000.00,0.00,0.00,7.00,Kos Campur,6.00,0,1,1,1,1,1,0,1,0,1,0,0,0,0,0,1,0,1,1,1,0,0,0,0,0,0,0,0,0
Kost Lenny Tipe B Kelapa Gading Jakarta Utara,Jakarta Utara,Kelapa Gading,0.00,2200000.00,0.00,0.00,1.00,Kos Putra,12.00,0,1,1,0,0,0,0,1,1,0,0,1,1,0,0,1,1,1,1,1,0,0,0,0,0,0,0,0,0
Kost Leo Kelapa Gading Jakarta Utara,Jakarta Utara,Kelapa Gading,0.00,1500000.00,0.00,0.00,0.00,Kos Campur,9.00,0,0,1,0,0,0,0,0,0,0,1,1,0,1,0,1,0,1,0,0,1,0,1,0,1,0,0,0,0
Kost Lestari Vip Kelapa Gading Jakarta Utara,Jakarta Utara,Kelapa Gading,1.00,1700000.00,0.00,0.00,1.00,Kos Campur,9.00,1,0,1,1,1,1,0,1,0,0,0,1,0,0,0,1,1,1,0,1,0,0,1,0,1,0,0,0,0
Kost Living Plus 2 Pulo Gadung Jakarta Timur,Jakarta Timur,Pulo Gadung,2.00,1600000.00,0.00,0.00,0.00,Kos Campur,12.00,0,1,1,1,1,1,0,0,0,1,0,1,0,0,0,1,0,0,0,1,0,0,0,0,1,0,0,0,1
Kost Living Plus Tawakal Tipe B Grogol petamburan Jakarta Barat,Jakarta Barat,Grogol Petamburan,0.00,1300000.00,0.00,0.00,0.00,Kos Campur,12.00,0,0,1,0,1,1,0,1,0,1,1,1,0,1,0,1,1,1,0,0,0,0,0,1,0,0,0,0,1
Kost Logo Residence Tipe Standar Kebayoran Baru Jakarta Selatan,Jakarta Selatan,Kebayoran Baru,1.00,3500000.00,0.00,0.00,15.00,Kos Campur,15.00,0,1,1,1,0,1,1,1,1,0,1,1,1,0,0,1,1,1,1,1,1,0,0,1,1,0,1,0,1
Kost Lotus Pancoran Jakarta Selatan,Jakarta Selatan,Pancoran,0.00,2000000.00,0.00,0.00,0.00,Kos Putri,9.00,1,1,1,1,1,1,1,1,1,1,1,1,0,1,1,1,0,1,0,1,0,0,0,0,0,1,0,0,1
Kost Luxury VIP Cilincing Jakarta Utara,Jakarta Utara,Cilincing,1.00,1500000.00,0.00,0.00,0.00,Kos Putra,9.00,0,1,1,1,0,1,1,1,1,1,1,1,0,1,1,1,0,1,0,1,0,0,1,1,0,0,0,0,0
Kost Maesa Sumur Batu Jakarta Pusat,Jakarta Pusat,Kemayoran,0.00,1300000.00,0.00,0.00,0.00,Kos Campur,10.50,1,0,1,1,0,1,0,1,1,1,1,0,0,1,1,1,0,1,0,0,0,1,1,1,1,1,0,0,1
Kost Mahesa Cilincing Jakarta Utara,Jakarta Utara,Cilincing,0.00,1500000.00,5.00,1.00,10.00,Kos Campur,16.00,0,1,1,1,1,1,0,1,1,1,1,1,0,1,0,1,0,1,1,1,0,0,0,0,0,0,0,0,1
Kost Makmur Jaya 198 Tipe A Penjaringan Jakarta Utara,Jakarta Utara,Penjaringan,0.00,1700000.00,0.00,0.00,0.00,Kos Campur,12.00,0,1,1,1,0,1,0,1,0,1,1,1,0,1,1,1,0,1,0,0,0,0,1,0,0,1,0,0,1
Kost Mama Inul Tipe A Mampang Prapatan Jakarta Selatan,Jakarta Selatan,Mampang Prapatan,2.00,1300000.00,5.00,1.00,1.00,Kos Campur,7.50,1,1,0,1,1,0,0,1,0,1,0,0,0,1,0,0,0,1,0,0,0,1,0,1,0,1,0,0,0
Kost Mama Nia Tipe A Koja Jakarta Utara,Jakarta Utara,Koja,1.00,1400000.00,0.00,0.00,5.00,Kos Campur,17.50,0,1,1,1,0,1,0,1,1,1,1,1,1,1,1,1,0,0,0,1,0,0,1,0,0,0,0,1,0
Kost Mami Anna Kelapa Gading Jakarta Utara,Jakarta Utara,Kelapa Gading,2.00,2000000.00,4.80,2.00,8.00,Kos Campur,9.00,0,1,1,1,1,1,1,1,1,1,1,1,0,1,1,1,1,1,1,1,1,0,0,1,1,0,0,0,1
Kost Mami Eryda Tipe A Pulo Gadung Jakarta Timur,Jakarta Timur,Pulo Gadung,1.00,1200000.00,0.00,0.00,0.00,Kos Campur,12.00,0,0,1,1,1,1,0,1,0,1,0,1,0,1,1,0,0,0,1,1,0,1,1,1,1,1,0,1,0
Kost Mami Gibbor Tipe A Tanjung Priok Jakarta Utara,Jakarta Utara,Tanjung Priok,2.00,900000.00,0.00,0.00,0.00,Kos Campur,12.00,0,0,0,1,1,1,0,0,1,1,0,0,0,0,0,0,0,0,0,1,0,0,0,0,0,1,0,0,1
Kost Mami Jeje Cakung Jakarta Timur,Jakarta Timur,Cakung,1.00,1350000.00,0.00,0.00,0.00,Kos Putri,9.00,1,0,1,0,1,1,0,1,1,1,1,1,0,1,1,1,0,1,1,1,0,1,1,1,0,1,1,0,0
Kost Mandala Guest House Tipe VVIP Grogol Petamburan Jakarta Barat,Jakarta Barat,Grogol Petamburan,2.00,1600000.00,0.00,0.00,0.00,Kos Campur,9.00,0,1,1,1,0,1,0,1,0,0,0,1,0,0,0,1,0,1,0,1,0,0,0,0,1,0,0,0,1
Kost Mango Premium Cilandak Jakarta Selatan,Jakarta Selatan,Cilandak,0.00,6499000.00,4.50,2.00,13.00,Kos Campur,25.00,0,1,1,1,1,1,1,1,1,0,1,1,1,1,1,1,1,1,1,1,1,0,0,0,1,0,0,0,0
Kost MD 41 Residence Tipe A Jatinegara Jakarta Timur,Jakarta Timur,Jatinegara,0.00,1975000.00,0.00,0.00,0.00,Kos Putra,9.00,1,1,1,1,1,1,0,1,0,1,1,1,0,1,1,1,0,1,0,1,1,0,1,1,0,0,0,0,0
Kost Mehan Kolis Tipe A Tanjung Priok Jakarta Utara,Jakarta Utara,Tanjung Priok,0.00,850000.00,0.00,0.00,3.00,Kos Campur,15.00,0,1,0,1,0,1,0,1,0,1,0,0,0,0,0,0,0,0,0,0,0,0,0,0,0,0,0,0,0
Kost Menara Residence 29 Standard Kembangan Jakarta Barat,Jakarta Barat,Kembangan,2.00,2200000.00,0.00,0.00,5.00,Kos Campur,14.00,0,1,1,1,1,1,1,1,1,1,1,1,1,1,0,1,1,1,1,1,1,0,0,1,1,0,0,0,0
Kost Menteng Guest House King Size Bed Menteng Jakarta Pusat,Jakarta Pusat,Menteng,1.00,4700000.00,0.00,0.00,0.00,Kos Campur,16.50,1,1,1,1,1,1,1,1,1,1,1,1,1,1,0,1,1,1,1,1,1,0,1,0,1,0,1,0,0
Kost Menteng Guest House Single Bed Menteng Jakarta Pusat,Jakarta Pusat,Menteng,1.00,3750000.00,0.00,0.00,0.00,Kos Campur,13.50,1,1,1,1,1,1,1,1,1,1,1,1,1,1,1,1,1,1,1,1,1,0,0,0,1,0,1,0,1
Kost Menteng Latuharhary Menteng Jakarta Pusat,Jakarta Pusat,Menteng,1.00,3500000.00,0.00,0.00,0.00,Kos Putri,30.00,1,1,1,1,1,1,1,1,1,1,1,1,1,1,1,1,0,0,0,1,1,0,1,0,1,1,1,1,0
Kost Merah Delima A4 Kelapa Gading Jakarta Utara,Jakarta Utara,Kelapa Gading,2.00,1550000.00,0.00,0.00,0.00,Kos Putri,9.00,1,0,1,0,1,1,0,0,1,1,0,1,0,1,1,0,0,1,1,0,0,1,0,0,0,0,0,1,0
Kost Metta Kramatjati Jakarta Timur,Jakarta Timur,Kramat Jati,0.00,1500000.00,0.00,0.00,2.00,Kos Campur,9.00,0,1,1,1,0,1,0,1,1,1,1,1,1,1,0,1,1,1,1,1,1,0,1,0,1,0,0,0,0
Kost MG Resident Grogol Petamburan Jakarta Barat,Jakarta Barat,Grogol Petamburan,3.00,2600000.00,0.00,0.00,0.00,Kos Campur,12.00,0,1,1,1,1,1,1,1,0,0,0,1,0,1,0,1,1,1,1,1,1,0,1,1,1,0,0,0,1
Kost Mianma Executive Tanjung Priok Jakarta Utara,Jakarta Utara,Tanjung Priok,2.00,860000.00,0.00,0.00,3.00,Kos Campur,9.36,1,1,0,1,1,1,1,1,0,1,1,0,0,1,0,1,0,1,0,0,0,1,0,0,0,1,0,0,0
Kost Milenial Cengkareng Jakarta Barat,Jakarta Barat,Cengkareng,0.00,1400000.00,0.00,0.00,0.00,Kos Putra,9.00,0,0,0,0,0,0,0,0,0,0,0,0,0,0,0,0,0,0,0,0,0,0,0,0,0,0,0,0,0
Kost Milenial Tanjung Priok Jakarta Utara,Jakarta Utara,Tanjung Priok,1.00,1400000.00,0.00,0.00,6.00,Kos Putri,12.00,0,1,1,1,1,1,0,1,0,1,1,1,0,1,0,1,0,1,1,1,0,0,0,1,0,1,0,0,0
Kost Mimi Tipe C Kelapa Gading Jakarta Utara,Jakarta Utara,Kelapa Gading,1.00,2000000.00,0.00,0.00,0.00,Kos Putri,9.00,0,0,1,0,1,1,0,1,0,0,1,1,1,1,1,0,0,1,1,1,0,0,0,0,0,0,0,0,0
Kost Mimi Tipe I Kelapa Gading Jakarta Utara,Jakarta Utara,Kelapa Gading,1.00,2100000.00,0.00,0.00,0.00,Kos Putri,9.00,0,1,1,1,1,1,1,1,1,1,1,1,1,1,1,1,1,1,1,0,0,0,0,0,1,0,0,0,0
Kost Mimosa 1 Tipe WC Luar AC sharing Tanjung Priok Jakarta Utara,Jakarta Utara,Tanjung Priok,1.00,1300000.00,0.00,0.00,1.00,Kos Campur,6.00,1,0,1,1,1,1,0,1,1,1,1,1,0,1,0,1,0,0,1,1,1,0,1,0,1,0,0,0,1
Kost Mina Ciracas Jakarta Timur,Jakarta Timur,Ciracas,0.00,1000000.00,0.00,0.00,1.00,Kos Campur,12.00,1,1,0,1,1,1,0,0,0,0,0,0,0,1,1,0,0,1,0,1,0,0,0,1,0,1,0,0,0
Kost Mindi 41 Tipe B Koja Jakarta Utara,Jakarta Utara,Koja,0.00,1600000.00,0.00,0.00,5.00,Kos Campur,12.00,0,1,0,1,1,1,0,1,0,0,0,1,1,1,0,1,0,1,1,1,1,0,0,1,0,1,0,0,0
Kost Murni 3 Tipe A Penjaringan Jakarta Utara,Jakarta Utara,Penjaringan,0.00,2300000.00,0.00,0.00,7.00,Kos Campur,9.00,1,0,1,1,1,1,1,1,1,1,0,1,0,1,1,1,0,1,1,0,0,0,0,1,1,0,1,0,1
Kost Muslimah Rumah Nadine Tipe B Pasar Minggu Jakarta Selatan,Jakarta Selatan,Pasar Minggu,1.00,2500000.00,0.00,0.00,0.00,Kos Putri,16.00,0,1,1,0,1,1,1,1,1,1,1,1,0,1,1,1,0,1,1,1,1,0,1,1,0,0,1,0,0
Kost Muwardi IIIA Residence Grogol Petamburan Jakarta Barat,Jakarta Barat,Grogol Petamburan,1.00,2000000.00,0.00,0.00,7.00,Kos Putri,8.10,0,1,1,1,1,1,0,1,1,1,1,1,1,1,1,1,1,1,1,1,1,0,0,1,1,0,0,0,1
Kost MX Home Tipe B Kelapa Gading Jakarta Utara,Jakarta Utara,Kelapa Gading,2.00,1300000.00,3.40,1.00,9.00,Kos Campur,9.00,0,0,1,1,1,1,1,1,1,1,1,1,1,0,0,1,0,1,0,1,0,1,1,0,1,1,1,0,0
Kost My 1 Tipe B Penjaringan Jakarta Utara,Jakarta Utara,Penjaringan,0.00,1700000.00,0.00,0.00,0.00,Kos Putri,6.72,0,0,1,1,1,1,0,1,1,1,1,1,0,1,1,1,1,1,1,1,1,0,1,1,1,0,0,0,0
Kost My 2 Tipe A Penjaringan Jakarta Utara,Jakarta Utara,Penjaringan,0.00,2500000.00,0.00,0.00,0.00,Kos Putri,6.72,0,1,1,0,1,1,0,1,1,1,1,1,0,1,1,1,1,1,1,1,1,0,1,1,1,0,0,0,0
Kost My VIP Penjaringan Jakarta Utara,Jakarta Utara,Penjaringan,0.00,1700000.00,0.00,0.00,0.00,Kos Putri,9.00,0,1,1,1,1,1,1,1,1,1,0,1,0,1,0,1,0,1,1,1,1,0,0,1,1,1,0,0,0
Kost Myah Make Yourself At Home Tipe B Taman Sari Jakarta Barat,Jakarta Barat,Taman Sari,2.00,2800000.00,4.90,1.00,4.00,Kos Campur,14.00,0,1,1,1,0,1,1,0,1,0,1,1,1,0,0,1,1,1,0,0,0,0,0,0,1,0,0,0,0
Kost N Tipe B Cempaka Putih Jakarta Pusat,Jakarta Pusat,Cempaka Putih,0.00,3000000.00,0.00,0.00,1.00,Kos Campur,16.00,0,1,1,0,0,1,1,1,1,1,1,1,1,0,0,1,1,1,0,0,0,0,1,0,1,0,0,0,0
Kost N Tipe C Cempaka Putih Jakarta Pusat,Jakarta Pusat,Cempaka Putih,3.00,3500000.00,0.00,0.00,0.00,Kos Campur,12.00,0,1,1,0,0,1,1,1,1,1,1,1,1,0,0,1,1,1,0,0,0,0,1,0,1,0,0,0,0
Kost N Tipe D Cempaka Putih Jakarta Pusat,Jakarta Pusat,Cempaka Putih,3.00,4000000.00,0.00,0.00,0.00,Kos Campur,24.00,0,1,1,0,0,1,1,1,1,1,1,1,1,0,0,1,1,1,0,0,0,0,1,0,1,0,0,0,0
Kost Nala Tipe Gold Pesanggrahan Jakarta Selatan,Jakarta Selatan,Pesanggrahan,1.00,2100000.00,0.00,0.00,0.00,Kos Putri,23.10,0,1,0,1,1,1,0,1,1,1,1,1,0,1,1,1,0,1,1,1,1,0,0,1,0,1,0,0,1
Kost Nali House Tipe B Kelapa Gading Jakarta Utara,Jakarta Utara,Kelapa Gading,0.00,1400000.00,0.00,0.00,0.00,Kos Putri,9.00,0,0,1,1,1,1,0,1,1,1,1,1,1,1,1,1,0,1,1,1,0,0,1,1,1,1,0,0,0
Kost Nanda AC Exclusive Suite Plus Pulo Gadung Jakarta Timur,Jakarta Timur,Pulo Gadung,1.00,3650000.00,5.00,3.00,7.00,Kos Campur,20.00,0,1,1,1,1,1,1,1,1,1,1,1,1,1,1,1,1,1,1,1,1,0,0,0,1,1,1,0,0
Kost Narendras House Kelapa Gading Jakarta Utara,Jakarta Utara,Kelapa Gading,0.00,2000000.00,0.00,0.00,0.00,Kos Campur,9.00,0,1,1,1,0,1,0,1,1,1,1,1,0,1,1,1,0,0,0,1,1,0,1,1,0,0,1,0,1
Kost Nias Kelapa Gading Jakarta Utara,Jakarta Utara,Kelapa Gading,0.00,1900000.00,4.00,2.00,14.00,Kos Campur,9.00,1,1,1,1,1,1,1,1,1,1,1,1,0,1,1,1,0,1,1,1,0,0,1,0,0,0,1,0,0
Kost Nicks Residence 1 Tipe Executive Pulo Gadung Jakarta Timur,Jakarta Timur,Pulo Gadung,0.00,2650000.00,0.00,0.00,0.00,Kos Campur,15.00,0,1,1,1,1,1,1,1,1,1,1,1,0,1,1,1,1,1,1,1,0,1,0,0,1,0,0,0,0
Kost Nine Living Tipe A Tanjung Priok Jakarta Utara,Jakarta Utara,Tanjung Priok,0.00,1400000.00,0.00,0.00,5.00,Kos Campur,9.00,0,1,0,1,1,1,1,1,0,1,1,1,1,1,0,0,0,1,1,1,0,0,1,1,1,1,0,0,0
Kost Ny Linda Kelapa Gading Jakarta Utara,Jakarta Utara,Kelapa Gading,0.00,885000.00,0.00,0.00,0.00,Kos Campur,9.00,0,0,1,1,0,1,0,1,1,1,0,0,0,0,0,1,0,1,0,1,0,1,0,0,1,0,0,0,0
Kost Nyaman Kelapa Gading Jakarta Utara,Jakarta Utara,Kelapa Gading,1.00,1399999.00,0.00,0.00,0.00,Kos Campur,9.00,0,1,1,1,0,1,0,1,1,1,0,1,1,1,1,1,0,1,1,1,1,0,0,0,0,0,1,0,0
Kost Nyaman Kemanggisan President Suite Palmerah Jakarta Barat,Jakarta Barat,Palmerah,3.00,2650000.00,0.00,0.00,0.00,Kos Campur,12.00,0,1,1,1,1,1,1,1,1,1,1,1,1,1,1,1,1,1,1,1,1,0,0,0,1,0,1,0,0
Kost Nyaman Tipe VIP Tanah Abang Jakarta Pusat,Jakarta Pusat,Tanah Abang,1.00,2600000.00,0.00,0.00,2.00,Kos Campur,9.00,0,1,0,1,1,1,1,1,1,1,1,1,1,1,1,1,1,1,1,1,1,0,0,0,1,0,1,0,1
Kost Olga Astrid Puspita Tipe A Kramatjati Jakarta Timur,Jakarta Timur,Kramat Jati,1.00,1300000.00,0.00,0.00,3.00,Kos Campur,7.50,0,1,0,0,0,1,0,0,0,1,0,0,0,0,0,0,0,1,0,1,0,1,0,0,1,0,0,0,1
Kost Olin Tipe A Kramatjati Jakarta Timur,Jakarta Timur,Kramat Jati,3.00,1550000.00,0.00,0.00,2.00,Kos Campur,21.00,0,1,0,1,1,1,0,1,1,1,0,1,0,1,0,0,0,0,0,0,0,0,0,1,1,1,0,0,1
Kost Oma Ida Tipe B Kelapa Gading Jakarta Utara,Jakarta Utara,Kelapa Gading,1.00,1300000.00,0.00,0.00,0.00,Kos Campur,9.00,1,0,0,0,1,1,1,1,1,1,1,0,0,0,1,0,0,1,0,1,1,0,1,1,0,1,0,0,0
Kost Omah Sin Kiang Tanjung Priok Jakarta Utara,Jakarta Utara,Tanjung Priok,0.00,700000.00,0.00,0.00,2.00,Kos Campur,9.00,1,1,0,1,1,1,1,1,1,1,0,0,1,1,0,0,0,1,0,0,0,1,0,0,0,1,0,0,0
Kost Orange Tipe B Pulo Gadung Jakarta Timur,Jakarta Timur,Pulo Gadung,0.00,1005000.00,0.00,0.00,0.00,Kos Putra,6.00,0,0,1,1,1,1,0,1,1,1,0,1,0,1,0,0,0,1,0,1,0,0,0,0,0,1,1,0,0
Kost Pa Guru Tanjung Priok Jakarta Utara,Jakarta Utara,Tanjung Priok,0.00,700000.00,0.00,0.00,0.00,Kos Campur,12.00,0,0,0,0,1,1,0,1,1,1,0,0,0,1,0,0,0,0,0,0,0,0,0,0,1,1,0,1,0
Kost Pahala Sunter Podomoro Tipe A Tanjung Priok Jakarta Utara,Jakarta Utara,Tanjung Priok,0.00,1300000.00,3.10,6.00,0.00,Kos Campur,12.00,0,1,0,0,0,1,1,0,0,0,0,1,1,0,0,1,1,1,0,1,0,0,0,0,0,1,0,0,0
Kost Pahala Sunter Podomoro Tipe C Tanjung Priok Jakarta Utara,Jakarta Utara,Tanjung Priok,0.00,1300000.00,1.30,1.00,3.00,Kos Campur,12.00,0,1,0,1,0,1,1,0,0,1,0,1,1,0,0,1,0,1,0,1,0,0,0,0,0,1,0,0,0
Kost Pak Aji Tipe A Tanjung Priok Jakarta Utara,Jakarta Utara,Tanjung Priok,0.00,1100000.00,0.00,0.00,4.00,Kos Campur,5.00,0,1,0,1,1,1,0,0,0,1,0,1,0,1,0,1,0,1,1,1,0,0,0,1,0,1,0,0,0
Kost Pak RT Cipayung Jakarta Timur,Jakarta Timur,Cipayung,2.00,900000.00,0.00,0.00,0.00,Kos Putri,12.00,0,1,0,0,0,1,0,0,0,0,0,0,0,1,0,0,0,1,0,0,0,1,0,1,0,0,0,0,0
Kost Pak Salim Executive Penjaringan Jakarta Utara,Jakarta Utara,Penjaringan,1.00,1700000.00,0.00,0.00,0.00,Kos Campur,12.00,0,1,1,1,1,1,0,1,1,1,1,1,0,1,1,1,1,1,1,1,1,0,1,1,1,1,0,0,0
Kost Pan Regist Jelambar Angke Tipe A Grogol Petamburan Jakarta Barat,Jakarta Barat,Grogol Petamburan,1.00,2225000.00,4.30,3.00,9.00,Kos Campur,12.00,0,1,1,1,0,1,1,0,1,1,1,1,1,0,0,1,1,1,1,0,1,0,1,0,0,0,1,0,0
Kost Paseban 45 Tipe C Senen Jakarta Pusat,Jakarta Pusat,Senen,0.00,1600000.00,0.00,0.00,0.00,Kos Campur,5.76,0,1,1,0,0,0,0,0,0,0,1,0,0,0,0,0,0,1,0,0,0,0,0,0,0,0,0,0,1
Kost Paviliun Kemanggisan Tipe Executive Palmerah Jakarta Barat,Jakarta Barat,Palmerah,2.00,2250000.00,5.00,2.00,14.00,Kos Campur,15.00,1,1,1,1,1,1,1,1,1,1,1,1,1,1,1,1,0,1,1,0,0,0,0,0,1,0,1,0,0
Kost PBS Pramuka Tipe A Cempaka Putih Jakarta Pusat,Jakarta Pusat,Cempaka Putih,0.00,2350000.00,0.00,0.00,0.00,Kos Putri,17.50,0,1,1,1,1,1,0,1,0,1,1,1,0,1,1,1,1,1,1,1,0,0,0,1,1,1,0,0,0
Kost Pelangi TIpe B Kelapa Gading Jakarta Utara,Jakarta Utara,Kelapa Gading,2.00,1050000.00,0.00,0.00,1.00,Kos Putra,6.60,0,0,1,0,1,1,0,1,1,1,0,0,0,0,0,0,0,1,0,1,0,0,0,0,0,0,0,0,0
Kost Peony Flower Peony C Mampang Prapatan Jakarta Selatan,Jakarta Selatan,Mampang Prapatan,1.00,1100000.00,0.00,0.00,1.00,Kos Putri,6.00,0,1,1,1,1,0,0,1,0,1,0,0,0,0,0,1,0,1,1,1,0,1,0,0,0,1,0,0,0
Kost Permata Biru Tipe A Kelapa Gading Jakarta Utara,Jakarta Utara,Kelapa Gading,0.00,1300000.00,0.00,0.00,4.00,Kos Campur,7.50,0,1,1,0,0,1,1,0,1,0,0,1,0,0,0,0,0,1,0,1,0,0,0,0,0,0,1,0,0
Kost Pertiwi Matraman Jakarta Timur,Jakarta Timur,Matraman,1.00,1650000.00,0.00,0.00,5.00,Kos Putri,9.00,0,1,0,1,1,1,0,1,0,1,1,1,1,1,0,0,0,1,1,1,1,0,1,1,0,1,0,0,1
Kost Pilar Residence Kebon Jeruk Jakarta Barat,Jakarta Barat,Kebon Jeruk,2.00,2000000.00,4.90,1.00,4.00,Kos Putri,7.20,0,1,1,1,1,1,1,1,1,1,1,1,0,1,1,1,1,1,0,1,0,0,0,1,0,0,0,0,1
Kost Pinky Tipe Executive Pulo Gadung Jakarta Timur,Jakarta Timur,Pulo Gadung,0.00,1400000.00,0.00,0.00,4.00,Kos Putri,9.00,0,1,1,1,1,1,0,0,1,1,1,1,0,1,0,1,0,1,1,1,0,0,1,0,0,0,1,0,0
Kost Pintu Hijau Tipe A Kelapa Gading Jakarta Utara,Jakarta Utara,Kelapa Gading,2.00,2500000.00,0.00,0.00,0.00,Kos Putri,12.00,0,1,1,1,1,1,1,1,1,1,1,1,0,1,1,1,1,1,1,1,1,0,1,1,0,0,1,0,1
Kost Piter Tipe B Pulo Gadung Jakarta Timur,Jakarta Timur,Pulo Gadung,0.00,1200000.00,0.00,0.00,0.00,Kos Campur,12.00,0,1,1,0,0,1,0,1,1,1,0,1,0,1,1,1,0,1,1,1,1,0,0,1,1,0,1,0,0
Kost Pondok Mitra Tipe B Tanjung Priok Jakarta Utara,Jakarta Utara,Tanjung Priok,0.00,1100000.00,0.00,0.00,0.00,Kos Campur,12.00,0,1,0,0,1,0,0,0,0,0,0,1,0,1,0,0,0,1,0,0,0,0,0,1,0,0,0,0,0
Kost Pondok Mitra Tipe C Tanjung Priok Jakarta Utara,Jakarta Utara,Tanjung Priok,1.00,1100000.00,0.00,0.00,2.00,Kos Campur,18.00,0,1,0,1,1,1,0,0,0,1,0,0,0,1,0,0,0,1,0,0,0,1,1,0,0,1,0,0,0
Kost Pondok Muslimah Tipe B Gudep Jakarta Timur,Jakarta Timur,Matraman,1.00,950000.00,0.00,0.00,0.00,Kos Putri,9.00,0,0,1,0,1,0,0,1,0,1,0,0,0,0,0,0,0,0,0,1,0,0,0,0,0,0,0,0,1
Kost Pondok Tipe Menengah Pulo Gadung Jakarta Timur,Jakarta Timur,Pulo Gadung,1.00,1200000.00,0.00,0.00,0.00,Kos Putri,9.00,1,1,0,1,1,1,0,1,1,1,0,0,1,1,0,0,0,1,1,0,0,1,0,0,0,0,0,1,0
Kost Pondok Tipe Menengah Pulo Gadung Jakarta Timur,Jakarta Timur,Pulo Gadung,1.00,1200000.00,0.00,0.00,0.00,Kos Putri,9.00,1,1,0,1,1,1,0,1,1,1,0,0,1,1,0,0,0,1,1,0,0,1,0,0,0,0,0,1,0
Kost Pratama Tipe B3 Duren Sawit Jakarta Timur,Jakarta Timur,Duren Sawit,1.00,1600000.00,0.00,0.00,0.00,Kos Campur,15.00,0,1,1,1,1,1,0,1,1,1,1,1,0,1,0,0,0,1,1,1,0,0,1,0,0,1,0,0,1
Kost Pratama Tipe B3 Duren Sawit Jakarta Timur,Jakarta Timur,Duren Sawit,1.00,1600000.00,0.00,0.00,0.00,Kos Campur,15.00,0,1,1,1,1,1,0,1,1,1,1,1,0,1,0,0,0,1,1,1,0,0,1,0,0,1,0,0,1
Kost Pratama Tipe B3 Duren Sawit Jakarta Timur,Jakarta Timur,Duren Sawit,1.00,1600000.00,0.00,0.00,0.00,Kos Campur,15.00,0,1,1,1,1,1,0,1,1,1,1,1,0,1,0,0,0,1,1,1,0,0,1,0,0,1,0,0,1
Kost Pratama Tipe B3 Duren Sawit Jakarta Timur,Jakarta Timur,Duren Sawit,1.00,1600000.00,0.00,0.00,0.00,Kos Campur,15.00,0,1,1,1,1,1,0,1,1,1,1,1,0,1,0,0,0,1,1,1,0,0,1,0,0,1,0,0,1
Kost Pratama Tipe B3 Duren Sawit Jakarta Timur,Jakarta Timur,Duren Sawit,1.00,1600000.00,0.00,0.00,0.00,Kos Campur,15.00,0,1,1,1,1,1,0,1,1,1,1,1,0,1,0,0,0,1,1,1,0,0,1,0,0,1,0,0,1
Kost Pratama Tipe G2 Duren Sawit Jakarta Timur,Jakarta Timur,Duren Sawit,1.00,1300000.00,0.00,0.00,1.00,Kos Putri,12.00,0,1,1,1,1,1,0,1,1,1,1,1,0,1,0,0,0,1,1,1,0,0,1,0,0,1,0,0,0
Kost Premier Cengkareng Jakarta Barat,Jakarta Barat,Cengkareng,3.00,2300000.00,5.00,2.00,7.00,Kos Campur,16.00,0,1,1,1,1,1,1,1,1,1,1,1,1,0,0,1,1,1,1,1,1,0,1,0,1,1,0,0,0
Kost Premium Gading Putih Tipe 1 Kelapa Gading Jakarta Utara,Jakarta Utara,Kelapa Gading,3.00,2100000.00,5.00,1.00,7.00,Kos Campur,11.61,0,1,1,1,1,1,0,1,1,1,1,1,0,1,1,1,1,0,1,0,0,0,1,0,1,0,1,0,1
Kost Premium Gading Putih Tipe 2 Kelapa Gading Jakarta Utara,Jakarta Utara,Kelapa Gading,0.00,2400000.00,0.00,0.00,0.00,Kos Campur,11.61,0,1,1,1,1,1,0,1,1,1,1,1,0,1,1,1,1,0,1,1,0,0,1,0,1,0,1,0,0
Kost Puan Kelapa Gading Jakarta Utara,Jakarta Utara,Kelapa Gading,1.00,1900000.00,0.00,0.00,1.00,Kos Campur,12.00,1,0,1,1,1,1,1,0,1,1,0,1,0,1,1,1,1,1,1,1,1,0,1,0,1,0,1,0,1
Kost Pulo Asem Utara 3 Standard Pulo Gadung Jakarta Timur,Jakarta Timur,Pulo Gadung,3.00,1250000.00,0.00,0.00,0.00,Kos Putri,9.00,1,0,1,1,1,1,0,1,1,1,1,1,0,1,0,0,0,1,1,1,0,1,0,0,0,1,0,1,0
Kost Pulo Asem Utara 3 Standard Pulo Gadung Jakarta Timur,Jakarta Timur,Pulo Gadung,3.00,1250000.00,0.00,0.00,0.00,Kos Putri,9.00,1,0,1,1,1,1,0,1,1,1,1,1,0,1,0,0,0,1,1,1,0,1,0,0,0,1,0,1,0
Kost Pulo Asem Utara 3 Standard Pulo Gadung Jakarta Timur,Jakarta Timur,Pulo Gadung,3.00,1250000.00,0.00,0.00,0.00,Kos Putri,9.00,1,0,1,1,1,1,0,1,1,1,1,1,0,1,0,0,0,1,1,1,0,1,0,0,0,1,0,1,0
Kost Pulo Asem Utara 3 Standard Pulo Gadung Jakarta Timur,Jakarta Timur,Pulo Gadung,3.00,1250000.00,0.00,0.00,0.00,Kos Putri,9.00,1,0,1,1,1,1,0,1,1,1,1,1,0,1,0,0,0,1,1,1,0,1,0,0,0,1,0,1,0
Kost Pulo Asem Utara 3 Standard Pulo Gadung Jakarta Timur,Jakarta Timur,Pulo Gadung,3.00,1250000.00,0.00,0.00,0.00,Kos Putri,9.00,1,0,1,1,1,1,0,1,1,1,1,1,0,1,0,0,0,1,1,1,0,1,0,0,0,1,0,1,0
Kost Puri G Hara Jatinegara Jakarta Timur,Jakarta Timur,Jatinegara,1.00,1850000.00,5.00,1.00,5.00,Kos Putra,6.00,1,1,1,1,1,1,0,1,0,1,1,0,0,1,0,1,0,1,0,1,1,0,1,1,0,1,0,0,0
Kost Purnama Resort Nirmala Tipe B Cengkareng Jakarta Barat,Jakarta Barat,Cengkareng,0.00,1500000.00,0.00,0.00,0.00,Kos Campur,9.00,0,1,1,0,1,1,0,1,0,0,1,1,0,1,1,1,0,1,0,1,1,0,0,1,0,0,0,0,0
Kost Purnama Resort Palem Kalideres Jakarta Barat,Jakarta Barat,Kalideres,2.00,1400000.00,0.00,0.00,1.00,Kos Campur,9.00,0,1,0,1,1,1,0,1,0,1,1,1,0,1,1,0,0,1,0,0,0,0,0,1,0,0,0,0,0
Kost Qing House KG Executive Kelapa Gading Jakarta Utara,Jakarta Utara,Kelapa Gading,2.00,2000000.00,0.00,0.00,0.00,Kos Putri,12.00,0,0,1,1,1,1,1,1,1,1,1,1,1,1,0,1,0,1,1,1,1,0,0,0,1,0,1,0,0
Kost Qinoy Johar Baru Jakarta Pusat,Jakarta Pusat,Johar Baru,1.00,1000000.00,0.00,0.00,0.00,Kos Campur,12.00,1,1,0,1,1,1,0,1,1,1,0,0,0,1,0,0,0,1,1,1,0,1,0,1,1,1,1,0,0
Kost Qosanque Cakung Jakarta Timur,Jakarta Timur,Cakung,2.00,950000.00,0.00,0.00,0.00,Kos Putra,5.00,1,0,0,1,1,1,0,1,0,1,1,0,1,1,0,1,0,1,0,1,0,1,1,0,0,1,0,0,0
Kost Queen Sunter Tipe A Jakarta Utara,Jakarta Utara,Tanjung Priok,0.00,2500000.00,0.00,0.00,0.00,Kos Campur,7.50,0,1,1,1,0,1,1,0,0,0,1,1,1,1,1,1,1,1,0,0,0,0,1,1,1,0,0,1,0
Kost Queen Sunter Tipe D Jakarta Utara,Jakarta Utara,Tanjung Priok,0.00,2000000.00,0.00,0.00,0.00,Kos Campur,9.00,0,0,0,1,0,0,0,0,0,0,0,0,0,0,0,0,0,1,0,0,0,0,0,0,0,0,0,0,0
Kost R 15 Tipe A Cempaka Putih Jakarta Pusat,Jakarta Pusat,Cempaka Putih,0.00,1400000.00,4.50,2.00,2.00,Kos Campur,9.00,1,1,1,1,1,1,0,1,0,1,0,0,0,1,0,1,0,1,0,0,0,1,0,1,0,1,0,0,0
Kost Raden Tipe A Pulo Gadung Jakarta Timur,Jakarta Timur,Pulo Gadung,1.00,1200000.00,0.00,0.00,0.00,Kos Putra,13.75,0,1,0,0,0,1,0,0,0,1,0,0,0,1,0,0,0,1,0,1,0,0,0,0,0,1,0,0,1
Kost Raden Tipe A Pulo Gadung Jakarta Timur,Jakarta Timur,Pulo Gadung,1.00,1200000.00,0.00,0.00,0.00,Kos Putra,13.75,0,1,0,0,0,1,0,0,0,1,0,0,0,1,0,0,0,1,0,1,0,0,0,0,0,1,0,0,1
Kost Raden Tipe A Pulo Gadung Jakarta Timur,Jakarta Timur,Pulo Gadung,1.00,1200000.00,0.00,0.00,0.00,Kos Putra,13.75,0,1,0,0,0,1,0,0,0,1,0,0,0,1,0,0,0,1,0,1,0,0,0,0,0,1,0,0,1
Kost Raden Tipe A Pulo Gadung Jakarta Timur,Jakarta Timur,Pulo Gadung,1.00,1200000.00,0.00,0.00,0.00,Kos Putra,13.75,0,1,0,0,0,1,0,0,0,1,0,0,0,1,0,0,0,1,0,1,0,0,0,0,0,1,0,0,1
Kost Raden Tipe A Pulo Gadung Jakarta Timur,Jakarta Timur,Pulo Gadung,1.00,1200000.00,0.00,0.00,0.00,Kos Putra,13.75,0,1,0,0,0,1,0,0,0,1,0,0,0,1,0,0,0,1,0,1,0,0,0,0,0,1,0,0,1
Kost Rafidah Bilqis Tipe A Kramatjati Jakarta Timur,Jakarta Timur,Kramat Jati,1.00,1800000.00,4.00,2.00,6.00,Kos Campur,12.00,1,1,0,1,1,1,0,1,0,1,0,1,0,1,1,0,0,1,0,0,0,0,0,1,0,1,0,0,0
Kost Rainbow Tanjung Priok Jakarta Utara,Jakarta Utara,Tanjung Priok,0.00,2000000.00,0.00,0.00,6.00,Kos Campur,12.00,0,0,1,1,1,1,1,1,1,1,0,1,1,1,0,1,0,1,1,1,0,0,1,1,0,0,0,0,1
Kost Raj Tio Tipe A Tanjung Priok Jakarta Utara,Jakarta Utara,Tanjung Priok,2.00,650000.00,0.00,0.00,8.00,Kos Campur,9.00,1,1,0,1,1,1,0,1,1,1,1,0,1,1,1,1,0,1,0,1,0,1,0,1,0,1,0,0,0
Kost Raya Kelapa Gading North Jakarta,Jakarta Utara,Kelapa Gading,0.00,1850000.00,0.00,0.00,4.00,Kos Campur,12.00,0,1,1,1,1,1,0,1,1,1,0,1,0,1,0,1,0,1,1,1,1,0,0,0,0,0,1,0,1
Kost Raya Permai DE 15 Kelapa Gading Jakarta Utara,Jakarta Utara,Kelapa Gading,2.00,1400000.00,0.00,0.00,0.00,Kos Campur,9.90,0,1,1,1,0,1,1,1,1,0,1,1,0,0,0,1,0,1,1,0,1,0,1,0,1,1,1,0,0
Kost Renata Tipe A Kelapa Gading Jakarta Utara,Jakarta Utara,Kelapa Gading,0.00,2500000.00,0.00,0.00,6.00,Kos Campur,16.00,0,1,1,1,0,1,1,1,1,1,1,1,1,0,0,1,1,1,1,1,1,0,1,0,1,0,0,0,0
Kost Rizky VIP Lantai 1 Grogol Petamburan Jakarta Barat,Jakarta Barat,Grogol Petamburan,1.00,2600000.00,0.00,0.00,0.00,Kos Putri,14.28,0,1,1,1,1,1,0,1,1,1,1,1,1,1,1,1,1,1,1,1,0,0,1,0,1,1,1,0,0
Kost Roa Duren Sawit Jakarta Timur,Jakarta Timur,Duren Sawit,0.00,2500000.00,0.00,0.00,10.00,Kos Campur,25.00,0,1,1,1,1,1,0,1,0,1,1,1,1,1,0,1,0,1,0,1,0,0,1,1,0,1,0,0,0
Kost Romario Sunter Tipe B Tanjung Priok Jakarta Utara,Jakarta Utara,Tanjung Priok,2.00,1600000.00,0.00,0.00,0.00,Kos Campur,9.00,0,1,1,0,0,1,0,1,0,0,0,1,1,0,0,0,0,1,1,1,1,0,0,0,0,0,0,0,0
Kost ROW 39 Kenari Kernolong Tipe B Senen Jakarta Pusat,Jakarta Pusat,Senen,0.00,3200000.00,0.00,0.00,2.00,Kos Campur,16.00,0,1,1,1,1,1,0,1,1,1,1,1,1,1,1,1,1,1,1,1,0,0,0,1,1,0,1,0,0
Kost Rresidence Tipe D Kemayoran Jakarta Pusat,Jakarta Pusat,Kemayoran,1.00,2400000.00,0.00,0.00,0.00,Kos Campur,12.00,0,1,1,1,1,1,0,1,1,1,1,1,0,1,1,1,1,1,1,1,0,0,0,1,0,0,1,0,1
Kost Rumah 4C Tipe C Pulogadung Jakarta Timur,Jakarta Timur,Pulo Gadung,0.00,1100000.00,0.00,0.00,0.00,Kos Putra,7.04,1,1,0,1,1,1,1,1,0,1,0,0,0,0,0,1,0,1,0,1,0,0,0,0,0,0,0,0,0
Kost Rumah Gading Elok Barat Kelapa Gading Jakarta Utara,Jakarta Utara,Kelapa Gading,1.00,1600000.00,0.00,0.00,2.00,Kos Campur,9.00,0,0,0,0,0,0,0,0,0,0,0,0,0,0,0,0,0,0,0,0,0,0,0,0,0,0,0,0,0
Kost Rumah Kamang Residence Tipe Studio Pasar Minggu Jakarta Selatan,Jakarta Selatan,Pasar Minggu,2.00,4200000.00,4.60,7.00,12.00,Kos Campur,19.25,1,1,1,1,1,1,1,1,1,0,1,1,1,0,0,1,1,1,1,0,1,0,1,0,1,0,1,0,0
Kost Rumah Milanos Kelapa Gading Jakarta Utara,Jakarta Utara,Kelapa Gading,0.00,1500000.00,0.00,0.00,3.00,Kos Campur,9.00,0,1,1,1,1,1,0,1,1,1,0,1,0,1,0,1,0,1,0,1,0,0,0,0,0,0,1,0,0
Kost Rumah Tipe Standard Pademangan Jakarta Utara,Jakarta Utara,Pademangan,1.00,1800000.00,0.00,0.00,1.00,Kos Campur,9.00,0,1,1,1,1,1,0,1,1,1,0,1,0,1,1,1,0,1,0,1,1,0,0,0,1,0,0,0,1
Kost Sadinda Linda Safitri Tipe Executive A Kebayoran Baru Jakarta Selatan,Jakarta Selatan,Kebayoran Baru,2.00,3000000.00,3.00,3.00,15.00,Kos Campur,16.00,0,1,1,1,1,1,1,1,1,1,1,1,1,0,0,1,1,1,1,1,1,0,1,0,1,1,0,0,1
Kost Safar Nama 1 Koja Jakarta Utara,Jakarta Utara,Koja,0.00,1600000.00,0.00,0.00,0.00,Kos Putri,12.00,0,1,1,1,1,1,0,1,0,1,1,1,0,1,0,1,0,1,1,1,1,0,1,1,0,1,0,1,0
Kost Sahabat Tipe A Cempaka Putih Jakarta Pusat,Jakarta Pusat,Cempaka Putih,1.00,1100000.00,0.00,0.00,1.00,Kos Campur,9.00,0,1,0,1,1,1,0,1,1,1,0,1,0,1,0,0,0,1,0,1,0,0,0,0,0,1,0,0,1
Kost Sambina Empang Bahagia Grogol Petamburan Jakarta Barat,Jakarta Barat,Grogol Petamburan,0.00,3800000.00,0.00,0.00,0.00,Kos Campur,12.00,0,1,1,1,1,1,1,1,1,0,1,1,1,1,1,1,1,1,1,1,1,0,0,0,1,0,0,0,0
Kost Saphire House Tipe B Executive Kembangan Jakarta Barat,Jakarta Barat,Kembangan,0.00,2750000.00,0.00,0.00,3.00,Kos Campur,16.00,0,1,1,1,1,1,1,1,1,0,1,1,1,1,0,1,1,1,0,0,1,0,1,0,1,0,0,0,0
Kost Shabira Pulo Gadung Jakarta Timur,Jakarta Timur,Pulo Gadung,1.00,1600000.00,0.00,0.00,0.00,Kos Campur,12.00,0,1,1,1,1,1,0,0,0,1,1,1,0,1,0,1,0,1,1,1,0,0,1,1,0,1,0,0,1
Kost Simbah Non AC Kramatjati Jakarta Timur,Jakarta Timur,Kramat Jati,0.00,650000.00,0.00,0.00,0.00,Kos Putri,9.00,0,0,0,0,1,1,0,1,0,1,0,0,0,0,0,1,0,1,0,1,0,0,0,0,0,0,0,1,0
Kost Singgahsini 123 Tipe A Cengkareng Jakarta Barat,Jakarta Barat,Cengkareng,0.00,2233000.00,4.80,4.00,13.00,Kos Campur,12.15,0,1,1,1,1,1,0,0,0,0,0,1,1,1,1,1,1,1,0,0,0,0,0,1,0,0,0,0,1
Kost Singgahsini 123 Tipe C Cengkareng Jakarta Barat,Jakarta Barat,Cengkareng,1.00,1975000.00,4.50,8.00,18.00,Kos Campur,8.40,0,1,1,1,1,1,0,0,0,0,0,1,0,1,1,1,1,1,0,0,0,0,0,1,0,0,0,0,1
Kost Singgahsini 123 Tipe D Cengkareng Jakarta Barat,Jakarta Barat,Cengkareng,2.00,1875000.00,4.50,20.00,57.00,Kos Campur,7.50,0,1,1,1,1,1,0,0,0,0,0,1,0,1,1,1,1,1,0,0,0,0,0,1,0,0,0,0,1
Kost Singgahsini 21 Tipe A Cengkareng Jakarta Barat,Jakarta Barat,Cengkareng,2.00,1957000.00,0.00,0.00,4.00,Kos Campur,16.00,0,1,1,1,1,1,1,1,0,0,1,1,0,1,1,1,1,1,0,0,0,0,1,0,0,0,0,0,1
Kost Singgahsini 21 Tipe B Cengkareng Jakarta Barat,Jakarta Barat,Cengkareng,3.00,1727000.00,0.00,0.00,6.00,Kos Campur,7.68,0,1,1,1,1,1,1,1,0,0,1,1,0,1,0,1,1,1,0,0,0,0,1,1,0,0,0,0,1
Kost Singgahsini 3L Residence Tipe A Kelapa Gading Jakarta Utara,Jakarta Utara,Kelapa Gading,1.00,1865000.00,4.90,5.00,6.00,Kos Campur,10.50,0,0,1,1,1,1,1,0,0,0,1,1,0,1,1,1,1,1,1,1,1,0,1,0,0,0,0,0,1
Kost Singgahsini 3L Residence Tipe B Kelapa Gading Jakarta Utara,Jakarta Utara,Kelapa Gading,2.00,1875000.00,4.80,60.00,102.00,Kos Campur,9.00,0,0,1,1,1,1,1,0,0,0,1,1,0,1,1,1,1,1,1,1,1,0,1,0,0,0,0,0,1
Kost Singgahsini 3L Residence Tipe C Kelapa Gading Jakarta Utara,Jakarta Utara,Kelapa Gading,0.00,1725000.00,4.80,14.00,29.00,Kos Campur,6.90,0,0,1,1,1,1,1,0,0,0,1,1,0,1,1,1,1,1,1,1,1,0,1,0,0,0,0,0,1
Kost Singgahsini 77 Tipe D Cengkareng Jakarta Barat,Jakarta Barat,Cengkareng,0.00,1830000.00,4.80,22.00,40.00,Kos Putri,6.90,0,1,1,1,1,1,1,0,0,1,1,1,0,1,1,1,0,1,1,0,1,0,1,1,0,0,0,0,1
Kost Singgahsini 88 Tipe A Cengkareng Jakarta Barat,Jakarta Barat,Cengkareng,1.00,2525000.00,4.60,9.00,10.00,Kos Putri,18.00,0,1,1,1,1,1,0,1,0,0,1,1,1,1,0,1,1,1,0,0,0,0,1,0,0,0,0,0,1
Kost Singgahsini 88 Tipe C Cengkareng Jakarta Barat,Jakarta Barat,Cengkareng,2.00,1911000.00,4.40,13.00,21.00,Kos Putri,7.26,0,1,1,1,1,1,0,1,0,0,0,1,1,1,0,1,1,1,0,0,0,0,0,0,0,0,0,0,1
Kost Singgahsini 99 Residence Tipe A Palmerah Jakarta Barat,Jakarta Barat,Palmerah,0.00,2685000.00,5.00,1.00,7.00,Kos Campur,14.00,0,1,1,1,1,1,1,1,1,1,1,1,0,1,0,1,1,1,1,1,0,0,1,0,1,0,0,0,1
Kost Singgahsini 99 Residence Tipe B Palmerah Jakarta Barat,Jakarta Barat,Palmerah,0.00,2233000.00,4.30,6.00,25.00,Kos Campur,11.20,0,1,1,1,0,1,1,1,1,1,1,1,0,1,0,1,1,1,1,1,0,0,1,0,0,0,0,0,1
Kost Singgahsini Abdul Majid Dalam Tipe B Cilandak Jakarta Selatan,Jakarta Selatan,Cilandak,0.00,1652500.00,4.60,7.00,16.00,Kos Campur,8.32,0,1,1,1,1,1,0,1,0,0,0,1,0,1,0,1,0,1,0,1,0,0,0,0,0,0,0,0,1
Kost Singgahsini Abdul Majid Dalam Tipe C Cilandak Jakarta Selatan,Jakarta Selatan,Cilandak,0.00,1675000.00,4.90,3.00,6.00,Kos Campur,9.00,0,1,1,1,0,1,0,1,0,0,0,1,0,0,0,0,0,1,0,1,0,0,0,0,0,0,0,0,1
Kost Singgahsini Abel Tipe A Kalideres Jakarta Barat,Jakarta Barat,Kali Deres,0.00,1875000.00,4.80,8.00,15.00,Kos Putri,12.80,0,1,1,1,1,1,1,1,0,0,1,1,0,1,1,1,0,1,1,1,1,0,1,1,0,0,0,0,0
Kost Singgahsini Abel Tipe B Kalideres Jakarta Barat,Jakarta Barat,Kali Deres,1.00,1725000.00,4.60,11.00,18.00,Kos Putri,11.52,0,0,1,1,1,1,1,1,0,0,1,1,0,1,1,1,0,1,1,1,1,0,1,1,1,0,0,0,1
Kost Singgahsini Ada Lika Halim Perdana Kusuma Tipe A Makasar Jakarta Timur,Jakarta Timur,Makasar,0.00,1406000.00,4.90,28.00,54.00,Kos Putra,5.28,0,1,1,1,1,1,1,1,0,1,1,1,0,1,0,1,0,1,0,1,0,0,1,1,0,1,0,0,1
Kost Singgahsini Ada Lika Halim Perdana Kusuma Tipe B Makasar Jakarta Timur,Jakarta Timur,Makasar,1.00,1282500.00,4.90,19.00,32.00,Kos Putra,5.28,0,0,1,1,1,1,1,1,0,1,1,1,0,1,0,1,0,1,0,1,0,0,1,1,0,0,0,0,1
Kost Singgahsini Ada Lika Halim Perdana Kusuma Tipe C Makasar Jakarta Timur,Jakarta Timur,Makasar,0.00,950000.00,4.80,21.00,27.00,Kos Putra,5.28,0,0,1,1,1,1,1,1,0,1,1,0,0,0,0,1,0,1,0,1,0,1,1,0,0,0,0,0,1
Kost Singgahsini Agde Living 2 Tipe A Kalibata Jakarta Selatan,Jakarta Selatan,Pancoran,0.00,2141000.00,4.90,2.00,15.00,Kos Campur,12.25,0,1,1,1,1,1,1,0,0,1,1,1,1,1,1,1,1,1,0,1,1,0,1,1,1,0,0,0,1
Kost Singgahsini Aglonema Lebak Bulus Tipe A Cilandak Jakarta Selatan,Jakarta Selatan,Cilandak,1.00,2125000.00,4.90,21.00,38.00,Kos Campur,7.44,1,1,1,1,1,1,1,1,0,1,1,1,0,1,1,1,0,1,1,1,0,0,1,1,0,1,0,0,0
Kost Singgahsini Akifa Tipe A Pasar Rebo Jakarta Timur,Jakarta Timur,Pasar Rebo,1.00,1156600.00,4.90,3.00,6.00,Kos Putri,12.25,0,0,1,1,1,1,0,0,1,0,0,1,0,1,1,0,0,1,1,1,0,0,0,1,0,1,0,0,1
Kost Singgahsini Alaya Pejompongan Tipe A Tanah Abang Jakarta Pusat,Jakarta Pusat,Tanah Abang,0.00,1995000.00,4.60,9.00,28.00,Kos Campur,12.96,1,1,1,1,1,1,1,1,0,1,1,1,0,1,0,1,0,1,1,1,1,0,1,0,0,0,0,0,1
Kost Singgahsini Alaya Pejompongan Tipe B Tanah Abang Jakarta Pusat,Jakarta Pusat,Tanah Abang,0.00,1393000.00,4.60,21.00,49.00,Kos Campur,5.25,1,0,1,1,1,1,1,1,0,1,1,1,0,1,1,1,0,1,1,1,1,0,1,0,0,0,0,0,1
Kost Singgahsini Alena House Tipe A Duren Sawit Jakarta Timur,Jakarta Timur,Duren Sawit,0.00,1725000.00,4.90,5.00,11.00,Kos Putri,10.80,0,1,1,1,1,1,1,1,1,1,1,1,0,1,1,1,0,1,1,1,1,0,1,1,0,0,1,0,1
Kost Singgahsini Alena House Tipe B Duren Sawit Jakarta Timur,Jakarta Timur,Duren Sawit,0.00,1625000.00,4.90,18.00,41.00,Kos Putri,9.00,0,1,1,1,1,1,1,1,1,1,1,1,0,1,1,1,0,1,1,1,1,0,1,1,0,0,1,0,1
Kost Singgahsini Alena House Tipe C Duren Sawit Jakarta Timur,Jakarta Timur,Duren Sawit,0.00,1267000.00,4.10,3.00,4.00,Kos Putri,6.25,0,0,1,1,1,1,1,1,1,1,1,1,0,1,1,1,0,1,1,1,1,0,1,1,0,0,1,0,1
Kost Singgahsini Alexandria Keagungan Gajah Mada Tipe B Taman Sari Jakarta Barat,Jakarta Barat,Taman Sari,0.00,1621000.00,4.80,21.00,39.00,Kos Putra,42.00,0,1,1,1,1,1,0,0,0,1,1,1,0,1,0,1,0,1,0,0,0,0,0,0,0,0,0,0,1
Kost Singgahsini Alexandria Keagungan Gajah Mada Tipe C Taman Sari Jakarta Barat,Jakarta Barat,Taman Sari,0.00,1222000.00,4.80,27.00,38.00,Kos Putra,21.00,0,1,0,1,1,1,0,0,0,1,0,1,0,1,0,0,0,1,0,0,0,0,0,0,0,1,0,0,1
Kost Singgahsini Alfakoz Casagoya Tipe A Kebon Jeruk Jakarta Barat,Jakarta Barat,Kebon Jeruk,0.00,1830000.00,4.80,5.00,17.00,Kos Campur,13.64,0,1,1,1,1,1,0,1,0,1,1,1,0,1,1,1,0,1,0,1,0,0,1,1,1,0,0,0,1
Kost Singgahsini Alfakoz Casagoya Tipe B Kebon Jeruk Jakarta Barat,Jakarta Barat,Kebon Jeruk,0.00,1735000.00,4.80,12.00,31.00,Kos Campur,11.47,0,1,1,1,1,1,0,1,0,1,1,1,0,1,1,1,0,1,0,1,0,0,1,1,1,0,0,0,1
Kost Singgahsini Alfakoz Casagoya Tipe C Kebon Jeruk Jakarta Barat,Jakarta Barat,Kebon Jeruk,0.00,1640000.00,4.80,8.00,18.00,Kos Campur,7.75,0,1,1,1,1,1,0,1,0,1,1,1,0,1,1,1,0,1,0,1,0,0,1,1,1,0,0,0,1
Kost Singgahsini Amanah Pondok Kelapa Tipe A Duren Sawit Jakarta Timur,Jakarta Timur,Duren Sawit,0.00,1450000.00,4.90,5.00,9.00,Kos Putra,17.60,0,1,1,1,1,1,0,1,0,1,1,1,0,1,1,1,0,1,0,1,0,0,1,1,0,0,0,0,1
Kost Singgahsini Amanah Pondok Kelapa Tipe B Duren Sawit Jakarta Timur,Jakarta Timur,Duren Sawit,0.00,1260000.00,4.80,6.00,18.00,Kos Putra,10.50,0,1,0,1,1,1,0,1,0,1,0,1,0,1,1,1,0,1,0,1,0,0,0,1,0,1,0,0,1
Kost Singgahsini Amanah Pondok Kelapa Tipe C Duren Sawit Jakarta Timur,Jakarta Timur,Duren Sawit,0.00,1125000.00,4.60,1.00,4.00,Kos Putra,10.50,0,1,0,1,1,1,0,1,0,1,0,1,0,1,1,1,0,1,0,1,0,0,0,1,0,1,0,0,1
Kost Singgahsini Amelia Condet Tipe A Kramatjati Jakarta Timur,Jakarta Timur,Kramat Jati,2.00,1640000.00,4.80,71.00,133.00,Kos Putri,9.00,0,1,1,1,1,1,1,1,0,1,1,1,0,1,0,1,0,1,1,1,1,0,1,1,0,0,0,0,1
Kost Singgahsini Amelia Condet Tipe B Kramatjati Jakarta Timur,Jakarta Timur,Kramat Jati,0.00,1830000.00,4.90,68.00,112.00,Kos Putri,12.00,0,1,1,1,1,1,1,1,0,1,1,1,0,1,0,1,0,1,1,1,1,0,1,1,0,0,0,0,1
Kost Singgahsini Ananda 123 Tipe B Kebayoran Lama Jakarta Selatan,Jakarta Selatan,Kebayoran Lama,0.00,2125000.00,4.80,4.00,7.00,Kos Putra,7.50,1,1,1,1,1,1,1,1,0,1,1,1,0,1,0,1,0,1,0,1,0,0,1,1,0,1,0,0,0
Kost Singgahsini Ananda 123 Tipe C Kebayoran Lama Jakarta Selatan,Jakarta Selatan,Kebayoran Lama,0.00,1725000.00,4.80,8.00,15.00,Kos Putra,5.72,1,0,1,1,0,1,1,1,0,1,0,1,0,1,0,1,0,1,0,1,0,0,0,1,0,1,0,0,0
Kost Singgahsini Anggrek Bulan Tipe A Matraman Jakarta Timur,Jakarta Timur,Matraman,0.00,1267000.00,4.50,24.00,53.00,Kos Campur,9.00,1,1,0,0,1,1,0,1,0,0,0,1,1,1,0,0,0,1,1,0,0,0,0,1,0,1,0,0,1
Kost Singgahsini Anisa Kebon Kacang 6 Tipe A Tanah Abang Jakarta Pusat,Jakarta Pusat,Tanah Abang,0.00,3025000.00,5.00,1.00,6.00,Kos Putri,43.20,0,1,1,1,0,1,1,1,0,1,1,1,0,1,0,1,0,1,0,1,0,0,1,1,0,0,0,0,1
Kost Singgahsini Anisa Kebon Kacang 6 Tipe B Tanah Abang Jakarta Pusat,Jakarta Pusat,Tanah Abang,0.00,2725000.00,4.90,2.00,6.00,Kos Putri,19.25,0,1,1,1,0,1,1,1,0,1,1,1,0,1,0,1,0,1,0,1,0,0,1,1,0,0,0,0,0
Kost Singgahsini Anisa Kebon Kacang 6 Tipe C Tanah Abang Jakarta Pusat,Jakarta Pusat,Tanah Abang,0.00,2575000.00,4.90,9.00,15.00,Kos Putri,10.50,0,1,1,1,1,1,1,1,0,1,1,1,0,1,0,1,0,1,0,1,0,0,1,1,1,0,0,0,0
Kost Singgahsini Anisa Kebon Kacang 6 Tipe E Tanah Abang Jakarta Pusat,Jakarta Pusat,Tanah Abang,0.00,2325000.00,4.60,21.00,42.00,Kos Putri,7.50,0,1,1,1,1,1,1,1,0,1,1,1,0,1,0,1,0,1,0,1,0,0,1,1,1,0,0,0,1
Kost Singgahsini AOS Home Tipe A Setiabudi Jakarta Selatan,Jakarta Selatan,Setiabudi,0.00,2495000.00,4.50,36.00,65.00,Kos Campur,9.00,1,1,1,1,1,1,1,0,0,0,1,1,0,1,0,1,0,1,0,0,0,0,1,0,1,0,0,0,1
Kost Singgahsini Apel 166 Tipe A Tanjung Duren Grogol Jakarta Barat,Jakarta Barat,Grogol Petamburan,0.00,2050000.00,4.60,26.00,62.00,Kos Campur,9.90,1,1,1,1,0,1,1,1,1,1,1,1,0,0,0,1,1,1,1,0,0,0,1,0,1,0,0,0,1
Kost Singgahsini Apel 166 Tipe B Tanjung Duren Grogol Jakarta Barat,Jakarta Barat,Grogol Petamburan,2.00,2500000.00,4.80,16.00,33.00,Kos Campur,9.90,1,1,1,1,0,1,1,1,1,1,1,1,0,0,0,1,1,1,1,0,0,0,1,0,1,0,0,0,1
Kost Singgahsini Arkana Tipe A Pulo Gadung Jakarta Timur,Jakarta Timur,Pulo Gadung,0.00,2685000.00,4.50,3.00,5.00,Kos Putri,15.18,0,1,1,1,1,1,1,1,1,1,1,1,0,1,1,1,1,1,1,1,1,0,1,0,0,0,1,0,1
Kost Singgahsini Arkana Tipe B Pulo Gadung Jakarta Timur,Jakarta Timur,Pulo Gadung,0.00,2375000.00,5.00,3.00,8.00,Kos Putri,12.21,0,1,1,1,1,1,1,1,1,1,1,1,0,1,1,1,1,1,1,1,1,0,1,0,0,0,1,0,1
Kost Singgahsini Arkana Tipe C Pulo Gadung Jakarta Timur,Jakarta Timur,Pulo Gadung,0.00,2162500.00,4.80,10.00,14.00,Kos Putri,12.21,0,1,1,1,1,1,1,1,1,1,1,1,0,1,1,1,0,1,1,1,1,0,1,0,0,0,1,0,1
Kost Singgahsini Arkana Tipe D Pulo Gadung Jakarta Timur,Jakarta Timur,Pulo Gadung,2.00,2067500.00,4.80,10.00,16.00,Kos Putri,12.21,0,1,1,1,1,1,1,1,1,1,1,1,0,1,1,1,0,1,1,1,1,0,1,0,0,0,1,0,1
Kost Singgahsini Arte Cipete Utara Tipe D Kebayoran Baru Jakarta Selatan,Jakarta Selatan,Kebayoran Baru,0.00,3350000.00,4.60,1.00,12.00,Kos Campur,14.40,0,1,1,1,1,1,0,0,0,0,1,1,1,1,0,1,1,1,0,0,0,0,1,0,0,0,0,0,1
Kost Singgahsini Arti Peni Tipe B Matraman Jakarta Timur,Jakarta Timur,Matraman,0.00,1526000.00,4.80,5.00,10.00,Kos Campur,7.80,0,1,1,1,1,1,1,1,0,1,1,1,0,1,0,1,0,1,0,0,0,0,1,0,0,1,0,0,1
Kost Singgahsini Arti Peni Tipe C Matraman Jakarta Timur,Jakarta Timur,Matraman,0.00,1275000.00,4.50,5.00,14.00,Kos Campur,7.80,0,0,1,1,1,1,1,1,0,1,1,1,0,1,0,1,0,1,0,0,0,0,1,0,0,1,0,0,1
Kost Singgahsini Arvani Tipe A Pulo Gadung Jakarta Timur,Jakarta Timur,Cakung,0.00,1700000.00,4.90,3.00,8.00,Kos Putri,10.80,0,1,1,1,1,1,0,1,1,1,1,1,0,1,1,1,1,1,1,1,1,0,1,1,0,0,1,0,1
Kost Singgahsini Arvani Tipe B Pulo Gadung Jakarta Timur,Jakarta Timur,Cakung,0.00,1600000.00,4.80,5.00,9.00,Kos Putri,8.80,0,1,1,1,1,1,0,1,1,1,1,1,0,1,1,1,1,1,1,1,1,0,1,1,0,0,1,0,1
Kost Singgahsini Arvindo Tipe A Palmerah Jakarta Barat,Jakarta Barat,Palmerah,2.00,2175000.00,4.90,9.00,15.00,Kos Campur,9.00,1,1,1,1,1,1,0,1,0,1,1,1,0,1,0,1,0,1,0,1,0,0,1,0,0,0,0,0,1
Kost Singgahsini Asia Baru 40A Tipe A Kebon Jeruk Jakarta Barat,Jakarta Barat,Kebon Jeruk,0.00,1622500.00,4.80,21.00,35.00,Kos Campur,9.90,1,1,1,1,1,1,1,1,0,1,1,1,0,1,0,0,0,1,0,1,0,0,1,0,0,1,0,0,1
Kost Singgahsini Asia Baru 40A Tipe C Kebon Jeruk Jakarta Barat,Jakarta Barat,Kebon Jeruk,1.00,1510000.00,4.80,4.00,9.00,Kos Campur,13.30,1,1,1,1,1,1,1,1,0,1,1,1,0,1,0,0,0,1,0,1,0,0,1,1,0,1,0,0,1
Kost Singgahsini Atelier Tipe A Grogol Petamburan Jakarta Barat,Jakarta Barat,Grogol Petamburan,0.00,1735000.00,4.40,7.00,35.00,Kos Campur,6.60,0,1,1,1,1,1,0,1,1,1,1,1,0,1,0,1,0,1,1,1,0,0,0,0,0,0,1,0,1
Kost Singgahsini Atelier Tipe B Grogol Petamburan Jakarta Barat,Jakarta Barat,Grogol Petamburan,0.00,1640000.00,4.50,3.00,17.00,Kos Campur,6.60,0,1,1,1,1,1,0,1,1,1,1,1,0,1,0,1,0,1,1,1,0,0,0,0,0,0,1,0,1
Kost Singgahsini Atelier Tipe C Grogol Petamburan Jakarta Barat,Jakarta Barat,Grogol Petamburan,0.00,1625000.00,4.40,3.00,19.00,Kos Campur,6.60,0,1,1,1,1,1,0,1,1,1,1,1,0,1,0,1,0,1,1,1,0,0,0,0,0,0,1,0,1
Kost Singgahsini Attahiriyah Pejaten Tipe A Pasar Minggu Jakarta Selatan,Jakarta Selatan,Pasar Minggu,0.00,1953500.00,4.80,22.00,38.00,Kos Campur,20.00,0,1,1,0,1,1,1,1,0,1,1,1,0,1,0,1,0,1,0,1,0,0,1,0,1,0,0,0,1
Kost Singgahsini Audio 20 Tipe B Kebayoran Lama Jakarta Selatan,Jakarta Selatan,Kebayoran Lama,0.00,2020000.00,4.80,4.00,8.00,Kos Campur,8.40,0,0,1,1,1,1,1,1,0,0,1,1,0,1,0,1,1,1,1,1,0,0,1,0,0,0,0,0,1
Kost Singgahsini Avina Cilandak KKO Tipe A Ragunan Jakarta Selatan,Jakarta Selatan,Pasar Minggu,0.00,1625000.00,5.00,19.00,46.00,Kos Putri,6.00,0,0,1,1,1,1,0,1,0,1,1,1,0,1,0,1,0,1,1,1,0,0,1,0,1,0,0,0,0
Kost Singgahsini Az Zahro Batu Alam Tipe B Kramatjati Jakarta Timur,Jakarta Timur,Kramat Jati,0.00,2590000.00,4.90,9.00,21.00,Kos Putri,18.00,0,1,1,1,0,1,1,0,0,0,1,1,0,1,1,1,1,1,0,1,1,0,1,0,1,0,0,0,1
Kost Singgahsini Az Zahro Batu Alam Tipe C Kramatjati Jakarta Timur,Jakarta Timur,Kramat Jati,1.00,1735000.00,5.00,1.00,1.00,Kos Putri,8.00,0,1,1,1,1,1,1,0,0,0,0,1,0,1,1,1,1,1,0,0,0,0,1,0,0,0,0,0,1
Kost Singgahsini b211 The Syariah Residence MRT-Fatmawati Tipe A Cilandak Jakarta Selatan,Jakarta Selatan,Cilandak,2.00,2995000.00,4.60,66.00,117.00,Kos Campur,15.75,0,1,1,1,0,1,1,1,0,1,1,1,1,0,0,1,1,1,1,1,1,0,1,0,1,0,0,0,1
Kost Singgahsini Bahagia 7 Tipe A Grogol Petamburan Jakarta Barat,Jakarta Barat,Grogol Petamburan,0.00,3025000.00,5.00,1.00,5.00,Kos Campur,13.50,0,1,1,1,1,1,1,1,0,0,1,1,0,1,1,1,0,1,1,1,1,0,1,1,0,0,0,0,1
Kost Singgahsini Bahagia 7 Tipe B Grogol Petamburan Jakarta Barat,Jakarta Barat,Grogol Petamburan,0.00,2233000.00,4.50,5.00,9.00,Kos Campur,12.00,0,1,1,1,1,1,1,1,0,0,1,1,0,1,1,1,0,1,1,1,1,0,1,1,0,0,0,0,1
Kost Singgahsini Bahagia 7 Tipe D Grogol Petamburan Jakarta Barat,Jakarta Barat,Grogol Petamburan,0.00,1925000.00,4.90,6.00,11.00,Kos Campur,9.00,0,1,1,1,1,1,1,1,0,0,1,1,0,1,1,1,0,1,1,1,1,0,1,1,0,0,0,0,1
Kost Singgahsini Baitussalam Tipe A Kemayoran Jakarta Pusat,Jakarta Pusat,Kemayoran,0.00,1900000.00,4.60,24.00,86.00,Kos Putri,11.70,0,1,1,1,1,1,0,1,0,1,0,1,0,1,0,1,0,1,1,1,1,0,0,1,0,0,0,0,1
Kost Singgahsini Balaira Tipe A Duren Sawit Jakarta Timur,Jakarta Timur,Duren Sawit,2.00,1925000.00,4.90,39.00,89.00,Kos Campur,13.50,0,1,1,1,1,1,1,0,0,1,1,1,0,1,1,1,0,1,1,1,0,0,1,0,0,0,0,0,1
Kost Singgahsini Balaira Tipe B Duren Sawit Jakarta Timur,Jakarta Timur,Duren Sawit,0.00,1925000.00,4.60,2.00,7.00,Kos Campur,12.00,0,1,1,1,1,1,1,0,0,1,1,1,0,1,1,1,0,1,1,1,0,0,1,0,0,0,0,0,1
Kost Singgahsini Balaira Tipe D Duren Sawit Jakarta Timur,Jakarta Timur,Duren Sawit,0.00,1735000.00,4.60,4.00,28.00,Kos Campur,9.00,0,1,1,1,1,1,1,0,0,1,1,1,0,1,1,1,0,1,1,1,0,0,1,0,0,0,0,0,1
Kost Singgahsini Bambang Tipe B Makasar Jakarta Timur,Jakarta Timur,Makasar,1.00,1405000.00,5.00,1.00,1.00,Kos Campur,7.50,1,1,0,0,1,1,1,1,0,1,1,0,0,1,1,1,0,1,0,0,0,1,1,0,0,1,0,0,1
Kost Singgahsini Bambang Tipe C Makasar Jakarta Timur,Jakarta Timur,Makasar,0.00,1640000.00,4.80,14.00,23.00,Kos Campur,7.50,1,1,0,0,1,1,1,1,0,1,1,1,0,1,1,1,0,1,0,0,0,0,1,0,0,1,0,0,1
Kost Singgahsini Banco 6 Tipe B Mampang Prapatan Jakarta Selatan,Jakarta Selatan,Mampang Prapatan,3.00,3365000.00,4.60,29.00,66.00,Kos Campur,15.20,0,1,1,1,1,1,1,1,1,1,1,1,0,1,0,1,1,1,1,1,1,0,1,1,1,0,1,0,1
Kost Singgahsini Banjarsari IV Tipe A Cilandak Jakarta Selatan,Jakarta Selatan,Cilandak,0.00,2525000.00,4.90,21.00,36.00,Kos Putri,8.96,0,1,1,1,1,1,1,0,0,1,1,1,0,1,1,1,0,1,1,1,1,0,1,1,1,0,0,0,0
Kost Singgahsini Bapusta Rawamangun Tipe A Pulo Gadung Jakarta Timur,Jakarta Timur,Pulo Gadung,2.00,2463000.00,4.90,3.00,6.00,Kos Campur,12.25,0,1,1,0,1,0,0,0,0,0,1,1,0,1,0,1,1,0,0,0,0,0,1,1,1,0,0,0,1
Kost Singgahsini Bapusta Rawamangun Tipe B Pulo Gadung Jakarta Timur,Jakarta Timur,Pulo Gadung,0.00,2775000.00,5.00,1.00,2.00,Kos Campur,12.25,0,1,1,1,1,1,1,1,1,1,1,1,0,1,0,1,1,1,1,1,1,0,1,1,1,0,0,0,1
Kost Singgahsini Batik Tipe A Bendungan Hilir Jakarta Pusat,Jakarta Pusat,Tanah Abang,0.00,2425000.00,4.50,25.00,45.00,Kos Putri,9.00,1,1,1,0,1,1,1,1,1,0,1,1,0,1,1,1,0,1,1,1,0,0,1,0,1,0,0,1,0
Kost Singgahsini Batik Tipe B Bendungan Hilir Jakarta Pusat,Jakarta Pusat,Tanah Abang,0.00,1975000.00,4.60,12.00,25.00,Kos Putri,9.00,1,0,1,0,1,1,1,1,1,0,1,1,0,1,1,1,0,1,1,1,0,0,1,0,0,0,0,1,0
Kost Singgahsini Batik Tipe C Bendungan Hilir Jakarta Pusat,Jakarta Pusat,Tanah Abang,0.00,1725000.00,0.00,0.00,2.00,Kos Putri,7.50,0,0,1,0,1,1,1,1,1,0,1,0,0,1,1,1,0,1,1,1,0,1,1,1,1,0,0,0,0
Kost Singgahsini Bella Swadarma VI Tipe A Pesanggrahan Jakarta Selatan,Jakarta Selatan,Pesanggrahan,0.00,2590000.00,5.00,1.00,3.00,Kos Putri,21.08,0,1,1,1,1,1,1,1,0,0,0,1,1,1,1,1,1,1,1,1,1,0,0,1,0,0,0,0,1
Kost Singgahsini Bella Swadarma VI Tipe B Pesanggrahan Jakarta Selatan,Jakarta Selatan,Pesanggrahan,0.00,2257500.00,4.40,2.00,13.00,Kos Putri,12.60,0,1,1,1,1,1,1,1,0,0,0,1,1,1,0,1,1,1,1,1,1,0,0,1,0,0,0,0,1
Kost Singgahsini Bella Vita Tipe A Salemba Jakarta Pusat,Jakarta Pusat,Senen,0.00,2509000.00,0.00,0.00,4.00,Kos Campur,12.00,0,1,1,1,1,1,0,1,0,1,1,1,1,1,1,1,0,1,0,0,1,0,1,0,1,0,0,0,1
Kost Singgahsini Bella Vita Tipe B Salemba Jakarta Pusat,Jakarta Pusat,Senen,0.00,1865000.00,4.10,1.00,14.00,Kos Campur,12.00,0,1,1,1,1,1,0,1,0,1,0,1,0,1,1,1,0,1,0,0,1,0,1,1,1,0,0,0,1
Kost Singgahsini Bendi XIV Tipe A Kebayoran Lama Jakarta Selatan,Jakarta Selatan,Kebayoran Lama,1.00,2055000.00,4.80,6.00,16.00,Kos Putri,6.00,0,0,1,1,1,1,1,1,0,0,1,1,0,1,0,1,1,1,1,1,1,0,1,1,1,0,0,0,1
Kost Singgahsini Bendi XIV Tipe B Kebayoran Lama Jakarta Selatan,Jakarta Selatan,Kebayoran Lama,0.00,2455000.00,4.60,4.00,5.00,Kos Putri,6.00,0,1,1,1,1,1,1,1,0,0,1,1,0,1,0,1,1,1,1,1,1,0,1,1,1,0,0,0,1
Kost Singgahsini Bendungan Hilir 95 Tipe A Tanah Abang Jakarta Pusat,Jakarta Pusat,Tanah Abang,0.00,1525000.00,4.60,33.00,59.00,Kos Campur,12.25,0,0,1,1,1,1,0,0,0,0,1,1,0,1,1,1,0,1,0,1,0,0,0,1,0,0,0,0,1
Kost Singgahsini Beranda Kanaya Tipe A Senen Jakarta Pusat,Jakarta Pusat,Senen,0.00,1972500.00,4.90,9.00,48.00,Kos Putri,13.94,0,1,1,1,1,1,0,1,0,0,1,1,0,1,1,1,0,1,1,1,0,0,1,1,0,0,0,0,1
Kost Singgahsini Berkah Bintaro Tipe A Pesanggrahan Jakarta Selatan,Jakarta Selatan,Pesanggrahan,0.00,1675000.00,5.00,2.00,4.00,Kos Putri,7.00,1,1,1,0,1,1,1,1,0,0,1,1,0,1,1,1,0,1,0,1,1,0,1,1,0,0,0,0,1
Kost Singgahsini Berkah Bintaro Tipe B Pesanggrahan Jakarta Selatan,Jakarta Selatan,Pesanggrahan,2.00,1475000.00,4.90,11.00,25.00,Kos Putri,5.75,1,0,1,0,1,1,1,1,0,0,1,1,0,1,1,1,0,1,0,1,1,0,1,1,0,0,0,0,1
Kost Singgahsini BINUS Melrose Laluna Residence Tipe A Palmerah Jakarta Barat,Jakarta Barat,Palmerah,0.00,1877500.00,4.40,13.00,24.00,Kos Campur,5.00,0,1,1,0,1,1,1,0,1,1,1,1,0,1,0,1,0,1,0,0,0,0,1,0,1,0,0,0,1
Kost Singgahsini Black House Tipe A Kebayoran Baru Jakarta Selatan,Jakarta Selatan,Kebayoran Baru,1.00,3245000.00,4.80,4.00,4.00,Kos Campur,15.00,0,1,1,1,1,1,1,1,0,0,0,1,0,1,1,1,1,1,1,1,1,0,0,1,0,0,0,0,1
Kost Singgahsini Blue N Yellow Tipe A Cilincing Jakarta Utara,Jakarta Utara,Cilincing,0.00,1260000.00,0.00,0.00,1.00,Kos Campur,9.00,0,1,1,1,1,1,1,0,0,1,0,1,0,1,0,0,0,1,0,0,0,0,0,0,0,1,0,0,1
Kost Singgahsini Blue N Yellow Tipe B Cilincing Jakarta Utara,Jakarta Utara,Cilincing,1.00,880000.00,4.40,11.00,27.00,Kos Campur,9.00,0,1,1,1,1,1,1,0,0,1,0,0,0,1,0,0,0,1,0,0,0,1,0,0,0,1,0,0,1
Kost Singgahsini Blueberry 1 Tipe B Sawah Besar Jakarta Pusat,Jakarta Pusat,Sawah Besar,0.00,2425000.00,4.60,18.00,24.00,Kos Campur,14.70,0,1,1,1,1,1,1,1,0,0,1,1,1,1,1,1,1,1,0,1,0,0,1,0,1,0,0,0,1
Kost Singgahsini Blueberry 1 Tipe C Sawah Besar Jakarta Pusat,Jakarta Pusat,Sawah Besar,0.00,2075000.00,4.60,58.00,122.00,Kos Campur,12.60,0,1,1,1,0,1,1,1,0,0,1,1,1,1,1,1,1,1,0,1,0,0,1,0,1,0,0,0,1
Kost Singgahsini Bluhaus Meruya Tipe A Kembangan Jakarta Barat,Jakarta Barat,Kembangan,0.00,2225000.00,0.00,0.00,1.00,Kos Campur,16.12,0,1,1,1,0,1,1,1,0,0,1,1,0,0,0,1,0,1,1,1,0,0,1,0,0,0,0,0,1
Kost Singgahsini Bluhaus Meruya Tipe B Kembangan Jakarta Barat,Jakarta Barat,Kembangan,1.00,1925000.00,4.90,9.00,26.00,Kos Campur,8.68,0,1,1,1,0,1,1,1,0,0,1,1,0,0,0,1,0,1,1,1,0,0,1,0,0,0,0,0,0
Kost Singgahsini BnB Tipe B Kembangan Jakarta Barat,Jakarta Barat,Kembangan,0.00,1000000.00,4.60,14.00,25.00,Kos Campur,12.18,0,1,0,1,1,1,0,1,0,1,1,0,0,0,0,1,0,1,1,1,0,0,0,0,0,0,0,0,0
Kost Singgahsini Buana Gandaria Tipe A Kebayoran Lama Jakarta Selatan,Jakarta Selatan,Kebayoran Lama,1.00,1825000.00,4.40,7.00,8.00,Kos Campur,9.80,0,1,1,1,1,1,0,0,1,1,1,1,0,1,1,1,0,1,0,1,1,0,1,1,0,0,1,0,0
Kost Singgahsini Buana Seven Tipe A Kebayoran Lama Jakarta Selatan,Jakarta Selatan,Kebayoran Lama,0.00,1805000.00,4.50,7.00,16.00,Kos Putra,9.00,1,0,1,1,1,1,1,1,1,1,1,1,1,1,1,1,0,1,0,1,1,0,1,1,1,0,0,0,0
Kost Singgahsini Bukit Duri 42 Tipe A Tebet Jakarta Selatan,Jakarta Selatan,Tebet,0.00,2248000.00,0.00,0.00,2.00,Kos Putri,12.00,0,1,1,1,1,1,1,1,0,0,1,1,0,1,1,1,0,1,1,1,0,0,1,0,0,1,0,0,1
Kost Singgahsini Bukit Duri 42 Tipe B Tebet Jakarta Selatan,Jakarta Selatan,Tebet,0.00,1735000.00,4.80,14.00,35.00,Kos Putri,9.00,0,0,1,1,1,1,1,1,0,0,1,1,0,1,1,1,0,1,1,1,0,0,1,0,0,1,0,0,1
Kost Singgahsini Bunggur Wanita Tipe A Kebayoran Lama Jakarta Selatan,Jakarta Selatan,Kebayoran Lama,0.00,1395000.00,4.30,2.00,10.00,Kos Putri,12.00,0,0,0,0,0,1,0,1,1,1,1,1,0,0,0,1,0,1,0,0,0,0,1,0,0,0,0,0,1
Kost Singgahsini Bunggur Wanita Tipe B Kebayoran Lama Jakarta Selatan,Jakarta Selatan,Kebayoran Lama,0.00,1255000.00,4.60,11.00,24.00,Kos Putri,12.00,0,0,0,0,0,1,0,1,1,1,1,1,0,0,0,1,0,1,0,0,0,0,1,0,0,0,0,0,0
Kost Singgahsini Bunggur Wanita Tipe C Kebayoran Lama Jakarta Selatan,Jakarta Selatan,Kebayoran Lama,0.00,1425000.00,4.80,10.00,30.00,Kos Putri,12.00,0,0,0,0,0,1,0,1,1,1,1,1,0,0,0,1,0,1,0,0,0,0,1,0,0,0,0,0,1
Kost Singgahsini Cahaya Mansion Tipe A Tebet Jakarta Selatan,Jakarta Selatan,Tebet,0.00,3153000.00,4.80,12.00,19.00,Kos Campur,11.20,0,1,1,1,1,1,1,0,1,0,1,1,1,1,0,1,1,1,1,1,1,0,1,0,1,0,0,0,1
Kost Singgahsini Cahaya Mansion Tipe D Tebet Jakarta Selatan,Jakarta Selatan,Tebet,0.00,2685000.00,4.60,10.00,14.00,Kos Campur,11.20,0,1,1,1,1,1,1,0,1,0,1,1,1,1,0,1,1,1,1,1,1,0,1,0,1,0,0,0,1
Kost Singgahsini Cahaya Mansion Tipe D Tebet Jakarta Selatan,Jakarta Selatan,Tebet,0.00,2685000.00,4.60,10.00,14.00,Kos Campur,9.00,0,0,0,0,0,0,0,0,0,0,0,0,0,0,0,0,0,0,0,0,0,0,0,0,0,0,0,0,1
Kost Singgahsini Casa De Salam Tipe A Kramat Jati Jakarta Timur,Jakarta Timur,Kramat Jati,0.00,1875000.00,0.00,0.00,2.00,Kos Campur,10.50,0,1,1,1,1,1,1,0,0,0,1,1,0,1,0,1,0,1,0,0,0,0,1,0,0,0,0,0,1
Kost Singgahsini Casa Kalasa Tipe B Mampang Prapatan Jakarta Selatan,Jakarta Selatan,Mampang Prapatan,0.00,2675000.00,4.90,9.00,13.00,Kos Campur,8.68,0,1,1,1,1,1,1,0,0,0,1,1,0,1,1,1,0,1,0,1,0,0,1,1,1,0,0,0,1
Kost Singgahsini Casa Kalasa Tipe C Mampang Prapatan Jakarta Selatan,Jakarta Selatan,Mampang Prapatan,0.00,2525000.00,4.90,11.00,20.00,Kos Campur,10.64,0,1,1,1,1,1,1,0,0,0,1,1,0,1,1,1,0,1,0,1,0,0,1,1,1,0,0,0,1
Kost Singgahsini Casa Tebet Mas Indah Tipe A Tebet Jakarta Selatan,Jakarta Selatan,Tebet,0.00,3825000.00,4.80,33.00,68.00,Kos Putri,12.96,0,1,1,0,1,1,1,1,1,0,1,1,1,1,0,1,1,1,1,1,0,0,1,0,1,0,0,0,0
Kost Singgahsini Casa Tebet Mas Indah Tipe B Tebet Jakarta Selatan,Jakarta Selatan,Tebet,1.00,3525000.00,4.90,40.00,63.00,Kos Putri,9.90,0,1,1,0,1,1,1,1,1,0,1,1,1,1,1,1,1,1,1,1,0,0,1,0,1,0,0,0,0
Kost Singgahsini Casa Tebet Mas Indah Tipe C Tebet Jakarta Selatan,Jakarta Selatan,Tebet,0.00,3225000.00,4.90,5.00,7.00,Kos Putri,12.00,0,0,1,1,1,1,1,1,1,0,1,1,0,1,1,1,1,1,1,1,0,0,1,0,1,0,0,0,0
Kost Singgahsini Cempaka Putih 15 Tipe A Jakarta Pusat,Jakarta Pusat,Cempaka Putih,0.00,1925000.00,4.80,35.00,47.00,Kos Campur,12.00,0,1,1,1,1,0,1,1,1,0,1,1,0,1,1,1,0,1,1,1,0,0,1,1,0,0,0,0,0
Kost Singgahsini Cempaka Putih 15 Tipe B Jakarta Pusat,Jakarta Pusat,Cempaka Putih,1.00,2115000.00,4.60,5.00,3.00,Kos Campur,12.80,0,1,1,1,0,0,1,1,1,0,1,1,0,0,0,1,0,1,1,1,0,0,1,0,0,0,0,0,0
Kost Singgahsini Cempaka Putih 15 Tipe C Jakarta Pusat,Jakarta Pusat,Cempaka Putih,0.00,2225000.00,4.90,5.00,6.00,Kos Campur,14.00,0,1,1,1,1,0,1,1,1,0,1,1,0,1,1,1,0,1,1,1,0,0,1,1,0,0,0,0,0
Kost Singgahsini Cendrawasih I Tipe A Cilandak Jakarta Selatan,Jakarta Selatan,Cilandak,0.00,2575000.00,4.60,20.00,31.00,Kos Campur,8.58,1,1,1,0,1,1,1,1,0,1,0,1,0,1,1,1,0,1,1,1,0,0,0,0,1,0,0,0,1
Kost Singgahsini Cendrawasih I Tipe B Cilandak Jakarta Selatan,Jakarta Selatan,Cilandak,0.00,2845000.00,4.50,27.00,45.00,Kos Campur,14.00,1,1,1,0,1,1,1,1,0,1,0,1,1,1,1,1,0,1,1,1,0,0,0,0,1,0,0,0,1
Kost Singgahsini Cherry Suites Tipe B Kebayoran Baru Jakarta Selatan,Jakarta Selatan,Kebayoran Baru,0.00,3700000.00,5.00,2.00,8.00,Kos Campur,13.50,0,1,1,1,0,1,0,1,0,1,1,1,1,1,1,1,1,1,1,1,1,0,1,1,1,0,0,0,1
Kost Singgahsini Cipinang Baru Raya Tipe A Pulo Gadung Jakarta Timur,Jakarta Timur,Pulo Gadung,1.00,1450000.00,5.00,51.00,85.00,Kos Campur,10.50,0,0,1,0,1,1,1,1,0,1,0,1,1,1,0,1,0,1,0,1,0,0,0,1,0,1,0,0,1
Kost Singgahsini Cira 29A Tipe B Kebayoran Lama Jakarta Selatan,Jakarta Selatan,Kebayoran Lama,0.00,1735000.00,4.80,5.00,14.00,Kos Putra,12.00,1,0,1,1,1,1,0,1,0,1,1,1,0,1,1,1,0,1,0,1,1,0,1,1,0,0,0,0,1
Kost Singgahsini Citron Tipe C Cipete Raya Jakarta Selatan,Jakarta Selatan,Cilandak,1.00,3682500.00,4.60,1.00,6.00,Kos Campur,20.00,0,1,1,0,0,1,1,1,0,1,1,1,1,1,1,1,1,1,1,1,1,0,1,1,1,0,0,0,1
Kost Singgahsini Clean Room SPR Tipe A Taman Sari Jakarta Barat,Jakarta Barat,Taman Sari,0.00,2025000.00,4.00,4.00,5.00,Kos Campur,12.96,0,1,1,1,0,1,0,0,0,0,1,1,0,1,0,1,1,1,1,0,0,0,1,0,0,0,0,0,1
Kost Singgahsini Clean Room SPR Tipe B Taman Sari Jakarta Barat,Jakarta Barat,Taman Sari,0.00,1925000.00,4.80,21.00,43.00,Kos Campur,10.56,0,1,1,1,0,1,0,0,0,0,1,1,0,1,1,1,1,1,1,0,0,0,1,0,1,0,0,0,1
Kost Singgahsini Clean Room SPR Tipe C Taman Sari Jakarta Barat,Jakarta Barat,Taman Sari,0.00,1681000.00,4.50,6.00,10.00,Kos Campur,11.16,0,1,1,1,1,1,0,0,0,0,1,1,0,1,1,1,1,1,1,0,0,0,1,0,1,0,0,0,1
Kost Singgahsini Cleo Damai 2 Tipe A Kebayoran Baru Jakarta Selatan,Jakarta Selatan,Kebayoran Baru,1.00,3625000.00,4.60,3.00,10.00,Kos Campur,18.00,0,1,1,1,1,1,0,1,0,0,1,1,1,1,0,1,1,1,1,1,1,0,1,0,1,0,0,0,0
Kost Singgahsini Condet Raya 3 Tipe A Kramat Jati Jakarta Timur,Jakarta Timur,Kramat Jati,3.00,1635000.00,4.80,15.00,18.00,Kos Campur,7.50,1,1,1,1,1,1,1,1,1,1,1,1,1,1,0,1,0,1,1,1,0,0,1,0,0,0,1,0,1
Kost Singgahsini Condet Raya 3 Tipe B Kramat Jati Jakarta Timur,Jakarta Timur,Kramat Jati,0.00,1592500.00,4.50,23.00,31.00,Kos Campur,7.50,1,1,1,1,1,1,1,1,1,1,1,1,1,1,0,1,0,1,1,1,0,0,1,0,0,0,1,0,1
Kost Singgahsini Condet Raya 3 Tipe D Kramat Jati Jakarta Timur,Jakarta Timur,Kramat Jati,0.00,1037000.00,4.50,43.00,72.00,Kos Campur,7.50,1,1,1,1,0,1,1,1,1,1,0,0,1,1,0,1,0,1,1,1,0,0,1,0,0,1,1,0,1
Kost Singgahsini Condet Raya 3 Tipe E Kramat Jati Jakarta Timur,Jakarta Timur,Kramat Jati,3.00,927500.00,4.60,21.00,40.00,Kos Campur,8.40,1,0,0,1,0,1,1,1,1,1,1,0,1,1,0,1,0,1,1,1,0,0,1,0,0,1,1,0,1
Kost Singgahsini Coteca BINUS Anggrek Tipe A Rawa Belong Jakarta Barat,Jakarta Barat,Palmerah,0.00,1877500.00,4.60,48.00,90.00,Kos Campur,8.75,0,1,1,0,1,1,1,1,1,1,1,1,0,1,0,1,0,1,1,1,0,0,1,0,1,0,0,0,1
Kost Singgahsini Coteca BINUS Anggrek Tipe B Rawa Belong Jakarta Barat,Jakarta Barat,Palmerah,0.00,1592500.00,4.60,49.00,81.00,Kos Campur,7.50,1,0,1,0,0,1,1,1,1,1,1,1,0,1,0,1,0,1,1,1,0,0,1,0,1,0,0,0,1
Kost Singgahsini Cozy Rawasari Tipe A Cempaka Putih Jakarta Pusat,Jakarta Pusat,Cempaka Putih,1.00,1842000.00,4.80,31.00,50.00,Kos Campur,7.20,0,1,1,1,1,1,1,1,0,1,1,1,0,1,0,1,1,1,1,1,1,0,1,1,0,1,0,0,1
Kost Singgahsini Cozy Rawasari Tipe B Cempaka Putih Jakarta Pusat,Jakarta Pusat,Cempaka Putih,0.00,1750000.00,4.80,27.00,45.00,Kos Campur,7.20,0,1,1,1,1,1,1,1,0,1,1,1,0,1,1,1,0,1,1,1,1,0,1,1,0,1,0,0,1
Kost Singgahsini Cynthia Duren Sawit Jakarta Timur,Jakarta Timur,Duren Sawit,0.00,1545000.00,4.90,43.00,56.00,Kos Campur,12.00,0,1,1,0,1,1,1,0,1,1,1,1,0,0,1,1,0,1,0,1,1,0,1,0,0,0,0,0,1
Kost Singgahsini D Nahuma Jatiwaringin Tipe A Makasar Jakarta Timur,Jakarta Timur,Makasar,3.00,2115000.00,4.60,7.00,12.00,Kos Campur,16.00,1,1,1,1,1,1,1,1,0,0,1,1,0,1,0,1,0,1,0,0,0,0,1,0,1,1,0,0,1
Kost Singgahsini D Nahuma Jatiwaringin Tipe B Makasar Jakarta Timur,Jakarta Timur,Makasar,0.00,1906000.00,4.60,18.00,34.00,Kos Campur,12.00,1,1,1,1,1,1,1,1,0,0,1,1,0,1,0,1,0,1,0,0,0,0,1,0,0,1,0,0,1
Kost Singgahsini D Parama Kelinci Raya Tipe A Sawah Besar Jakarta Pusat,Jakarta Pusat,Sawah Besar,0.00,2691000.00,4.60,1.00,4.00,Kos Campur,9.61,0,1,1,1,1,1,1,0,0,1,1,1,1,1,1,1,1,1,1,1,1,0,1,1,1,0,0,0,1
Kost Singgahsini D Parama Kelinci Raya Tipe B Sawah Besar Jakarta Pusat,Jakarta Pusat,Sawah Besar,0.00,3312000.00,4.80,4.00,7.00,Kos Campur,17.64,0,1,1,1,1,1,1,0,0,1,1,1,1,1,1,1,1,1,1,1,1,0,1,1,1,0,0,0,1
Kost Singgahsini D Parama Kelinci Raya Tipe C Sawah Besar Jakarta Pusat,Jakarta Pusat,Sawah Besar,0.00,2992500.00,4.00,1.00,4.00,Kos Campur,10.50,0,1,1,1,1,1,1,0,0,1,1,1,1,1,0,1,1,1,1,1,1,0,1,1,1,0,0,0,1
Kost Singgahsini Da Quinta Kelapa Sawit Tipe A Duren Sawit Jakarta Timur,Jakarta Timur,Duren Sawit,3.00,1592500.00,4.80,50.00,80.00,Kos Campur,12.00,0,1,1,0,1,1,1,1,0,1,1,1,0,1,0,1,0,1,1,1,1,0,1,0,0,0,0,0,1
Kost Singgahsini Da Quinta Kelapa Sawit Tipe B Duren Sawit Jakarta Timur,Jakarta Timur,Duren Sawit,1.00,1830000.00,4.50,16.00,23.00,Kos Campur,14.00,1,1,1,1,1,1,1,1,1,1,1,1,0,1,1,1,0,1,1,1,1,0,1,0,0,0,1,0,1
Kost Singgahsini Dahlia I Tipe A Kelapa Gading Jakarta Utara,Jakarta Utara,Kelapa Gading,0.00,1865000.00,0.00,0.00,1.00,Kos Putri,9.00,0,1,1,1,1,1,1,1,0,0,0,1,0,1,1,1,0,1,1,1,0,0,0,0,0,0,0,0,1
Kost Singgahsini Dahlia I Tipe B Kelapa Gading Jakarta Utara,Jakarta Utara,Kelapa Gading,0.00,1875000.00,4.90,3.00,8.00,Kos Putri,7.20,0,1,1,1,1,1,1,1,0,0,0,1,0,1,1,1,0,1,1,1,0,0,0,0,0,0,0,0,1
Kost Singgahsini Dahlia I Tipe C Kelapa Gading Jakarta Utara,Jakarta Utara,Kelapa Gading,1.00,1625000.00,4.80,11.00,14.00,Kos Putri,6.30,0,0,1,1,1,1,1,1,0,0,0,1,0,1,1,1,0,1,1,1,0,0,0,0,0,0,0,0,1
Kost Singgahsini Dahlia I Tipe D Kelapa Gading Jakarta Utara,Jakarta Utara,Kelapa Gading,0.00,1525000.00,4.90,11.00,17.00,Kos Putri,5.76,0,0,1,1,1,1,1,1,0,0,0,1,0,1,1,1,0,1,1,1,0,0,0,0,0,0,0,0,1
Kost Singgahsini Dali Teges Tipe A Menteng Dalam Jakarta Selatan,Jakarta Selatan,Tebet,0.00,1925000.00,4.80,4.00,6.00,Kos Putra,9.00,1,1,1,1,1,1,1,1,0,1,1,1,0,1,0,1,0,1,0,1,1,0,1,1,1,0,0,0,1
Kost Singgahsini Dali Teges Tipe A Menteng Dalam Jakarta Selatan,Jakarta Selatan,Tebet,0.00,1925000.00,4.80,4.00,6.00,Kos Putra,9.00,0,0,0,0,0,0,0,0,0,0,0,0,0,0,0,0,0,0,0,0,0,0,0,0,0,0,0,0,0
Kost Singgahsini Dali Teges Tipe B Menteng Dalam Jakarta Selatan,Jakarta Selatan,Tebet,0.00,2025000.00,4.80,19.00,25.00,Kos Campur,12.00,1,1,1,1,0,1,1,1,0,1,0,1,0,1,0,1,0,1,0,1,1,0,1,1,0,0,0,0,1
Kost Singgahsini Damai Sapphire Tipe A Kebayoran Baru Jakarta Selatan,Jakarta Selatan,Kebayoran Baru,1.00,4075000.00,4.80,16.00,29.00,Kos Campur,13.50,0,1,1,1,1,1,1,0,0,0,1,1,1,1,0,1,1,1,1,1,0,0,1,0,1,0,0,0,1
Kost Singgahsini Damai Sapphire Tipe E Kebayoran Baru Jakarta Selatan,Jakarta Selatan,Kebayoran Baru,1.00,3025000.00,4.80,40.00,68.00,Kos Campur,13.50,0,1,1,1,1,1,1,0,0,0,1,1,1,1,0,1,1,1,1,1,0,0,1,0,1,0,0,0,1
Kost Singgahsini Danysa Tipe A Tebet Jakarta Selatan,Jakarta Selatan,Tebet,0.00,2187000.00,5.00,3.00,4.00,Kos Campur,9.00,1,1,1,1,1,1,1,1,0,1,1,1,0,1,1,1,0,1,0,0,0,0,0,0,0,0,0,0,1
Kost Singgahsini De 80s Tipe A Matraman Jakarta Timur,Jakarta Timur,Matraman,1.00,2305000.00,4.30,5.00,21.00,Kos Putri,12.00,0,1,1,1,1,1,1,0,0,0,1,1,1,1,0,1,1,1,0,0,0,0,1,0,0,0,0,0,1
Kost Singgahsini De 80s Tipe B Matraman Jakarta Timur,Jakarta Timur,Matraman,1.00,2275000.00,4.40,9.00,31.00,Kos Putri,8.10,0,1,1,1,1,1,1,0,0,0,1,1,1,1,1,1,1,1,0,0,0,0,1,0,0,0,0,0,1
Kost Singgahsini De 80s Tipe C Matraman Jakarta Timur,Jakarta Timur,Matraman,2.00,2025000.00,4.50,16.00,31.00,Kos Putri,8.10,0,1,1,1,1,1,1,0,0,0,1,1,1,1,1,1,1,1,0,0,0,0,1,0,0,0,0,0,1
Kost Singgahsini De 9 House Tipe A Menteng Jakarta Pusat,Jakarta Pusat,Menteng,0.00,2293000.00,0.00,0.00,8.00,Kos Campur,10.50,0,1,1,1,1,1,1,1,0,1,1,1,1,1,0,1,1,1,1,1,0,0,1,1,0,0,0,0,1
Kost Singgahsini De Rooms 1 Batu Tipe B Pasar Minggu Jakarta Selatan,Jakarta Selatan,Pasar Minggu,0.00,1681000.00,4.30,1.00,14.00,Kos Campur,12.00,0,1,1,1,1,1,1,1,0,0,1,1,0,1,1,1,0,1,1,1,1,0,1,0,0,1,0,0,1
Kost Singgahsini Dempo 9 Tipe A Menteng Jakarta Pusat,Jakarta Pusat,Menteng,1.00,3160000.00,4.30,5.00,6.00,Kos Campur,25.00,1,1,1,1,1,1,1,1,0,1,1,1,0,1,1,1,0,1,1,1,1,0,1,0,0,0,0,0,1
Kost Singgahsini Dempo 9 Tipe B Menteng Jakarta Pusat,Jakarta Pusat,Menteng,1.00,2210000.00,4.60,20.00,28.00,Kos Campur,16.00,1,1,1,1,1,1,1,1,0,1,1,1,0,1,1,1,0,1,1,1,1,0,1,1,0,0,0,0,1
Kost Singgahsini Dempo 9 Tipe C Menteng Jakarta Pusat,Jakarta Pusat,Menteng,0.00,1911000.00,4.00,1.00,2.00,Kos Campur,11.52,1,0,1,1,1,1,1,1,0,1,1,1,0,1,1,1,0,1,1,1,1,0,1,1,0,0,0,0,1
Kost Singgahsini Dempo 9 Tipe D Menteng Jakarta Pusat,Jakarta Pusat,Menteng,0.00,1782500.00,4.60,3.00,7.00,Kos Campur,10.08,1,1,1,1,1,1,1,1,0,1,1,0,0,1,0,0,0,1,1,1,1,1,1,0,0,0,0,0,1
Kost Singgahsini Discovery Home Tipe A Kebon Jeruk Jakarta Barat,Jakarta Barat,Kebon Jeruk,0.00,1465000.00,4.10,9.00,34.00,Kos Campur,7.29,0,1,1,1,1,1,0,1,1,1,1,1,0,1,0,1,1,1,1,1,0,0,1,0,0,0,1,0,1
Kost Singgahsini Dito Jati Padang Tipe A Pasar Minggu Jakarta Selatan,Jakarta Selatan,Pasar Minggu,1.00,3025000.00,4.80,3.00,6.00,Kos Campur,19.11,0,1,1,1,1,1,1,1,1,0,1,1,1,1,1,1,1,1,1,1,0,0,1,1,0,0,1,0,0
Kost Singgahsini Dito Jati Padang Tipe B Pasar Minggu Jakarta Selatan,Jakarta Selatan,Pasar Minggu,2.00,2525000.00,4.80,13.00,26.00,Kos Campur,10.50,0,1,1,1,1,1,1,1,1,0,1,1,1,1,0,1,1,1,1,1,0,0,1,1,0,0,1,0,0
Kost Singgahsini Dito Jati Padang Tipe C Pasar Minggu Jakarta Selatan,Jakarta Selatan,Pasar Minggu,0.00,2225000.00,5.00,3.00,9.00,Kos Campur,6.96,0,1,1,1,1,1,1,1,1,0,1,1,1,1,1,1,1,1,1,1,0,0,1,1,0,0,1,0,0
Kost Singgahsini Dstudio MRT Haji Nawi Tipe A Cilandak Jakarta Selatan,Jakarta Selatan,Cilandak,0.00,3325000.00,4.80,15.00,37.00,Kos Campur,9.00,0,1,1,1,1,1,1,1,0,0,1,1,0,0,0,1,1,1,1,1,1,0,1,0,0,0,0,0,1
Kost Singgahsini Dwi Cempaka IX Tipe A Duren Sawit Jakarta Timur,Jakarta Timur,Duren Sawit,0.00,1235000.00,5.00,4.00,14.00,Kos Campur,10.24,0,0,1,0,1,1,1,1,1,1,1,1,0,1,0,1,0,1,0,0,0,0,1,1,0,1,0,1,1
Kost Singgahsini Dwi Warna 18A Tipe A Sawah Besar Jakarta Pusat,Jakarta Pusat,Sawah Besar,0.00,1877500.00,4.90,15.00,30.00,Kos Campur,12.04,0,1,1,1,1,1,0,1,1,1,1,1,1,1,1,1,0,1,1,1,0,0,1,1,0,0,0,0,1
Kost Singgahsini Dwi Warna 18A Tipe B Sawah Besar Jakarta Pusat,Jakarta Pusat,Sawah Besar,0.00,1592500.00,4.80,7.00,9.00,Kos Campur,6.09,0,0,0,1,1,1,0,1,1,1,1,1,1,1,1,0,0,1,1,1,0,0,1,0,0,1,0,0,1
Kost Singgahsini East 37 Tipe A Tebet Timur Jakarta Selatan,Jakarta Selatan,Tebet,0.00,1895000.00,4.60,12.00,21.00,Kos Putra,6.21,0,1,1,0,0,1,1,1,1,1,1,1,0,1,0,0,1,1,1,1,1,0,1,0,0,0,0,0,1
Kost Singgahsini East 37 Tipe E Tebet Timur Jakarta Selatan,Jakarta Selatan,Tebet,0.00,1725000.00,4.80,7.00,7.00,Kos Campur,6.00,0,1,1,0,0,1,1,1,1,1,1,1,0,1,0,0,1,1,1,1,1,0,1,0,0,0,0,0,1
Kost Singgahsini Elani Residence Tipe A Senen Jakarta Pusat,Jakarta Pusat,Senen,0.00,1591250.00,4.80,7.00,16.00,Kos Campur,7.00,1,0,1,0,1,1,1,1,0,0,0,1,1,1,1,1,1,1,1,1,1,0,1,0,1,0,0,0,1
Kost Singgahsini Elani Residence Tipe B Senen Jakarta Pusat,Jakarta Pusat,Senen,0.00,2113750.00,4.80,11.00,16.00,Kos Campur,10.50,1,1,1,0,1,1,1,1,0,0,1,1,1,1,1,1,1,1,1,1,1,0,1,0,1,0,0,0,1
Kost Singgahsini Elani Residence Tipe C Senen Jakarta Pusat,Jakarta Pusat,Senen,0.00,2921250.00,5.00,14.00,24.00,Kos Campur,10.50,1,1,1,0,1,1,1,1,0,0,0,1,1,1,1,1,1,1,1,1,1,0,1,1,1,0,0,0,1
Kost Singgahsini Elani Residence Tipe D Senen Jakarta Pusat,Jakarta Pusat,Senen,0.00,2369000.00,4.90,17.00,27.00,Kos Campur,10.50,1,1,1,0,1,1,1,1,0,0,1,1,1,1,1,1,1,1,1,1,1,0,1,0,1,0,0,0,1
Kost Singgahsini Elani Residence Tipe E Senen Jakarta Pusat,Jakarta Pusat,Senen,0.00,3266000.00,4.90,11.00,23.00,Kos Campur,10.50,1,1,1,0,1,1,1,1,0,0,1,1,1,1,1,1,1,1,1,1,1,0,1,0,1,0,0,0,1
Kost Singgahsini Eshan Kayu Manis Tipe A Matraman Jakarta Timur,Jakarta Timur,Matraman,1.00,1875000.00,4.80,93.00,109.00,Kos Campur,9.52,0,1,1,1,1,1,1,1,0,1,1,1,1,1,1,1,0,1,1,1,0,0,1,1,0,0,0,0,0
Kost Singgahsini Fatimah Tipe B Tebet Jakarta Selatan,Jakarta Selatan,Tebet,0.00,1900000.00,4.80,5.00,11.00,Kos Putri,10.24,0,1,1,1,1,1,0,1,0,1,1,1,0,1,0,1,0,1,1,1,0,0,1,1,0,0,0,0,1
Kost Singgahsini Fortune House Tipe A Cipayung Jakarta Timur,Jakarta Timur,Cipayung,0.00,1589000.00,5.00,2.00,9.00,Kos Campur,15.00,0,1,1,1,1,1,0,0,0,1,1,1,0,1,1,1,0,1,0,0,0,0,0,0,0,0,0,0,1
Kost Singgahsini Fortune House Tipe B Cipayung Jakarta Timur,Jakarta Timur,Cipayung,1.00,1405000.00,4.90,4.00,21.00,Kos Campur,11.70,0,1,1,1,1,1,0,0,0,1,1,1,0,1,1,1,0,1,0,0,0,0,0,0,0,0,0,0,1
Kost Singgahsini Fortune House Tipe C Cipayung Jakarta Timur,Jakarta Timur,Cipayung,0.00,1260000.00,5.00,2.00,4.00,Kos Campur,15.00,0,1,1,1,1,1,0,0,0,1,1,0,0,1,1,1,0,1,0,0,0,0,0,0,0,0,0,0,1
Kost Singgahsini Fortune House Tipe D Cipayung Jakarta Timur,Jakarta Timur,Cipayung,0.00,1070000.00,5.00,4.00,29.00,Kos Campur,11.70,0,1,1,1,1,1,0,0,0,1,1,0,0,1,1,1,0,1,0,0,0,0,0,0,0,0,0,0,1
Kost Singgahsini G Kavling Tipe A Tebet Jakarta Selatan,Jakarta Selatan,Tebet,0.00,2072500.00,4.90,2.00,22.00,Kos Putra,12.00,0,1,1,1,1,1,1,0,0,1,1,1,0,1,1,0,0,1,1,1,1,0,1,1,0,1,0,0,1
Kost Singgahsini Gang Kelinci 13 Tipe A Kramat Jati Jakarta Timur,Jakarta Timur,Kramat Jati,0.00,1497500.00,4.90,6.00,15.00,Kos Putri,8.75,0,1,1,1,1,1,0,1,1,1,1,1,1,1,0,1,0,1,0,0,1,0,1,1,0,0,0,0,1
Kost Singgahsini Gardena Utama 5 Tipe A Kalideres Jakarta Barat,Jakarta Barat,Kali Deres,0.00,1900000.00,5.00,1.00,5.00,Kos Campur,14.00,0,1,1,1,1,1,1,1,1,1,1,1,0,1,1,1,0,1,1,1,1,0,1,0,0,0,0,0,1
Kost Singgahsini Gardena Utama 5 Tipe B Kalideres Jakarta Barat,Jakarta Barat,Kali Deres,1.00,1725000.00,4.60,7.00,9.00,Kos Campur,9.62,0,1,1,1,1,1,1,1,1,1,1,1,0,1,0,1,0,1,1,1,1,0,1,0,0,0,0,0,0
Kost Singgahsini Gardena Utama 5 Tipe C Kalideres Jakarta Barat,Jakarta Barat,Kali Deres,0.00,1675000.00,4.60,18.00,43.00,Kos Campur,9.10,0,1,1,1,1,1,1,1,1,1,1,1,0,1,1,1,0,1,1,1,1,0,1,0,0,0,0,0,0
Kost Singgahsini Gasyafa Tanjung Barat 45 Tipe A Jagakarsa Jakarta Selatan,Jakarta Selatan,Jagakarsa,3.00,1687500.00,4.90,24.00,38.00,Kos Putri,12.00,0,1,1,1,1,1,1,0,0,1,1,1,0,1,0,0,0,1,0,1,1,0,1,1,0,0,0,1,1
Kost Singgahsini Gasyafa Tanjung Barat 45 Tipe C Jagakarsa Jakarta Selatan,Jakarta Selatan,Jagakarsa,0.00,1307500.00,5.00,2.00,5.00,Kos Putri,7.00,0,1,1,1,1,1,1,0,0,1,1,1,0,1,1,1,0,1,0,1,1,0,1,1,0,0,0,0,1
Kost Singgahsini Gelong Baru Soejartosandi Tipe B Tomang Jakarta Barat,Jakarta Barat,Grogol Petamburan,0.00,2405000.00,4.80,21.00,32.00,Kos Putri,9.00,1,1,1,0,1,1,1,1,1,1,1,1,1,1,1,1,1,1,1,1,1,0,1,1,1,0,0,0,0
Kost Singgahsini Gelong Mansion 8 Tipe B Tomang Jakarta Barat,Jakarta Barat,Grogol Petamburan,0.00,2025000.00,4.80,8.00,19.00,Kos Campur,8.51,0,1,1,1,1,1,0,1,0,1,1,1,0,1,0,1,1,1,1,1,0,0,1,0,0,0,0,0,1
Kost Singgahsini Gelong Mansion 8 Tipe C Tomang Jakarta Barat,Jakarta Barat,Grogol Petamburan,0.00,1825000.00,4.90,18.00,54.00,Kos Campur,8.51,0,1,1,1,1,1,0,1,0,1,1,1,0,1,0,1,1,1,1,1,0,0,1,0,0,0,0,0,1
Kost Singgahsini Gelong Residence 25 Tipe A Grogol Petamburan Jakarta Barat,Jakarta Barat,Grogol Petamburan,0.00,2450000.00,4.60,104.00,210.00,Kos Campur,13.50,0,1,1,0,0,1,1,1,1,1,1,1,1,0,0,1,1,1,1,0,0,0,1,0,1,0,0,0,0
Kost Singgahsini Gelong Residence 25 Tipe B Grogol Petamburan Jakarta Barat,Jakarta Barat,Grogol Petamburan,0.00,1750000.00,0.00,0.00,16.00,Kos Campur,13.50,0,0,1,0,0,1,1,1,1,1,1,1,1,0,0,1,1,1,1,0,0,0,1,0,1,0,0,0,0
Kost Singgahsini Gelong Residence 27 Tipe A Grogol Petamburan Jakarta Barat,Jakarta Barat,Grogol Petamburan,3.00,2630000.00,4.60,86.00,208.00,Kos Campur,12.15,0,1,1,1,0,1,1,1,1,1,1,1,1,0,0,1,1,1,1,1,0,0,1,0,0,0,0,0,0
Kost Singgahsini Gelong Residence 27 Tipe B Grogol Petamburan Jakarta Barat,Jakarta Barat,Grogol Petamburan,0.00,2730000.00,4.60,15.00,29.00,Kos Campur,13.50,0,1,1,1,0,1,1,1,1,1,1,1,1,0,0,1,1,1,1,1,0,0,1,0,0,0,0,0,0
Kost Singgahsini Gents Home Tipe A Pesanggrahan Jakarta Selatan,Jakarta Selatan,Pesanggrahan,0.00,1681000.00,4.80,62.00,155.00,Kos Putra,5.52,0,1,1,1,1,1,0,1,0,0,1,1,0,1,1,1,0,1,1,1,1,0,1,0,1,0,0,0,1
Kost Singgahsini Gracia Tipe A Kelapa Gading Jakarta Utara,Jakarta Utara,Kelapa Gading,1.00,3680000.00,0.00,0.00,0.00,Kos Putri,22.50,0,1,1,1,1,1,1,1,0,1,1,1,1,1,1,1,1,1,1,1,1,0,1,0,1,0,0,0,1
Kost Singgahsini Gracia Tipe A Tebet Jakarta Selatan,Jakarta Selatan,Tebet,0.00,1855000.00,4.80,21.00,68.00,Kos Campur,8.16,0,1,1,1,1,1,0,0,0,0,1,1,0,1,1,1,0,1,1,1,0,0,1,0,0,0,0,0,1
Kost Singgahsini Gracia Tipe B Kelapa Gading Jakarta Utara,Jakarta Utara,Kelapa Gading,2.00,2944000.00,0.00,0.00,0.00,Kos Putri,15.04,0,1,1,1,1,1,1,1,0,1,1,1,1,1,1,1,1,1,1,1,1,0,1,0,1,0,0,0,1
Kost Singgahsini Gracia Tipe B Tebet Jakarta Selatan,Jakarta Selatan,Tebet,0.00,1495000.00,4.60,4.00,14.00,Kos Campur,9.00,0,0,0,0,0,0,0,0,0,0,0,0,0,0,0,0,0,0,0,0,0,0,0,0,0,0,0,0,0
Kost Singgahsini Gracia Tipe C Kelapa Gading Jakarta Utara,Jakarta Utara,Kelapa Gading,1.00,2760000.00,4.90,2.00,3.00,Kos Putri,12.60,0,1,1,1,1,1,1,1,0,1,1,1,1,1,1,1,1,1,1,1,1,0,1,0,1,0,0,0,1
Kost Singgahsini Gracia Tipe C Tebet Jakarta Selatan,Jakarta Selatan,Tebet,0.00,1255000.00,0.00,0.00,2.00,Kos Campur,5.98,0,1,1,1,1,1,0,1,0,0,1,1,0,1,0,1,0,1,1,1,0,0,0,0,0,0,0,0,1
Kost Singgahsini Graha 12 Tipe A Sawah Besar Jakarta Pusat,Jakarta Pusat,Sawah Besar,0.00,1925000.00,4.80,48.00,81.00,Kos Campur,8.00,0,1,1,1,1,1,1,1,0,1,1,1,1,1,1,1,1,1,0,1,0,0,1,0,1,0,0,0,1
Kost Singgahsini Graha Kusumo Menteng Dalam Tipe A Tebet Jakarta Selatan,Jakarta Selatan,Tebet,0.00,1800000.00,4.10,8.00,15.00,Kos Campur,9.00,0,1,1,0,1,1,0,0,0,0,0,1,0,1,0,1,0,1,0,1,0,0,0,0,0,1,0,0,1
Kost Singgahsini Green House Tipe A Pulo Gadung Jakarta Timur,Jakarta Timur,Pulo Gadung,2.00,1735000.00,0.00,0.00,0.00,Kos Putri,7.92,1,0,1,1,1,1,0,1,1,1,1,1,1,1,1,1,0,1,1,1,0,0,0,1,0,1,0,0,1
Kost Singgahsini Green House Tipe A Pulo Gadung Jakarta Timur,Jakarta Timur,Pulo Gadung,2.00,1735000.00,0.00,0.00,0.00,Kos Putri,7.92,1,0,1,1,1,1,0,1,1,1,1,1,1,1,1,1,0,1,1,1,0,0,0,1,0,1,0,0,1
Kost Singgahsini Green House Tipe A Pulo Gadung Jakarta Timur,Jakarta Timur,Pulo Gadung,2.00,1735000.00,0.00,0.00,0.00,Kos Putri,7.92,1,0,1,1,1,1,0,1,1,1,1,1,1,1,1,1,0,1,1,1,0,0,0,1,0,1,0,0,1
Kost Singgahsini Green House Tipe A Pulo Gadung Jakarta Timur,Jakarta Timur,Pulo Gadung,2.00,1735000.00,0.00,0.00,0.00,Kos Putri,7.92,1,0,1,1,1,1,0,1,1,1,1,1,1,1,1,1,0,1,1,1,0,0,0,1,0,1,0,0,1
Kost Singgahsini Green House Tipe A Pulo Gadung Jakarta Timur,Jakarta Timur,Pulo Gadung,2.00,1735000.00,0.00,0.00,0.00,Kos Putri,7.92,1,0,1,1,1,1,0,1,1,1,1,1,1,1,1,1,0,1,1,1,0,0,0,1,0,1,0,0,1
Kost Singgahsini Green House Tipe C Pulo Gadung Jakarta Timur,Jakarta Timur,Pulo Gadung,0.00,1165000.00,4.80,5.00,9.00,Kos Putri,8.10,1,0,1,1,1,1,0,1,1,1,1,0,1,1,1,1,0,1,1,1,0,1,0,1,0,1,0,0,1
Kost Singgahsini Greenhome Tipe A Bendungan Hilir Jakarta Pusat,Jakarta Pusat,Tanah Abang,0.00,3375000.00,4.80,6.00,11.00,Kos Campur,15.75,0,1,1,1,0,0,1,1,0,0,1,1,1,0,0,1,1,1,1,1,1,0,1,0,0,0,0,0,1
Kost Singgahsini Greenhome Tipe B Bendungan Hilir Jakarta Pusat,Jakarta Pusat,Tanah Abang,0.00,3175000.00,4.60,43.00,76.00,Kos Campur,12.00,0,1,1,1,0,0,1,1,0,0,1,1,1,0,0,1,1,1,1,1,1,0,1,0,0,0,0,0,0
Kost Singgahsini Greenhome Tipe C Bendungan Hilir Jakarta Pusat,Jakarta Pusat,Tanah Abang,0.00,2825000.00,4.60,47.00,94.00,Kos Campur,9.00,0,1,1,1,0,0,1,1,0,0,1,1,1,0,0,1,1,1,1,1,1,0,1,0,0,0,0,0,0
Kost Singgahsini Griya Batang Agam Tipe A Pancoran Jakarta Selatan,Jakarta Selatan,Pancoran,0.00,3025000.00,4.60,4.00,3.00,Kos Campur,21.00,0,1,1,1,1,0,1,1,1,1,1,1,1,1,1,1,1,1,1,1,0,0,1,1,0,0,1,0,1
Kost Singgahsini Griya Dami Tipe A Cilandak Jakarta Selatan,Jakarta Selatan,Cilandak,0.00,2545000.00,4.80,15.00,21.00,Kos Campur,12.00,0,1,1,1,1,1,1,1,0,1,1,1,1,1,0,1,0,1,0,1,0,0,1,0,0,0,0,0,1
Kost Singgahsini Griya Gading Bricelle Tipe A Pulo Gadung Jakarta Timur,Jakarta Timur,Pulo Gadung,0.00,1925000.00,5.00,3.00,6.00,Kos Campur,10.50,1,1,1,1,1,1,0,1,0,1,1,1,0,1,1,1,0,1,1,1,0,0,1,1,0,1,0,0,1
Kost Singgahsini Griya Gading Bricelle Tipe B Pulo Gadung Jakarta Timur,Jakarta Timur,Pulo Gadung,0.00,1545000.00,5.00,3.00,5.00,Kos Campur,10.50,1,0,1,1,1,1,0,1,0,1,1,1,0,1,1,1,0,1,1,1,0,0,1,1,0,1,0,0,1
Kost Singgahsini Griya Gading Bricelle Tipe C Pulo Gadung Jakarta Timur,Jakarta Timur,Pulo Gadung,0.00,1450000.00,4.80,3.00,7.00,Kos Campur,10.50,1,1,1,1,1,1,0,1,0,1,1,0,0,1,1,1,0,1,1,1,0,0,1,1,0,1,0,0,1
Kost Singgahsini Griya Gading Bricelle Tipe D Pulo Gadung Jakarta Timur,Jakarta Timur,Pulo Gadung,0.00,1212500.00,5.00,3.00,8.00,Kos Campur,10.50,1,0,1,1,1,1,0,1,0,1,1,0,0,1,0,1,0,1,1,1,0,0,1,0,0,0,0,0,1
Kost Singgahsini Griya Malabar Tipe A Duren Sawit Jakarta Timur,Jakarta Timur,Duren Sawit,1.00,2275000.00,0.00,0.00,0.00,Kos Putri,25.00,0,1,1,1,1,1,1,1,0,1,0,1,0,1,0,1,0,1,1,1,1,0,0,1,1,0,0,0,1
Kost Singgahsini Griya Malabar Tipe C Duren Sawit Jakarta Timur,Jakarta Timur,Duren Sawit,0.00,1645000.00,0.00,0.00,0.00,Kos Putri,14.00,0,0,1,1,1,1,1,1,0,1,0,1,0,1,1,1,0,1,1,1,1,0,0,1,0,0,0,0,1
Kost Singgahsini Griya Malabar Tipe C Duren Sawit Jakarta Timur,Jakarta Timur,Duren Sawit,0.00,1645000.00,0.00,0.00,0.00,Kos Putri,14.00,0,0,1,1,1,1,1,1,0,1,0,1,0,1,1,1,0,1,1,1,1,0,0,1,0,0,0,0,1
Kost Singgahsini Griya Malabar Tipe C Duren Sawit Jakarta Timur,Jakarta Timur,Duren Sawit,0.00,1645000.00,0.00,0.00,0.00,Kos Putri,14.00,0,0,1,1,1,1,1,1,0,1,0,1,0,1,1,1,0,1,1,1,1,0,0,1,0,0,0,0,1
Kost Singgahsini Griya Malabar Tipe C Duren Sawit Jakarta Timur,Jakarta Timur,Duren Sawit,0.00,1645000.00,0.00,0.00,0.00,Kos Putri,14.00,0,0,1,1,1,1,1,1,0,1,0,1,0,1,1,1,0,1,1,1,1,0,0,1,0,0,0,0,1
Kost Singgahsini Griya Malabar Tipe C Duren Sawit Jakarta Timur,Jakarta Timur,Duren Sawit,0.00,1645000.00,0.00,0.00,0.00,Kos Putri,14.00,0,0,1,1,1,1,1,1,0,1,0,1,0,1,1,1,0,1,1,1,1,0,0,1,0,0,0,0,1
Kost Singgahsini Griya Malabar Tipe D Duren Sawit Jakarta Timur,Jakarta Timur,Duren Sawit,2.00,970000.00,0.00,0.00,4.00,Kos Putri,8.10,1,0,1,1,1,1,1,1,0,1,0,0,0,1,1,1,0,1,1,1,1,0,0,1,0,0,0,0,1
Kost Singgahsini Griya Mitra Tipe A Tamansari Jakarta Barat,Jakarta Barat,Taman Sari,2.00,1865000.00,4.40,7.00,26.00,Kos Campur,16.80,0,1,1,1,0,1,1,1,0,0,1,1,1,0,0,1,1,1,0,1,0,0,0,0,0,0,0,0,1
Kost Singgahsini Griya Mitra Tipe B Tamansari Jakarta Barat,Jakarta Barat,Taman Sari,0.00,2257500.00,5.00,1.00,9.00,Kos Campur,16.80,0,1,1,1,0,1,1,1,0,0,1,1,1,0,0,1,1,1,0,1,0,0,0,0,0,0,0,0,1
Kost Singgahsini Griya Mitra Tipe C Tamansari Jakarta Barat,Jakarta Barat,Taman Sari,1.00,2647000.00,0.00,0.00,0.00,Kos Campur,16.80,0,1,1,1,0,1,1,1,0,0,1,1,1,0,0,1,1,1,0,1,0,0,0,0,0,0,0,0,1
Kost Singgahsini Griya Sehati Tipe B Tanjung Duren Jakarta Barat,Jakarta Barat,Grogol Petamburan,2.00,2959800.00,4.80,7.00,12.00,Kos Campur,10.50,0,1,1,0,1,1,1,1,1,1,1,1,1,1,0,1,1,1,1,1,0,0,1,0,1,0,0,0,1
Kost Singgahsini Griya Sehati Tipe C Tanjung Duren Jakarta Barat,Jakarta Barat,Grogol Petamburan,0.00,2705000.00,4.80,25.00,38.00,Kos Campur,9.00,0,1,1,0,1,1,1,1,1,1,1,1,1,1,1,1,1,1,1,1,0,0,1,0,1,0,0,0,1
Kost Singgahsini Griya Sehati Tipe D Tanjung Duren Jakarta Barat,Jakarta Barat,Grogol Petamburan,0.00,1875000.00,4.90,17.00,27.00,Kos Campur,9.00,0,0,1,0,1,1,1,1,1,1,1,1,1,1,1,1,1,1,1,1,0,0,1,0,1,0,0,0,1
Kost Singgahsini Griyo Ditelu Tipe A Jagakarsa Jakarta Selatan,Jakarta Selatan,Jagakarsa,1.00,2400000.00,4.90,10.00,17.00,Kos Putri,9.00,0,0,0,0,0,0,0,0,0,0,0,0,0,0,0,0,0,0,0,0,0,0,0,0,0,0,0,0,1
Kost Singgahsini Griyo Ditelu Tipe A Jagakarsa Jakarta Selatan,Jakarta Selatan,Jagakarsa,1.00,2400000.00,4.90,10.00,17.00,Kos Putri,12.25,0,1,1,1,1,1,1,1,0,1,1,1,1,1,1,1,1,1,1,1,1,0,1,1,1,0,0,0,1
Kost Singgahsini Guntur 40 Tipe B Setiabudi Jakarta Selatan,Jakarta Selatan,Setia Budi,0.00,2827500.00,4.80,25.00,43.00,Kos Campur,8.10,0,1,1,1,1,1,1,0,0,1,0,1,1,1,1,1,1,1,0,0,0,0,0,0,1,0,0,0,1
Kost Singgahsini Guntur 42 Tipe A Setiabudi Jakarta Selatan,Jakarta Selatan,Setia Budi,2.00,3350000.00,4.60,24.00,35.00,Kos Campur,18.00,1,1,1,1,0,1,1,1,0,1,1,1,1,0,1,1,1,1,1,1,1,0,1,0,1,0,0,0,1
Kost Singgahsini Haji Erwin Duren Tiga Tipe A Pancoran Jakarta Selatan,Jakarta Selatan,Pancoran,0.00,1855000.00,4.80,14.00,27.00,Kos Putra,10.64,0,1,0,0,1,1,0,1,0,0,1,1,0,1,1,1,0,1,1,1,0,0,1,1,0,1,0,0,0
Kost Singgahsini Haji Nawi 74 Tipe A Cilandak Jakarta Selatan,Jakarta Selatan,Cilandak,3.00,3425000.00,4.60,106.00,205.00,Kos Campur,10.50,0,1,1,1,0,1,1,1,1,0,1,1,1,1,0,1,1,1,1,1,1,0,1,0,1,0,1,0,1
Kost Singgahsini Haji Nawi 74 Tipe B Cilandak Jakarta Selatan,Jakarta Selatan,Cilandak,0.00,3625000.00,4.60,2.00,8.00,Kos Campur,19.25,0,1,1,1,1,1,1,1,1,1,1,1,1,1,1,1,1,1,1,1,1,0,1,0,1,0,1,0,0
Kost Singgahsini Haji Sholeh 21 Tipe A Kebon Jeruk Jakarta Barat,Jakarta Barat,Kebon Jeruk,1.00,2175000.00,4.80,8.00,13.00,Kos Putri,40.00,0,1,1,1,1,1,1,0,0,1,1,1,0,1,0,1,0,1,0,0,0,0,1,0,1,0,0,0,1
Kost Singgahsini Haji Sholeh 21 Tipe B Kebon Jeruk Jakarta Barat,Jakarta Barat,Kebon Jeruk,1.00,2075000.00,4.60,17.00,30.00,Kos Putri,36.00,0,1,1,1,1,1,1,0,0,1,1,1,0,1,0,1,0,1,0,0,0,0,1,0,1,0,0,0,1
Kost Singgahsini Haji Toto Tipe A Jagakarsa Jakarta Selatan,Jakarta Selatan,Jagakarsa,0.00,1235000.00,4.40,1.00,2.00,Kos Campur,10.24,0,1,1,1,1,1,0,0,0,0,0,1,0,1,1,1,0,1,0,1,0,0,0,1,0,0,0,0,1
Kost Singgahsini Hajiten 2 Tipe A Pulo Gadung Jakarta Timur,Jakarta Timur,Pulo Gadung,1.00,2115000.00,4.60,25.00,62.00,Kos Putri,12.00,0,1,1,1,1,1,0,1,0,1,1,1,1,1,1,1,1,1,1,1,1,0,1,1,0,0,0,0,1
Kost Singgahsini Hajiten Rawamangun Tipe A Pulo Gadung Jakarta Timur,Jakarta Timur,Pulo Gadung,0.00,1583000.00,4.60,17.00,29.00,Kos Putri,9.00,0,1,1,1,0,1,1,1,1,0,1,1,1,1,0,1,0,1,0,1,1,0,1,1,0,0,0,0,1
Kost Singgahsini Hajiten Rawamangun Tipe B Pulo Gadung Jakarta Timur,Jakarta Timur,Pulo Gadung,1.00,1678000.00,4.60,50.00,87.00,Kos Putri,12.00,0,1,1,1,0,1,1,1,1,0,1,1,1,1,0,1,0,1,0,1,1,0,1,1,0,0,0,0,1
Kost Singgahsini Harmasi Tipe A Kembangan Jakarta Barat,Jakarta Barat,Kembangan,0.00,1545000.00,4.30,4.00,7.00,Kos Campur,6.00,0,1,1,0,1,1,0,0,0,1,0,1,0,0,0,1,0,1,0,1,0,0,0,0,0,0,0,1,1
Kost Singgahsini Harmasi Tipe B Kembangan Jakarta Barat,Jakarta Barat,Kembangan,0.00,1375000.00,4.50,13.00,31.00,Kos Campur,6.00,0,1,0,0,1,1,0,0,0,1,0,1,0,0,0,1,0,1,0,1,0,0,0,0,0,0,0,1,1
Kost Singgahsini Harun Tipe A Kebon Jeruk Jakarta Barat,Jakarta Barat,Kebon Jeruk,1.00,1451000.00,4.60,6.00,16.00,Kos Campur,12.00,0,0,1,1,1,1,0,0,0,1,1,1,0,1,0,1,0,1,1,1,0,0,1,1,0,1,0,0,1
Kost Singgahsini Harun Tipe C Kebon Jeruk Jakarta Barat,Jakarta Barat,Kebon Jeruk,0.00,1184200.00,4.80,10.00,17.00,Kos Campur,8.75,0,0,1,1,1,1,0,0,0,1,1,1,0,1,1,1,0,1,1,1,0,0,1,1,0,1,0,0,1
Kost Singgahsini Hasyim Ashari Tipe A Cideng Jakarta Pusat,Jakarta Pusat,Gambir,0.00,2025000.00,4.90,11.00,37.00,Kos Putri,9.00,0,1,1,0,1,1,1,1,1,0,1,1,1,1,1,1,0,1,1,1,0,0,1,1,0,0,0,0,1
Kost Singgahsini House of Marsya Tipe A Cilandak Jakarta Selatan,Jakarta Selatan,Cilandak,0.00,3775000.00,4.80,57.00,111.00,Kos Campur,12.00,1,1,1,1,0,1,1,1,1,0,1,1,1,0,0,1,1,1,1,1,1,0,1,0,0,0,0,0,1
Kost Singgahsini Hygge Hus Kampung Bali Tipe B Tanah Abang Jakarta Pusat,Jakarta Pusat,Tanah Abang,0.00,2210000.00,4.80,12.00,21.00,Kos Campur,8.00,0,1,1,1,1,1,1,1,1,1,1,1,1,1,1,1,0,1,1,1,1,0,1,1,0,0,0,0,1
Kost Singgahsini Idola Tipe D Kebon Jeruk Jakarta Barat,Jakarta Barat,Kebon Jeruk,0.00,1432600.00,5.00,4.00,4.00,Kos Campur,8.46,0,0,1,1,1,1,1,1,1,1,1,1,1,1,0,1,1,1,1,1,1,0,1,0,0,0,1,0,1
Kost Singgahsini Ikhlas Tipe C Pesanggrahan Jakarta Selatan,Jakarta Selatan,Pesanggrahan,0.00,880000.00,4.80,5.00,12.00,Kos Campur,9.00,0,1,0,1,1,1,0,0,0,1,1,0,0,1,0,1,0,1,0,1,0,1,1,0,0,1,0,0,1
Kost Singgahsini Indri Taska 35 Tipe A Kelapa Gading Jakarta Utara,Jakarta Utara,Kelapa Gading,0.00,1775000.00,4.60,3.00,7.00,Kos Putri,10.50,0,0,1,1,1,1,0,0,0,1,1,1,0,1,1,1,1,1,1,1,1,0,1,0,0,0,0,0,1
Kost Singgahsini Indri Taska 35 Tipe B Kelapa Gading Jakarta Utara,Jakarta Utara,Kelapa Gading,0.00,1675000.00,5.00,6.00,12.00,Kos Putri,8.75,0,0,1,1,1,1,0,0,0,1,1,1,0,1,1,1,1,1,1,1,1,0,1,0,0,0,0,0,1
Kost Singgahsini Indri Taska 35 Tipe C Kelapa Gading Jakarta Utara,Jakarta Utara,Kelapa Gading,0.00,1675000.00,5.00,1.00,3.00,Kos Putri,7.50,0,0,1,1,1,1,0,0,0,1,1,1,0,1,1,1,1,1,1,1,1,0,1,0,0,0,0,0,1
Kost Singgahsini Indri Taska 35 Tipe D Kelapa Gading Jakarta Utara,Jakarta Utara,Kelapa Gading,0.00,1525000.00,0.00,0.00,2.00,Kos Putri,6.25,0,0,1,1,1,1,0,0,0,1,1,1,0,1,1,1,1,1,1,1,1,0,1,0,0,0,0,0,1
Kost Singgahsini Ino Kebagusan Tipe C Pasar Minggu Jakarta Selatan,Jakarta Selatan,Pasar Minggu,0.00,1975000.00,4.80,15.00,27.00,Kos Putri,14.00,0,1,1,1,1,1,1,1,0,1,1,1,1,1,0,1,0,1,1,1,0,0,1,1,1,0,0,0,1
Kost Singgahsini J House Tipe B Tebet Jakarta Selatan,Jakarta Selatan,Tebet,0.00,2325000.00,4.60,18.00,32.00,Kos Putri,12.00,0,1,1,1,1,1,1,1,1,0,1,1,0,1,0,1,1,1,1,1,0,0,1,0,0,0,0,0,1
Kost Singgahsini J House Tipe C Tebet Jakarta Selatan,Jakarta Selatan,Tebet,0.00,2400000.00,4.60,14.00,23.00,Kos Putri,9.60,0,1,1,1,1,1,1,1,1,0,1,1,0,1,0,1,1,1,1,1,0,0,1,0,0,0,0,0,1
Kost Singgahsini J Residence Tipe A Pulo Gadung Jakarta Timur,Jakarta Timur,Pulo Gadung,0.00,2115000.00,4.80,48.00,96.00,Kos Campur,9.00,0,1,1,1,1,1,1,1,1,1,1,1,0,1,0,1,1,1,0,1,0,0,1,0,0,0,1,0,1
Kost Singgahsini J Residence Tipe B Pulo Gadung Jakarta Timur,Jakarta Timur,Pulo Gadung,0.00,2020000.00,4.50,28.00,53.00,Kos Campur,9.00,0,1,1,1,0,1,1,1,1,1,1,1,0,1,0,1,1,1,0,1,0,0,1,0,0,0,1,0,1
Kost Singgahsini Jelamm Tipe A Grogol Petamburan Jakarta Barat,Jakarta Barat,Grogol Petamburan,0.00,1972500.00,0.00,0.00,3.00,Kos Campur,13.44,0,1,1,1,0,1,0,0,0,0,0,1,0,1,1,1,1,1,0,0,1,0,0,1,1,0,0,0,1
Kost Singgahsini Jhon Marcel Tipe B Mampang Prapatan Jakarta Selatan,Jakarta Selatan,Mampang Prapatan,2.00,2800000.00,4.80,34.00,69.00,Kos Campur,17.50,0,1,1,0,1,1,0,1,0,0,1,1,1,1,1,1,1,1,0,1,1,0,1,0,0,1,0,0,1
Kost Singgahsini Jhon Marcel Tipe C Mampang Prapatan Jakarta Selatan,Jakarta Selatan,Mampang Prapatan,1.00,3065000.00,4.80,15.00,27.00,Kos Campur,22.50,0,1,1,0,1,1,0,1,0,0,1,1,1,1,1,1,1,1,0,1,1,0,1,0,0,1,0,0,1
Kost Singgahsini Joy Kramat Sentiong 85 Tipe A Senen Jakarta Pusat,Jakarta Pusat,Senen,0.00,2025000.00,4.80,49.00,76.00,Kos Putri,13.50,0,1,1,1,1,1,1,1,0,1,1,1,0,1,1,1,0,1,1,1,0,0,1,1,1,0,0,0,0
Kost Singgahsini Juanda Omaika Tipe A Gambir Jakarta Pusat,Jakarta Pusat,Gambir,3.00,1875000.00,4.60,74.00,115.00,Kos Campur,8.75,0,1,1,0,1,0,0,0,0,0,1,1,0,1,1,1,0,0,0,0,0,0,1,0,1,0,0,0,0
Kost Singgahsini Juanda Omaika Tipe B Gambir Jakarta Pusat,Jakarta Pusat,Gambir,0.00,1735000.00,4.60,1.00,3.00,Kos Campur,8.75,0,0,1,1,1,1,0,1,0,0,1,1,0,0,1,1,0,1,0,0,0,0,1,1,0,0,0,0,1
Kost Singgahsini Juanda One Tipe A Sawah Besar Jakarta Pusat,Jakarta Pusat,Sawah Besar,0.00,3445000.00,0.00,0.00,0.00,Kos Campur,20.00,0,1,1,1,1,1,1,1,0,0,1,1,0,1,1,1,1,1,0,0,0,0,1,0,1,0,0,0,1
Kost Singgahsini Juju Daan Mogot Estate Tipe A Cengkareng Jakarta Barat,Jakarta Barat,Cengkareng,0.00,2141000.00,0.00,0.00,6.00,Kos Campur,12.16,0,1,1,1,1,1,1,0,0,1,1,1,1,1,1,1,1,1,0,0,0,0,1,1,0,0,0,0,1
Kost Singgahsini Juju Daan Mogot Estate Tipe B Cengkareng Jakarta Barat,Jakarta Barat,Cengkareng,0.00,1865000.00,4.90,1.00,39.00,Kos Campur,7.84,0,1,1,1,1,1,1,0,0,1,1,1,1,1,1,1,1,1,0,0,0,0,1,1,0,0,0,0,1
Kost Singgahsini Junaedi 3 Cipete Tipe A Cilandak Jakarta Selatan,Jakarta Selatan,Cilandak,1.00,2325000.00,4.60,3.00,8.00,Kos Putra,17.34,0,1,1,1,0,1,0,1,0,1,1,1,0,0,0,1,0,1,0,1,1,0,1,0,0,0,0,0,0
Kost Singgahsini Kana Duren Tiga Tipe B Pancoran Jakarta Selatan,Jakarta Selatan,Pancoran,0.00,2095000.00,5.00,1.00,3.00,Kos Putra,12.25,0,0,1,1,1,1,1,1,0,0,1,1,0,1,0,1,0,1,1,1,0,0,1,1,0,0,0,0,1
Kost Singgahsini Kanaya Tipe B Cempaka Putih Jakarta Pusat,Jakarta Pusat,Cempaka Putih,0.00,2877000.00,4.60,4.00,9.00,Kos Campur,11.84,0,1,1,1,1,1,1,1,0,0,1,1,1,1,0,1,0,1,1,1,1,0,1,1,0,0,0,0,1
Kost Singgahsini Kanaya Tipe C Cempaka Putih Jakarta Pusat,Jakarta Pusat,Cempaka Putih,0.00,2732500.00,4.90,3.00,5.00,Kos Campur,16.00,0,1,1,1,1,1,1,1,0,0,1,1,1,1,1,1,0,1,1,1,1,0,1,1,0,0,0,0,1
Kost Singgahsini Kanaya Tipe D Cempaka Putih Jakarta Pusat,Jakarta Pusat,Cempaka Putih,0.00,2495000.00,4.60,24.00,40.00,Kos Campur,10.36,0,1,1,1,1,1,1,1,0,0,1,1,1,1,1,1,0,1,1,1,1,0,1,1,0,0,0,0,1
Kost Singgahsini Kartika Eka Paksi Tipe A Makasar Jakarta Timur,Jakarta Timur,Makasar,0.00,1782500.00,5.00,7.00,16.00,Kos Putra,13.50,0,1,1,1,1,1,0,0,1,1,1,1,0,1,1,1,0,1,1,1,0,0,1,1,1,0,0,0,1
Kost Singgahsini Kartika Eka Paksi Tipe B Makasar Jakarta Timur,Jakarta Timur,Makasar,0.00,525000.00,5.00,1.00,3.00,Kos Putra,7.50,0,0,1,1,1,1,0,0,1,1,0,0,0,1,1,0,0,1,1,1,0,1,0,1,0,0,0,0,1
Kost Singgahsini Keagungan 20A Tipe A Taman Sari Jakarta Barat,Jakarta Barat,Taman Sari,0.00,1865000.00,4.90,73.00,130.00,Kos Campur,7.56,0,1,1,1,0,1,0,0,1,1,1,1,0,1,1,1,0,1,1,1,0,0,1,0,0,0,0,0,1
Kost Singgahsini Keagungan 20A Tipe B Taman Sari Jakarta Barat,Jakarta Barat,Taman Sari,1.00,1773000.00,4.80,9.00,21.00,Kos Campur,6.72,0,1,0,1,0,1,0,0,1,1,1,1,0,1,1,1,0,1,1,1,0,0,1,0,0,0,0,0,1
Kost Singgahsini Keagungan 20A Tipe C Taman Sari Jakarta Barat,Jakarta Barat,Taman Sari,0.00,1359000.00,4.80,5.00,8.00,Kos Campur,9.00,0,0,0,0,0,0,0,0,0,0,0,0,0,0,0,0,0,0,0,0,0,0,0,0,0,0,0,0,1
Kost Singgahsini Kebagusan 56 Tipe A Pasar Minggu Jakarta Selatan,Jakarta Selatan,Pasar Minggu,1.00,2075000.00,4.80,26.00,53.00,Kos Putri,12.00,0,1,1,1,1,1,1,0,0,1,1,1,0,1,0,1,0,1,1,1,0,0,1,1,0,0,0,0,1
Kost Singgahsini Kebayoran Lama 17 F Tipe A Kebon Jeruk Jakarta Barat,Jakarta Barat,Kebon Jeruk,0.00,1212500.00,4.60,42.00,84.00,Kos Campur,6.00,0,0,1,1,0,1,0,0,0,0,1,1,1,1,1,1,0,1,1,1,0,0,0,0,0,0,0,0,1
Kost Singgahsini Kebon Mangga 26A Tipe A Kebayoran Lama Jakarta Selatan,Jakarta Selatan,Kebayoran Lama,0.00,2020000.00,4.80,15.00,22.00,Kos Campur,7.56,0,1,1,1,1,1,1,1,0,0,1,1,0,1,0,1,0,1,1,0,0,0,0,0,0,0,0,0,1
Kost Singgahsini Kelapa Sawit Raya 7 Tipe A Kelapa Gading Jakarta Utara,Jakarta Utara,Kelapa Gading,1.00,1610000.00,4.30,9.00,11.00,Kos Campur,9.00,0,1,1,0,0,1,0,0,1,0,1,1,0,0,0,1,0,1,1,1,0,0,1,0,0,0,0,0,1
Kost Singgahsini Kelapa Sawit Raya 7 Tipe B Kelapa Gading Jakarta Utara,Jakarta Utara,Kelapa Gading,0.00,1426000.00,4.60,9.00,13.00,Kos Campur,7.50,0,1,1,0,1,1,0,0,1,0,1,1,0,1,0,1,0,1,1,1,0,0,1,1,0,0,0,0,1
Kost Singgahsini Kelapa Sawit Raya 7 Tipe C Kelapa Gading Jakarta Utara,Jakarta Utara,Kelapa Gading,0.00,1150000.00,4.60,126.00,186.00,Kos Campur,5.00,0,0,1,0,0,1,0,0,1,0,0,1,0,1,1,1,0,1,1,1,0,0,0,1,0,0,0,0,1
Kost Singgahsini Kelapa Sawit Raya 7 Tipe D Kelapa Gading Jakarta Utara,Jakarta Utara,Kelapa Gading,1.00,966000.00,4.60,27.00,47.00,Kos Campur,5.00,0,0,1,0,0,1,0,0,1,0,0,1,0,0,0,1,0,1,1,1,0,0,0,0,0,0,0,0,1
Kost Singgahsini Kemandoran VIII Tipe A Kebayoran Lama Jakarta Selatan,Jakarta Selatan,Kebayoran Lama,1.00,3587500.00,4.40,2.00,7.00,Kos Campur,9.60,0,1,1,0,0,1,1,1,0,1,1,1,0,1,1,1,1,1,1,1,1,0,1,0,0,0,0,0,1
Kost Singgahsini Kemang 6 Tipe A Mampang Prapatan Jakarta Selatan,Jakarta Selatan,Mampang Prapatan,2.00,2780000.00,4.50,32.00,56.00,Kos Campur,12.00,0,1,1,0,0,0,1,1,1,1,1,1,1,1,1,1,1,1,1,1,1,0,1,1,1,0,0,0,1
Kost Singgahsini Kemang Timur Syariah Tipe A Mampang Prapatan Jakarta Selatan,Jakarta Selatan,Mampang Prapatan,1.00,2210000.00,4.50,11.00,22.00,Kos Campur,14.00,0,1,1,0,1,1,1,1,0,1,1,1,1,1,1,1,0,1,1,0,1,0,1,1,0,0,0,0,1
Kost Singgahsini Kemang Timur Syariah Tipe B Mampang Prapatan Jakarta Selatan,Jakarta Selatan,Mampang Prapatan,2.00,1830000.00,4.60,28.00,42.00,Kos Campur,12.00,0,1,1,0,1,1,1,1,0,1,1,1,1,1,1,1,0,1,1,0,1,0,1,1,0,0,0,0,1
Kost Singgahsini Kemanggisan Utama 8 Tipe A Palmerah Jakarta Barat,Jakarta Barat,Palmerah,0.00,3875000.00,4.50,9.00,23.00,Kos Campur,32.64,0,1,1,1,0,0,0,0,1,0,0,0,0,0,0,1,1,1,0,0,0,0,0,0,0,0,1,0,1
Kost Singgahsini Kemanggisan Utama 8 Tipe B Palmerah Jakarta Barat,Jakarta Barat,Palmerah,0.00,3675000.00,4.90,14.00,32.00,Kos Campur,21.00,0,1,1,1,1,1,0,0,1,0,1,1,1,0,0,1,1,1,1,0,0,0,1,0,0,0,1,0,1
Kost Singgahsini Kenanga II Tipe A Bintaro Jakarta Selatan,Jakarta Selatan,Pesanggrahan,1.00,2775000.00,4.50,1.00,6.00,Kos Campur,30.00,0,1,1,1,1,1,1,1,0,0,1,1,0,1,0,1,1,1,1,1,0,0,1,0,0,0,0,0,0
Kost Singgahsini Kenanga II Tipe B Bintaro Jakarta Selatan,Jakarta Selatan,Pesanggrahan,3.00,2075000.00,4.80,37.00,54.00,Kos Campur,9.60,0,1,1,1,1,1,1,1,0,0,1,1,0,1,0,1,1,1,1,1,0,0,1,0,0,0,0,0,0
Kost Singgahsini Kepu 66 Tipe A Kemayoran Jakarta Pusat,Jakarta Pusat,Kemayoran,0.00,1735000.00,4.90,1.00,1.00,Kos Putri,9.25,0,1,1,1,1,1,0,0,0,1,0,1,0,1,1,1,0,1,0,0,0,0,0,0,0,0,0,0,1
Kost Singgahsini Kepu 66 Tipe B Kemayoran Jakarta Pusat,Jakarta Pusat,Kemayoran,0.00,1592500.00,0.00,0.00,5.00,Kos Putri,6.75,1,0,1,1,1,1,0,0,0,1,0,1,0,1,1,1,1,1,0,0,0,0,0,0,1,1,0,1,1
Kost Singgahsini Kepu 66 Tipe C Kemayoran Jakarta Pusat,Jakarta Pusat,Kemayoran,0.00,1545000.00,4.80,2.00,5.00,Kos Putri,9.25,0,1,1,1,1,1,0,0,0,1,0,1,0,1,1,1,0,1,0,0,0,0,0,0,0,0,0,0,1
Kost Singgahsini Kepu 66 Tipe D Kemayoran Jakarta Pusat,Jakarta Pusat,Kemayoran,0.00,1260000.00,4.90,3.00,15.00,Kos Putri,7.50,0,0,1,1,1,1,0,0,0,1,0,1,0,1,1,1,0,1,0,0,0,0,0,0,0,0,0,0,1
Kost Singgahsini Kerinci VIII Tipe A Kebayoran Baru Jakarta Selatan,Jakarta Selatan,Kebayoran Baru,1.00,3255000.00,4.90,4.00,10.00,Kos Putri,16.56,1,1,1,1,1,1,1,1,0,0,1,1,1,1,1,1,1,1,1,1,1,0,1,1,0,0,0,1,1
Kost Singgahsini Kerinci VIII Tipe B Kebayoran Baru Jakarta Selatan,Jakarta Selatan,Kebayoran Baru,0.00,2732500.00,4.80,4.00,3.00,Kos Putri,14.10,1,1,1,1,1,1,1,1,0,0,1,1,1,1,1,1,1,1,1,1,1,0,1,1,0,0,0,0,1
Kost Singgahsini Kerinci VIII Tipe C Kebayoran Baru Jakarta Selatan,Jakarta Selatan,Kebayoran Baru,0.00,2417000.00,4.60,3.00,7.00,Kos Putri,13.50,1,0,1,1,1,1,1,1,0,0,1,1,1,1,1,1,1,1,1,1,1,0,1,1,0,0,0,0,1
Kost Singgahsini Kerinci VIII Tipe D Kebayoran Baru Jakarta Selatan,Jakarta Selatan,Kebayoran Baru,0.00,1830000.00,4.60,1.00,1.00,Kos Putri,9.00,1,0,1,1,1,1,1,1,0,0,0,1,1,1,1,1,1,1,1,1,1,0,1,1,0,0,0,0,1
Kost Singgahsini Khazanah Tipe A Tebet Jakarta Selatan,Jakarta Selatan,Tebet,0.00,2025000.00,4.60,5.00,14.00,Kos Putri,7.50,0,1,1,1,1,1,0,1,0,0,0,1,1,1,1,1,1,1,1,0,0,0,0,1,0,0,0,0,1
Kost Singgahsini Kiara 51 Tipe B Duren Sawit Jakarta Timur,Jakarta Timur,Duren Sawit,1.00,1260000.00,4.60,14.00,19.00,Kos Putri,9.00,1,0,1,0,1,1,1,1,0,1,1,1,1,1,1,1,1,1,1,1,1,0,1,1,1,1,0,0,1
Kost Singgahsini Kivana Tipe A Matraman Jakarta Timur,Jakarta Timur,Matraman,0.00,2305000.00,5.00,2.00,5.00,Kos Campur,13.50,0,1,1,1,1,1,0,1,1,1,1,1,0,1,1,1,1,1,1,1,1,0,1,1,0,0,1,0,1
Kost Singgahsini Kivana Tipe C Matraman Jakarta Timur,Jakarta Timur,Matraman,1.00,2125000.00,4.90,36.00,70.00,Kos Campur,9.00,0,1,1,1,1,1,0,1,1,1,1,1,0,1,1,1,1,1,1,1,1,0,1,1,0,0,1,0,1
Kost Singgahsini Kivana Tipe D Matraman Jakarta Timur,Jakarta Timur,Matraman,0.00,2613750.00,4.90,2.00,4.00,Kos Campur,13.02,0,1,1,1,1,1,0,1,1,1,1,1,0,0,0,1,1,1,1,1,1,0,1,0,0,0,1,0,1
Kost Singgahsini KK9 Tipe A Tebet Jakarta Selatan,Jakarta Selatan,Tebet,0.00,2325000.00,4.60,7.00,18.00,Kos Putra,10.50,0,1,1,1,1,1,0,1,1,1,1,1,0,1,1,1,0,1,1,1,0,0,1,0,0,0,0,0,0
Kost Singgahsini Klabat Tipe A Tanjung Priok Jakarta Utara,Jakarta Utara,Tanjung Priok,3.00,1592500.00,4.80,26.00,23.00,Kos Campur,12.60,0,1,0,1,0,1,1,1,0,1,1,1,0,1,1,1,0,1,0,1,0,0,1,0,1,1,0,0,1
Kost Singgahsini Klabat Tipe B Tanjung Priok Jakarta Utara,Jakarta Utara,Tanjung Priok,0.00,1497500.00,4.80,46.00,55.00,Kos Campur,11.25,0,1,0,1,0,1,1,1,0,1,1,1,0,1,1,1,0,1,0,1,0,0,1,0,1,0,0,0,1
Kost Singgahsini Klabat Tipe C Tanjung Priok Jakarta Utara,Jakarta Utara,Tanjung Priok,0.00,1117500.00,4.90,1.00,2.00,Kos Campur,12.24,0,1,0,1,1,1,1,1,0,1,1,0,0,1,0,1,0,1,0,1,0,0,1,0,1,1,0,0,1
Kost Singgahsini Klabat Tipe D Tanjung Priok Jakarta Utara,Jakarta Utara,Tanjung Priok,0.00,1022500.00,4.80,10.00,12.00,Kos Campur,8.64,0,1,0,1,1,1,1,1,0,1,1,0,0,1,1,1,0,1,0,1,0,1,1,0,1,1,0,0,1
Kost Singgahsini Kramat Kwitang 30 Tipe A Senen Jakarta Pusat,Jakarta Pusat,Senen,0.00,1805000.00,4.50,14.00,24.00,Kos Putra,11.61,1,1,1,1,0,1,0,0,0,1,1,1,0,1,0,1,0,1,1,0,0,0,0,1,0,1,0,0,0
Kost Singgahsini Kramat Kwitang 30 Tipe B Senen Jakarta Pusat,Jakarta Pusat,Senen,0.00,1495000.00,4.80,51.00,76.00,Kos Putra,4.62,1,0,1,1,0,1,0,0,0,1,1,1,0,1,0,1,0,1,1,0,0,0,0,0,0,1,0,0,1
Kost Singgahsini Krupuk Tipe A Cipayung Jakarta Timur,Jakarta Timur,Cipayung,2.00,1440000.00,4.80,4.00,17.00,Kos Putri,13.50,0,1,1,1,1,1,1,1,0,0,1,1,0,1,1,1,0,1,0,1,1,0,1,1,0,0,0,0,1
Kost Singgahsini L Tipe A Tebet Jakarta Selatan,Jakarta Selatan,Tebet,0.00,2200000.00,4.60,61.00,108.00,Kos Campur,9.00,0,1,1,1,0,1,0,1,0,1,1,1,1,1,0,1,0,1,1,1,1,0,1,0,1,0,0,0,0
Kost Singgahsini Latifa Jatinegara Indah Tipe A Cakung Jakarta Timur,Jakarta Timur,Cakung,2.00,1727000.00,4.90,1.00,2.00,Kos Putri,10.50,1,0,1,1,1,1,1,1,1,1,1,1,0,1,1,1,0,1,1,1,1,0,1,1,0,0,1,0,1
Kost Singgahsini Laura Tipe B Kemayoran Jakarta Pusat,Jakarta Pusat,Kemayoran,0.00,1545000.00,5.00,8.00,21.00,Kos Putri,6.25,0,0,1,1,1,1,0,1,0,1,1,1,0,1,0,1,0,1,0,0,0,0,1,1,0,0,0,0,1
Kost Singgahsini Laura Tipe C Kemayoran Jakarta Pusat,Jakarta Pusat,Kemayoran,0.00,1307500.00,0.00,0.00,8.00,Kos Putri,6.25,0,0,1,1,1,1,0,1,0,1,1,1,0,1,0,1,0,1,0,0,0,0,1,1,0,0,0,0,1
Kost Singgahsini Laura Tipe D Kemayoran Jakarta Pusat,Jakarta Pusat,Kemayoran,0.00,1225000.00,5.00,1.00,3.00,Kos Putri,6.00,0,0,1,1,0,1,0,1,0,1,1,1,0,1,0,1,0,1,0,0,0,0,1,1,0,0,0,0,1
Kost Singgahsini Lauser 62B Tipe A Kebayoran Baru Jakarta Selatan,Jakarta Selatan,Kebayoran Baru,0.00,2785000.00,0.00,0.00,0.00,Kos Campur,14.64,1,1,1,1,1,1,1,1,0,1,1,1,1,0,0,1,1,1,1,1,0,0,0,0,0,0,0,0,1
Kost Singgahsini Lauser 62B Tipe B Kebayoran Baru Jakarta Selatan,Jakarta Selatan,Kebayoran Baru,1.00,2685000.00,4.80,2.00,4.00,Kos Campur,11.90,1,1,1,1,1,1,1,1,0,1,1,1,1,0,0,1,1,1,1,1,0,0,1,0,0,0,0,0,1
Kost Singgahsini Lebak Bulus 04 Tipe A Cilandak Jakarta Selatan,Jakarta Selatan,Cilandak,2.00,2725000.00,4.60,23.00,45.00,Kos Campur,15.96,0,1,1,1,1,1,1,1,0,1,1,1,1,1,1,1,1,1,1,1,1,0,0,0,0,0,0,0,1
Kost Singgahsini Lili Johar Tipe A Jagakarsa Jakarta Selatan,Jakarta Selatan,Jagakarsa,0.00,1275000.00,4.90,25.00,52.00,Kos Putri,11.20,0,1,1,1,1,1,0,0,0,1,1,0,0,1,0,1,0,1,0,1,0,0,0,0,0,0,0,0,1
Kost Singgahsini Lili Johar Tipe B Jagakarsa Jakarta Selatan,Jakarta Selatan,Jagakarsa,0.00,1525000.00,4.90,10.00,14.00,Kos Putri,11.20,0,1,1,1,1,1,0,0,0,1,1,1,0,1,0,1,0,1,0,1,0,0,1,0,0,0,0,0,1
Kost Singgahsini Little Nest Tipe A Johar Baru Jakarta Pusat,Jakarta Pusat,Johar Baru,3.00,2125000.00,4.80,32.00,50.00,Kos Putri,7.44,0,1,1,1,1,1,1,1,0,1,1,1,0,1,1,1,1,1,1,0,0,0,1,1,0,0,0,0,1
Kost Singgahsini Lowijen Residence Tipe B Duren Sawit Jakarta Timur,Jakarta Timur,Duren Sawit,1.00,2425000.00,4.60,12.00,22.00,Kos Campur,9.45,0,1,1,1,1,1,1,1,0,0,1,1,1,1,1,1,1,1,1,1,1,0,1,1,1,0,0,0,0
Kost Singgahsini Maknyak Maria Tipe A Gambir Jakarta Pusat,Jakarta Pusat,Gambir,0.00,1331400.00,4.40,2.00,12.00,Kos Putri,5.44,0,0,1,1,1,1,0,0,1,1,1,1,0,1,1,1,0,1,1,1,0,0,0,0,0,1,0,0,1
Kost Singgahsini Malahayati 10 Tipe A Jatinegara Jakarta Timur,Jakarta Timur,Jatinegara,0.00,1763500.00,0.00,0.00,0.00,Kos Campur,10.50,0,1,1,1,0,1,1,1,1,1,0,1,0,1,0,1,0,1,0,1,0,0,1,0,0,0,0,0,1
Kost Singgahsini Malahayati 10 Tipe B Jatinegara Jakarta Timur,Jakarta Timur,Jatinegara,1.00,1497500.00,4.80,21.00,36.00,Kos Campur,10.50,0,1,1,1,1,1,1,1,1,1,0,1,0,1,0,0,0,1,0,1,0,0,1,0,0,1,0,0,1
Kost Singgahsini Malale Residence 1 Tipe A Kelapa Gading Jakarta Utara,Jakarta Utara,Kelapa Gading,0.00,2775000.00,4.80,54.00,88.00,Kos Campur,14.10,0,1,1,1,1,1,1,1,1,0,1,1,1,0,0,1,0,1,1,1,1,0,1,0,0,0,0,0,0
Kost Singgahsini Mampang Ecostay Tipe B Jakarta Selatan,Jakarta Selatan,Mampang Prapatan,0.00,2225000.00,4.80,14.00,27.00,Kos Campur,8.10,0,1,1,1,1,1,0,1,0,0,1,1,1,1,1,1,1,1,0,0,0,0,1,1,0,0,0,0,0
Kost Singgahsini Mandira Tipe B Kembangan Jakarta Barat,Jakarta Barat,Kembangan,1.00,1809800.00,4.90,1.00,4.00,Kos Putri,7.84,0,0,1,1,1,1,1,1,0,0,1,1,1,1,1,1,1,1,0,0,0,0,1,1,0,0,0,0,1
Kost Singgahsini Mandiri Tipe A Tanjung Duren Jakarta Barat,Jakarta Barat,Grogol Petamburan,0.00,1906000.00,4.80,10.00,16.00,Kos Putri,7.50,0,1,1,1,1,1,1,1,1,0,1,1,1,1,1,1,1,1,1,1,1,0,1,0,0,0,1,0,1
Kost Singgahsini Mandiri Tipe B Tanjung Duren Jakarta Barat,Jakarta Barat,Grogol Petamburan,1.00,1792000.00,4.90,65.00,115.00,Kos Putri,6.00,0,1,1,1,1,1,1,1,1,0,1,1,1,1,1,1,1,1,1,1,1,0,1,0,0,0,1,0,1
Kost Singgahsini Mangala 22 Tipe A Pademangan Jakarta Utara,Jakarta Utara,Pademangan,3.00,2070000.00,4.60,36.00,74.00,Kos Campur,5.28,0,1,1,1,1,1,0,1,1,1,1,1,0,1,0,1,1,1,0,1,1,0,1,1,1,0,1,0,1
Kost Singgahsini Mangga Besar 8 Strawberry Tipe B Tamansari Jakarta Barat,Jakarta Barat,Taman Sari,1.00,1925000.00,4.80,7.00,13.00,Kos Campur,8.00,0,1,1,1,1,1,0,0,0,1,1,1,0,1,1,1,1,1,0,0,0,0,1,0,0,0,0,0,1
Kost Singgahsini Mangga Besar 8 Strawberry Tipe D Tamansari Jakarta Barat,Jakarta Barat,Taman Sari,1.00,1625000.00,4.60,1.00,4.00,Kos Campur,9.00,0,0,0,0,0,0,0,0,0,0,0,0,0,0,0,0,0,0,0,0,0,0,0,0,0,0,0,0,0
Kost Singgahsini Mangga Besar 8 Strawberry Tipe E Tamansari Jakarta Barat,Jakarta Barat,Taman Sari,0.00,1313000.00,4.40,4.00,5.00,Kos Campur,9.60,0,1,1,1,1,1,0,0,0,1,1,1,0,1,1,1,1,1,0,0,0,0,1,0,0,0,0,0,1
Kost Singgahsini Manggis Raya 35 Tipe C Cengkareng Jakarta Barat,Jakarta Barat,Cengkareng,1.00,1402500.00,4.60,4.00,7.00,Kos Campur,11.31,0,1,1,1,0,1,0,1,0,1,0,1,0,1,0,1,0,1,0,1,0,0,0,0,0,0,0,0,1
Kost Singgahsini Mantai Tipe A Kebon Jeruk Jakarta Barat,Jakarta Barat,Kebon Jeruk,3.00,2049000.00,4.50,3.00,18.00,Kos Campur,12.90,0,1,1,1,1,1,1,1,0,1,1,1,0,1,0,1,1,1,0,0,0,0,1,1,0,0,0,0,1
Kost Singgahsini Maranzi House Tipe A Kebon Jeruk Jakarta Barat,Jakarta Barat,Kebon Jeruk,3.00,2475000.00,4.80,16.00,41.00,Kos Campur,12.00,0,1,1,1,0,1,1,1,1,0,1,1,0,0,0,1,0,1,1,1,1,0,1,0,1,0,0,0,0
Kost Singgahsini Maranzi House Tipe B Kebon Jeruk Jakarta Barat,Jakarta Barat,Kebon Jeruk,0.00,2525000.00,4.60,26.00,49.00,Kos Campur,12.00,0,1,1,1,0,1,1,1,1,0,1,1,0,0,0,1,0,1,1,1,1,0,1,0,1,0,0,0,0
Kost Singgahsini Maranzi House Tipe C Kebon Jeruk Jakarta Barat,Jakarta Barat,Kebon Jeruk,0.00,3085000.00,4.90,4.00,11.00,Kos Campur,20.00,0,1,1,1,0,1,1,1,1,0,1,1,1,0,0,1,0,1,1,1,1,0,1,0,1,0,0,0,0
Kost Singgahsini Maroon Tipe A Tebet Jakarta Selatan,Jakarta Selatan,Tebet,0.00,2185000.00,5.00,1.00,3.00,Kos Putri,15.00,0,1,1,1,1,1,0,1,0,1,1,1,0,1,1,1,0,1,1,1,0,0,1,1,0,1,0,0,1
Kost Singgahsini Massma Tipe A Kramat Jati Jakarta Timur,Jakarta Timur,Kramat Jati,0.00,1402500.00,4.80,17.00,23.00,Kos Campur,8.32,0,1,1,1,1,1,0,1,0,0,0,1,0,1,0,1,0,1,0,0,0,0,0,0,0,1,0,0,1
Kost Singgahsini Massma Tipe B Kramat Jati Jakarta Timur,Jakarta Timur,Kramat Jati,1.00,1355000.00,4.90,17.00,16.00,Kos Campur,7.50,0,1,1,1,1,1,0,1,0,0,0,1,0,1,0,1,0,1,0,0,0,0,0,0,0,1,0,0,1
Kost Singgahsini Maxtim Tipe B Kelapa Gading Jakarta Utara,Jakarta Utara,Kelapa Gading,1.00,1575000.00,4.90,6.00,6.00,Kos Putri,10.50,1,1,1,1,1,1,1,0,0,1,1,1,0,1,1,1,1,1,1,1,1,0,1,1,0,0,0,0,1
Kost Singgahsini Maxtim Tipe C Kelapa Gading Jakarta Utara,Jakarta Utara,Kelapa Gading,0.00,1775000.00,4.90,2.00,1.00,Kos Putri,16.50,1,1,1,1,1,1,1,0,0,1,1,1,0,1,1,1,1,1,1,1,1,0,1,1,0,0,0,0,1
Kost Singgahsini Maxtim Tipe D Kelapa Gading Jakarta Utara,Jakarta Utara,Kelapa Gading,0.00,1925000.00,4.90,2.00,1.00,Kos Putri,20.00,1,1,1,1,0,1,1,0,0,1,1,1,0,1,0,1,1,1,1,1,1,0,1,1,0,0,0,0,1
Kost Singgahsini Mediterania Marina Ancol Tipe A Pademangan Jakarta Utara,Jakarta Utara,Pademangan,3.00,2232500.00,4.90,1.00,2.00,Kos Campur,9.00,1,1,1,1,0,1,1,1,0,0,1,1,1,1,1,1,1,1,1,1,1,0,1,0,1,0,0,0,1
Kost Singgahsini Mediterania Marina Ancol Tipe B Pademangan Jakarta Utara,Jakarta Utara,Pademangan,0.00,2090000.00,4.10,2.00,2.00,Kos Campur,9.00,1,1,1,1,0,1,1,1,0,0,1,1,1,1,1,1,1,1,1,1,1,0,1,0,1,0,0,0,1
Kost Singgahsini Meruya Selatan Tipe A Kembangan Jakarta Barat,Jakarta Barat,Kembangan,1.00,1425000.00,4.90,16.00,26.00,Kos Putri,7.92,1,1,0,1,1,1,0,1,0,1,0,1,0,1,1,0,0,1,0,1,0,0,0,0,0,0,0,0,1
Kost Singgahsini Meruya Selatan Tipe B Kembangan Jakarta Barat,Jakarta Barat,Kembangan,0.00,1525000.00,4.60,9.00,11.00,Kos Putri,20.80,0,1,1,1,0,1,0,1,0,1,1,1,0,1,0,0,0,1,0,1,0,0,0,0,0,0,0,0,0
Kost Singgahsini Meruya Selatan Tipe C Kembangan Jakarta Barat,Jakarta Barat,Kembangan,0.00,1325000.00,4.80,7.00,13.00,Kos Putri,7.92,1,1,1,1,1,1,0,1,0,1,0,1,0,1,0,1,0,1,0,1,0,0,1,1,0,0,0,0,0
Kost Singgahsini Milo Residence Tipe B Kramat Jati Jakarta Timur,Jakarta Timur,Kramat Jati,0.00,2185000.00,4.30,3.00,6.00,Kos Campur,12.00,0,1,1,1,1,1,0,0,0,1,1,1,1,1,1,1,1,1,1,1,0,0,1,0,0,0,0,0,1
Kost Singgahsini Miracle Petamburan II Tipe A Tanah Abang Jakarta Pusat,Jakarta Pusat,Tanah Abang,0.00,1640000.00,4.80,49.00,81.00,Kos Putri,6.00,0,1,1,0,1,1,1,0,0,1,0,1,0,1,1,1,0,1,1,1,1,0,0,0,0,1,0,0,1
Kost Singgahsini Miracle Petamburan II Tipe B Tanah Abang Jakarta Pusat,Jakarta Pusat,Tanah Abang,0.00,1735000.00,4.60,19.00,26.00,Kos Putri,6.00,0,1,1,0,1,1,1,0,0,1,0,1,0,1,1,1,0,1,1,1,1,0,0,0,0,1,0,0,1
Kost Singgahsini Miracle Petamburan II Tipe C Tanah Abang Jakarta Pusat,Jakarta Pusat,Tanah Abang,0.00,1782500.00,4.90,6.00,5.00,Kos Putri,12.00,0,1,0,0,1,1,1,0,0,1,0,1,0,1,1,1,0,1,1,1,1,0,0,0,0,1,0,0,1
Kost Singgahsini Mona Tipe A Duren Sawit Jakarta Timur,Jakarta Timur,Duren Sawit,0.00,1543000.00,4.80,3.00,6.00,Kos Putri,8.75,0,1,1,0,1,1,0,1,0,0,1,1,0,1,1,1,0,1,1,1,0,1,1,1,0,0,0,0,1
Kost Singgahsini Mona Tipe E Duren Sawit Jakarta Timur,Jakarta Timur,Duren Sawit,0.00,1225000.00,4.50,4.00,9.00,Kos Putri,6.00,0,0,1,0,1,1,0,1,0,0,1,1,0,1,1,1,0,1,1,1,0,0,1,1,0,0,0,0,1
Kost Singgahsini MPR05 Menteng Pulo Tipe A Setiabudi Jakarta Selatan,Jakarta Selatan,Setia Budi,0.00,2285000.00,4.60,29.00,83.00,Kos Putri,7.00,0,1,1,1,1,1,0,1,0,1,0,1,0,1,1,1,0,1,1,1,1,0,0,0,0,0,0,0,1
Kost Singgahsini MRT Haji Nawi 28 Tipe B Fatmawati Jakarta Selatan,Jakarta Selatan,Cilandak,0.00,2365000.00,4.50,30.00,54.00,Kos Campur,9.00,0,0,0,0,0,0,0,0,0,0,0,0,0,0,0,0,0,0,0,0,0,0,0,0,0,0,0,0,1
Kost Singgahsini MRT Haji Nawi 28 Tipe C Fatmawati Jakarta Selatan,Jakarta Selatan,Cilandak,0.00,2905000.00,4.90,2.00,3.00,Kos Campur,24.00,0,1,1,0,1,1,1,1,0,0,1,1,1,1,1,1,1,1,0,1,0,0,1,1,1,0,0,0,1
Kost Singgahsini Muhajar 50 Tipe A Kebon Jeruk Jakarta Barat,Jakarta Barat,Kebon Jeruk,1.00,2115000.00,4.60,9.00,20.00,Kos Putri,18.00,0,1,1,1,1,1,0,0,1,1,1,1,0,1,0,1,1,1,1,1,0,0,1,1,0,0,0,0,1
Kost Singgahsini Muhajar 50 Tipe B Kebon Jeruk Jakarta Barat,Jakarta Barat,Kebon Jeruk,1.00,2020000.00,4.60,10.00,17.00,Kos Putri,14.00,0,1,1,1,1,1,0,0,1,1,1,1,0,1,0,1,1,1,1,1,0,0,1,1,1,0,0,0,1
Kost Singgahsini Muhajar Tipe A Kebon Jeruk Jakarta Barat,Jakarta Barat,Kebon Jeruk,0.00,2020000.00,4.90,11.00,21.00,Kos Putri,12.00,1,1,1,1,1,1,1,1,1,0,1,1,0,1,0,1,1,1,1,1,1,0,1,0,1,0,0,0,1
Kost Singgahsini Muhajar Tipe B Kebon Jeruk Jakarta Barat,Jakarta Barat,Kebon Jeruk,1.00,1925000.00,4.80,24.00,37.00,Kos Putri,8.75,0,1,1,1,0,1,1,1,1,0,1,1,0,1,0,1,1,1,1,1,1,0,1,0,1,0,0,0,1
Kost Singgahsini Mutiara 16B Tipe A Sumur Batu Jakarta Pusat,Jakarta Pusat,Kemayoran,0.00,1129000.00,4.80,62.00,81.00,Kos Campur,9.00,0,0,1,0,1,1,1,0,0,1,1,1,0,1,1,1,0,1,0,1,0,0,1,0,0,1,0,0,1
Kost Singgahsini Mutiara 16B Tipe B Sumur Batu Jakarta Pusat,Jakarta Pusat,Kemayoran,1.00,1125000.00,4.90,9.00,14.00,Kos Campur,5.00,0,0,1,0,1,1,1,0,0,1,1,1,0,1,1,1,0,1,0,1,0,0,1,0,0,1,0,0,1
Kost Singgahsini My Home Tipe A Setiabudi Jakarta Selatan,Jakarta Selatan,Setia Budi,0.00,2400000.00,4.50,70.00,133.00,Kos Campur,12.00,0,1,1,1,1,1,1,1,1,0,1,1,0,1,0,1,1,1,0,1,0,0,1,1,1,0,0,0,1
Kost Singgahsini My Home Tipe B Setiabudi Jakarta Selatan,Jakarta Selatan,Setia Budi,0.00,2825000.00,4.50,22.00,43.00,Kos Campur,10.80,0,1,1,1,1,1,1,1,1,0,1,1,1,1,0,1,1,1,0,1,0,0,1,1,1,0,0,0,1
Kost Singgahsini My Pelopor Tipe B Kalideres Jakarta Barat,Jakarta Barat,Kali Deres,1.00,1589000.00,4.30,2.00,18.00,Kos Campur,9.89,0,1,1,1,1,1,0,1,0,1,0,1,0,1,0,1,0,1,0,1,1,0,0,1,0,0,0,0,1
Kost Singgahsini Nathan Kemang Utara Tipe B Mampang Prapatan Jakarta Selatan,Jakarta Selatan,Mampang Prapatan,1.00,2780000.00,4.50,14.00,37.00,Kos Campur,10.80,0,1,1,1,1,1,1,1,0,0,1,1,0,1,1,1,1,1,1,1,1,0,1,1,1,0,0,0,1
Kost Singgahsini Ndalem Lakshmi Tipe A Pasar Minggu Jakarta Selatan,Jakarta Selatan,Pasar Minggu,0.00,2637500.00,4.80,7.00,10.00,Kos Putri,10.50,0,1,1,1,1,1,1,1,0,1,1,1,1,1,0,1,1,1,1,1,1,0,1,1,1,0,0,0,1
Kost Singgahsini Ndalem Lakshmi Tipe B Pasar Minggu Jakarta Selatan,Jakarta Selatan,Pasar Minggu,0.00,2400000.00,4.80,4.00,14.00,Kos Putri,8.75,0,1,1,1,1,1,1,1,0,1,1,1,1,1,0,1,1,1,1,1,1,0,1,1,1,0,0,0,1
Kost Singgahsini Nest Cikini Tipe A Menteng Jakarta Pusat,Jakarta Pusat,Menteng,0.00,2275000.00,3.50,1.00,4.00,Kos Campur,8.64,0,0,1,1,1,1,0,0,0,1,1,1,1,1,1,1,0,1,1,1,0,0,0,0,0,1,0,0,1
Kost Singgahsini Nest Cikini Tipe B Menteng Jakarta Pusat,Jakarta Pusat,Menteng,0.00,1825000.00,4.90,3.00,12.00,Kos Campur,7.50,0,0,1,1,1,1,0,0,0,1,1,1,1,1,1,1,0,1,1,1,0,0,0,1,0,1,0,0,1
Kost Singgahsini Nina Kebagusan Raya Tipe C Pasar Minggu Jakarta Selatan,Jakarta Selatan,Pasar Minggu,0.00,1125000.00,4.50,8.00,18.00,Kos Putra,6.30,1,0,1,1,1,1,1,0,0,1,1,0,0,1,0,0,0,1,0,1,1,0,1,1,0,0,0,0,1
Kost Singgahsini Ninetree Mangga Besar Tipe B Tamansari Jakarta Barat,Jakarta Barat,Taman Sari,0.00,2210000.00,4.80,21.00,36.00,Kos Putri,9.00,0,1,1,0,1,1,1,0,0,0,1,1,0,1,1,1,1,1,0,0,0,0,1,0,1,1,0,0,1
Kost Singgahsini Nona Lebak Bulus Tipe A Cilandak Jakarta Selatan,Jakarta Selatan,Cilandak,0.00,1875000.00,4.90,23.00,33.00,Kos Putri,9.60,0,1,1,1,1,1,1,0,0,1,1,1,0,1,0,1,0,1,1,1,0,0,1,0,0,0,0,0,0
Kost Singgahsini Nona Lebak Bulus Tipe B Cilandak Jakarta Selatan,Jakarta Selatan,Cilandak,0.00,1775000.00,4.90,24.00,35.00,Kos Putri,7.00,0,1,1,1,1,1,1,0,0,1,1,1,0,1,1,1,0,1,1,1,0,0,1,0,0,0,0,0,0
Kost Singgahsini Nony Tipe A Tanjung Priok Jakarta Utara,Jakarta Utara,Tanjung Priok,0.00,1465000.00,0.00,0.00,2.00,Kos Putri,12.00,0,1,1,1,1,1,0,1,0,1,0,1,0,1,0,1,0,1,0,0,0,0,0,1,0,1,0,0,1
Kost Singgahsini Nony Tipe B Tanjung Priok Jakarta Utara,Jakarta Utara,Tanjung Priok,0.00,1420000.00,5.00,1.00,11.00,Kos Putri,9.00,0,1,1,1,1,1,0,1,0,1,0,1,0,1,0,1,0,1,0,0,0,0,0,1,0,1,0,0,1
Kost Singgahsini Nusa Indah 15 Tipe A Tomang Jakarta Barat,Jakarta Barat,Palmerah,1.00,2875000.00,4.60,4.00,13.00,Kos Putri,12.00,0,1,1,1,1,1,1,1,1,1,1,1,0,1,1,1,1,1,1,1,1,0,1,0,1,0,1,0,1
Kost Singgahsini Oasis Kedoya Tipe B Kebon Jeruk Jakarta Barat,Jakarta Barat,Kebon Jeruk,0.00,1625000.00,4.60,3.00,5.00,Kos Campur,9.00,0,0,1,1,1,1,1,0,0,0,1,1,0,1,1,1,0,1,0,1,0,0,1,0,0,1,0,0,1
Kost Singgahsini Oasis Kedoya Tipe C Kebon Jeruk Jakarta Barat,Jakarta Barat,Kebon Jeruk,0.00,1325000.00,4.40,3.00,3.00,Kos Campur,9.00,0,0,1,1,1,1,1,0,0,0,1,1,0,1,1,1,0,1,0,1,0,0,1,1,0,1,0,0,0
Kost Singgahsini Oemah Waringin Tipe A Makasar Jakarta Timur,Jakarta Timur,Makasar,0.00,1267000.00,5.00,1.00,3.00,Kos Campur,10.24,0,0,1,1,1,1,1,1,1,1,0,1,0,1,1,0,0,1,1,1,0,0,0,1,0,1,0,0,1
Kost Singgahsini Ohana Tipe B Cilandak Jakarta Selatan,Jakarta Selatan,Cilandak,0.00,2162500.00,4.60,1.00,6.00,Kos Campur,20.67,0,1,1,1,1,1,1,1,0,0,1,1,0,1,0,1,1,1,0,1,0,0,1,0,1,0,0,0,1
Kost Singgahsini Omah Opung Tipe A Kebayoran Lama Jakarta Selatan,Jakarta Selatan,Kebayoran Lama,0.00,3274000.00,4.60,9.00,19.00,Kos Putri,11.78,1,1,1,1,0,1,1,1,0,0,1,1,1,1,1,1,1,1,1,1,1,0,1,1,1,0,0,0,1
Kost Singgahsini One Residence Tipe A Kemayoran Jakarta Pusat,Jakarta Pusat,Kemayoran,0.00,2325000.00,5.00,1.00,1.00,Kos Campur,10.80,0,1,1,1,0,1,1,0,0,0,0,1,1,1,1,1,1,1,0,0,0,0,0,0,1,0,0,0,1
Kost Singgahsini Ono Tipe A Cempaka Putih Jakarta Pusat,Jakarta Pusat,Cempaka Putih,0.00,1225000.00,4.50,2.00,5.00,Kos Campur,10.08,0,1,1,0,1,1,0,1,0,1,1,0,0,1,1,1,0,1,0,1,0,1,1,1,0,0,0,0,1
Kost Singgahsini Ono Tipe B Cempaka Putih Jakarta Pusat,Jakarta Pusat,Cempaka Putih,0.00,1175000.00,4.40,3.00,3.00,Kos Campur,7.84,0,1,0,0,1,1,0,1,0,1,0,0,0,1,1,0,0,1,0,1,0,0,1,1,0,1,0,0,1
Kost Singgahsini Ono Tipe C Cempaka Putih Jakarta Pusat,Jakarta Pusat,Cempaka Putih,0.00,875000.00,0.00,0.00,5.00,Kos Campur,9.36,0,0,0,0,1,1,0,1,0,1,0,0,0,1,1,0,0,1,0,1,0,1,0,1,0,1,0,0,0
Kost Singgahsini Ono Tipe D Cempaka Putih Jakarta Pusat,Jakarta Pusat,Cempaka Putih,0.00,1375000.00,4.60,3.00,3.00,Kos Campur,11.76,0,1,1,0,1,1,0,1,0,1,1,1,0,0,0,1,0,1,0,1,0,0,1,0,0,0,0,0,1
Kost Singgahsini Palang Merah 7 Tipe A Cideng Jakarta Pusat,Jakarta Pusat,Gambir,1.00,2685000.00,4.90,10.00,12.00,Kos Campur,19.84,0,1,1,1,1,1,1,1,0,1,1,1,0,1,0,1,1,1,0,1,0,0,0,0,1,0,0,0,1
Kost Singgahsini Palang Merah 7 Tipe B Cideng Jakarta Pusat,Jakarta Pusat,Gambir,1.00,2225000.00,4.60,20.00,51.00,Kos Campur,15.00,0,1,1,1,1,1,1,1,0,1,1,1,0,1,0,1,1,1,0,1,0,0,0,0,1,0,0,0,1
Kost Singgahsini Pancoran 67 Tipe A Jakarta Selatan,Jakarta Selatan,Pancoran,1.00,1735000.00,4.60,1.00,3.00,Kos Campur,8.32,0,1,1,1,1,1,0,0,0,0,1,1,0,1,1,1,0,1,1,1,1,0,1,1,0,0,0,0,1
Kost Singgahsini Pandji Tipe A Pulo Gadung Jakarta Timur,Jakarta Timur,Pulo Gadung,3.00,1800000.00,0.00,0.00,0.00,Kos Putri,6.24,1,0,1,1,1,1,0,0,1,1,1,1,0,1,1,1,0,1,1,1,1,0,1,1,0,0,0,0,1
Kost Singgahsini Paso 1 Tipe A Jagakarsa Jakarta Selatan,Jakarta Selatan,Jagakarsa,0.00,2025000.00,4.30,8.00,19.00,Kos Campur,10.50,0,1,1,1,1,1,1,1,1,1,1,1,1,1,1,1,1,1,1,1,0,0,1,0,1,0,1,0,1
Kost Singgahsini Paus Residence Tipe A Pulo Gadung Jakarta Timur,Jakarta Timur,Pulo Gadung,0.00,2739000.00,5.00,6.00,22.00,Kos Campur,16.00,0,1,1,1,1,1,1,1,0,0,0,1,1,1,0,1,1,1,0,1,0,0,0,0,1,0,0,0,1
Kost Singgahsini Permata 15 Tipe C Grogol Petamburan Jakarta Barat,Jakarta Barat,Grogol Petamburan,0.00,1725000.00,5.00,3.00,15.00,Kos Putri,9.00,0,1,1,1,1,1,0,1,0,1,1,1,0,1,0,1,0,1,0,0,0,0,1,1,0,1,0,0,1
Kost Singgahsini Permata 15 Tipe D Grogol Petamburan Jakarta Barat,Jakarta Barat,Grogol Petamburan,0.00,945000.00,5.00,3.00,15.00,Kos Putri,9.00,0,0,1,1,1,1,0,1,0,1,1,0,0,1,0,1,0,1,0,0,0,1,1,1,1,1,0,0,1
Kost Singgahsini Permata Hijau Tipe B Kebayoran Lama Jakarta Selatan,Jakarta Selatan,Kebayoran Lama,0.00,2159400.00,4.80,15.00,37.00,Kos Putri,16.00,0,1,1,0,0,1,1,0,1,1,1,1,0,0,0,1,0,1,0,0,0,0,1,0,0,0,0,0,1
Kost Singgahsini Petogogan 35A Tipe A Kebayoran Baru Jakarta Selatan,Jakarta Selatan,Kebayoran Baru,0.00,2325000.00,5.00,6.00,16.00,Kos Putra,9.00,0,0,1,1,1,1,1,1,0,1,1,1,0,1,1,1,1,1,0,0,0,0,1,1,0,0,0,0,0
Kost Singgahsini Petogogan 35A Tipe B Kebayoran Baru Jakarta Selatan,Jakarta Selatan,Kebayoran Baru,0.00,2025000.00,4.80,4.00,8.00,Kos Putra,12.00,0,0,1,1,0,1,1,1,0,1,1,1,0,1,1,1,1,1,0,0,0,0,1,1,0,0,0,0,0
Kost Singgahsini Petojo 5 Roxy Tipe A Jakarta Pusat,Jakarta Pusat,Gambir,0.00,1830000.00,4.80,47.00,78.00,Kos Campur,7.68,0,0,1,1,0,1,1,0,1,0,1,1,0,1,1,1,0,1,1,1,1,0,1,1,1,0,0,0,1
Kost Singgahsini Petojo Selatan 12 Tipe B Gambir Jakarta Pusat,Jakarta Pusat,Gambir,0.00,1545000.00,4.90,17.00,25.00,Kos Putri,7.50,0,0,1,0,1,1,0,0,0,0,1,1,0,0,0,1,1,1,0,0,0,0,0,0,0,0,0,0,1
Kost Singgahsini Petojo Selatan 3 Tipe A Cideng Jakarta Pusat,Jakarta Pusat,Gambir,0.00,1564000.00,4.80,93.00,143.00,Kos Campur,5.50,0,0,1,1,1,1,0,1,0,1,0,1,0,1,0,1,0,1,1,1,0,0,0,0,0,0,0,0,1
Kost Singgahsini Petojo Selatan 3 Tipe B Cideng Jakarta Pusat,Jakarta Pusat,Gambir,1.00,1386600.00,4.50,7.00,11.00,Kos Campur,2.70,0,0,1,1,0,1,0,1,0,1,0,1,0,1,0,1,0,1,1,1,0,0,0,0,0,0,0,0,1
Kost Singgahsini Petukangan Utara 09 Tipe B Pesanggrahan Jakarta Selatan,Jakarta Selatan,Pesanggrahan,0.00,1640000.00,4.60,11.00,21.00,Kos Campur,6.00,1,1,1,1,1,1,0,1,0,1,1,1,0,1,1,1,0,1,0,1,1,0,1,0,0,0,0,0,1
Kost Singgahsini Pisangan Lama 2 Tipe A Pulo Gadung Jakarta Timur,Jakarta Timur,Pulo Gadung,0.00,1425000.00,4.80,15.00,41.00,Kos Campur,9.99,0,1,1,1,0,1,1,0,1,0,0,1,0,0,0,1,0,1,0,0,0,0,0,0,0,0,0,0,1
Kost Singgahsini Poltangan 28 Tipe A Jagakarsa Jakarta Selatan,Jakarta Selatan,Jagakarsa,1.00,2780000.00,4.80,5.00,14.00,Kos Putri,15.90,0,1,1,1,1,1,1,1,0,0,1,1,0,1,0,1,1,1,1,1,0,0,1,0,1,0,0,0,1
Kost Singgahsini Poltangan 28 Tipe B Jagakarsa Jakarta Selatan,Jakarta Selatan,Jagakarsa,0.00,2162500.00,4.80,37.00,66.00,Kos Putri,9.00,0,0,0,0,0,0,0,0,0,0,0,0,0,0,0,0,0,0,0,0,0,0,0,0,0,0,0,0,1
Kost Singgahsini Poltangan 28 Tipe C Jagakarsa Jakarta Selatan,Jakarta Selatan,Jagakarsa,1.00,1991500.00,4.80,21.00,29.00,Kos Putri,6.72,0,1,1,1,1,1,1,1,0,0,1,1,0,1,0,1,1,1,1,1,0,0,1,0,1,0,0,0,1
Kost Singgahsini Pondok Indah Tipe A Kebayoran Lama Jakarta Selatan,Jakarta Selatan,Kebayoran Lama,0.00,2575000.00,4.90,1.00,5.00,Kos Putri,15.00,1,1,1,0,1,1,1,1,0,1,1,1,0,1,0,1,1,1,0,1,0,0,1,1,1,0,0,0,1
Kost Singgahsini Pondok Indah Tipe B Kebayoran Lama Jakarta Selatan,Jakarta Selatan,Kebayoran Lama,1.00,2325000.00,4.60,36.00,73.00,Kos Putri,12.00,1,1,1,0,1,1,1,1,0,1,1,1,0,1,0,1,1,1,0,1,0,0,1,1,1,0,0,0,1
Kost Singgahsini Pondok Pinang V Tipe E Kebayoran Lama Jakarta Selatan,Jakarta Selatan,Kebayoran Lama,0.00,2925000.00,4.90,15.00,17.00,Kos Campur,13.80,0,1,0,0,1,1,1,1,0,1,1,1,1,1,0,1,1,1,0,1,0,0,1,0,0,0,0,0,1
Kost Singgahsini Praja Arteri Pondok Indah Jakarta Selatan,Jakarta Selatan,Kebayoran Lama,3.00,2258000.00,4.60,102.00,245.00,Kos Campur,16.00,0,1,1,1,0,1,1,1,1,1,1,1,1,0,0,1,1,1,1,1,0,0,1,0,1,0,0,0,1
Kost Singgahsini Praja Dalam 88 Tipe A Kebayoran Lama Jakarta Selatan,Jakarta Selatan,Kebayoran Lama,0.00,1865000.00,4.10,3.00,4.00,Kos Putri,25.00,1,0,1,1,1,1,0,1,1,1,0,1,1,1,1,1,1,1,1,1,0,0,0,1,1,1,0,0,1
Kost Singgahsini Praja Dalam 88 Tipe B Kebayoran Lama Jakarta Selatan,Jakarta Selatan,Kebayoran Lama,0.00,1725000.00,4.40,8.00,14.00,Kos Putri,16.00,1,0,1,1,1,1,0,1,1,1,0,1,1,1,1,1,1,1,1,1,0,0,0,1,1,1,0,0,1
Kost Singgahsini Praja Dalam 88 Tipe C Kebayoran Lama Jakarta Selatan,Jakarta Selatan,Kebayoran Lama,0.00,1225000.00,4.90,1.00,3.00,Kos Putri,6.00,1,0,1,1,0,1,0,1,1,1,0,1,1,1,1,1,1,1,1,1,0,0,0,1,1,1,0,0,1
Kost Singgahsini Praja VI Tipe A Kebayoran Lama Jakarta Selatan,Jakarta Selatan,Kebayoran Lama,0.00,3025000.00,4.80,34.00,57.00,Kos Campur,14.19,0,1,1,1,1,1,1,1,0,1,1,1,1,1,1,1,1,1,1,1,1,0,1,0,1,0,0,0,0
Kost Singgahsini Prestige Tipe A Tanjung Duren Jakarta Barat,Jakarta Barat,Grogol Petamburan,0.00,2400000.00,4.80,26.00,51.00,Kos Campur,9.00,0,1,1,1,1,1,1,1,1,0,1,1,1,1,1,1,1,1,1,1,1,0,1,1,1,0,0,1,1
Kost Singgahsini Prestige Tipe B Tanjung Duren Jakarta Barat,Jakarta Barat,Grogol Petamburan,3.00,2500000.00,4.80,117.00,222.00,Kos Campur,12.00,0,1,1,1,1,1,1,1,1,0,1,1,1,1,1,1,1,1,1,1,1,0,1,1,1,0,0,1,1
Kost Singgahsini Prestige Tipe E Tanjung Duren Jakarta Barat,Jakarta Barat,Grogol Petamburan,1.00,3000000.00,4.60,26.00,46.00,Kos Campur,16.00,0,1,1,1,1,1,1,1,1,0,1,1,1,1,0,1,1,1,1,1,1,0,1,1,1,0,0,1,1
Kost Singgahsini Prestige Tipe G Tanjung Duren Jakarta Barat,Jakarta Barat,Grogol Petamburan,0.00,3500000.00,4.80,9.00,13.00,Kos Campur,25.00,0,1,1,1,1,1,1,1,1,0,1,1,1,1,1,1,1,1,1,1,1,0,1,1,1,0,0,1,1
Kost Singgahsini Prestige Tipe H Tanjung Duren Jakarta Barat,Jakarta Barat,Grogol Petamburan,0.00,2800000.00,4.80,6.00,9.00,Kos Campur,16.00,0,1,1,1,1,1,1,1,1,0,1,1,1,1,1,1,1,1,1,1,1,0,1,1,1,0,0,1,1
Kost Singgahsini Puri Adhyaksa Tipe B Cilandak Jakarta Selatan,Jakarta Selatan,Cilandak,0.00,2725000.00,4.60,6.00,13.00,Kos Campur,14.28,0,1,1,1,0,1,1,1,0,0,1,1,1,0,0,1,1,1,1,1,1,0,1,0,0,0,0,0,1
Kost Singgahsini Puri Amarta Tipe A Kebayoran Lama Jakarta Selatan,Jakarta Selatan,Kebayoran Lama,0.00,3350000.00,4.60,23.00,65.00,Kos Putri,9.00,0,0,0,0,0,0,0,0,0,0,0,0,0,0,0,0,0,0,0,0,0,0,0,0,0,0,0,0,1
Kost Singgahsini Puri Indah A618 Tipe A Kembangan Jakarta Barat,Jakarta Barat,Kembangan,0.00,2352500.00,4.60,5.00,13.00,Kos Campur,15.54,0,1,1,1,1,1,1,1,0,0,1,1,1,1,0,1,1,1,1,1,1,0,1,0,1,0,0,0,1
Kost Singgahsini Puri Indah A618 Tipe B Kembangan Jakarta Barat,Jakarta Barat,Kembangan,0.00,2542500.00,4.90,1.00,4.00,Kos Campur,15.54,0,1,1,1,1,1,1,1,0,0,1,1,1,1,0,1,1,1,1,1,1,0,1,0,1,0,0,0,1
Kost Singgahsini Puri Indah A618 Tipe C Kembangan Jakarta Barat,Jakarta Barat,Kembangan,0.00,2780000.00,4.40,7.00,20.00,Kos Campur,15.54,0,1,1,1,1,1,1,1,0,0,1,1,1,1,0,1,1,1,1,1,1,0,1,0,1,0,0,0,1
Kost Singgahsini Purple Ungu Tipe A Pasar Minggu Jakarta Selatan,Jakarta Selatan,Pasar Minggu,1.00,1820500.00,4.90,19.00,32.00,Kos Putri,13.50,0,1,1,0,1,1,1,0,0,0,0,1,1,1,0,1,0,1,0,0,0,0,1,0,1,0,0,0,1
Kost Singgahsini Q Biz Tipe A Kebayoran Baru Jakarta Selatan,Jakarta Selatan,Kebayoran Baru,0.00,3025000.00,4.90,15.00,28.00,Kos Putri,7.50,1,1,1,1,1,1,1,1,1,1,1,1,1,1,1,1,1,1,1,1,0,0,1,1,1,0,1,0,1
Kost Singgahsini R & R Tipe C Palmerah Jakarta Barat,Jakarta Barat,Palmerah,0.00,1185000.00,4.30,8.00,10.00,Kos Campur,6.25,0,0,0,1,1,1,0,1,0,1,1,1,1,1,0,1,0,1,1,1,0,0,1,1,0,0,0,0,1
Kost Singgahsini Rahmawati Tebet Jakarta Selatan,Jakarta Selatan,Tebet,1.00,1839500.00,4.60,58.00,92.00,Kos Putri,12.00,0,1,1,1,1,1,1,0,1,0,1,1,0,1,0,1,0,1,0,1,0,0,1,1,0,1,0,1,1
Kost Singgahsini Raoul Cipete Tipe B Cilandak Jakarta Selatan,Jakarta Selatan,Cilandak,0.00,2825000.00,4.60,3.00,6.00,Kos Campur,10.24,0,1,1,1,1,1,1,0,0,1,1,1,0,1,0,1,1,1,0,1,0,0,1,0,1,0,0,0,1
Kost Singgahsini Raoul Cipete Tipe C Cilandak Jakarta Selatan,Jakarta Selatan,Cilandak,0.00,2877000.00,4.90,2.00,3.00,Kos Campur,10.80,0,1,1,1,1,1,1,0,0,1,1,1,0,1,0,1,1,1,0,1,0,0,1,0,0,0,0,0,1
Kost Singgahsini Raoul Cipete Tipe C Cilandak Jakarta Selatan,Jakarta Selatan,Cilandak,0.00,2877000.00,4.90,2.00,3.00,Kos Campur,9.00,0,0,0,0,0,0,0,0,0,0,0,0,0,0,0,0,0,0,0,0,0,0,0,0,0,0,0,0,1
Kost Singgahsini Rap 18A Tipe B Kemayoran Jakarta Pusat,Jakarta Pusat,Kemayoran,0.00,1450000.00,4.80,9.00,31.00,Kos Campur,8.75,0,0,1,1,1,1,0,1,0,1,1,1,0,1,1,0,0,1,0,0,0,0,1,1,0,1,0,0,1
Kost Singgahsini Rasafa IKPN Tipe A Pesanggrahan Jakarta Selatan,Jakarta Selatan,Pesanggrahan,0.00,1545000.00,4.80,16.00,19.00,Kos Putra,16.00,1,0,1,1,1,1,0,1,0,1,0,1,1,1,0,1,0,1,1,1,0,0,0,1,0,0,0,0,1
Kost Singgahsini Ratu Teratai 59 Tipe A Kebon Jeruk Jakarta Barat,Jakarta Barat,Kebon Jeruk,0.00,2305000.00,4.90,14.00,34.00,Kos Campur,17.50,0,1,1,1,1,1,0,0,0,0,1,1,0,1,1,1,1,1,1,1,0,0,1,0,0,0,0,0,0
Kost Singgahsini Ritha Tipe A Cempaka Putih Jakarta Pusat,Jakarta Pusat,Cempaka Putih,1.00,2325000.00,4.90,45.00,73.00,Kos Campur,15.00,0,1,1,0,0,1,1,1,1,1,0,1,0,0,0,1,0,1,0,1,0,0,0,0,0,0,0,0,1
Kost Singgahsini Royal Spring Tipe C Pasar Minggu Jakarta Selatan,Jakarta Selatan,Pasar Minggu,1.00,1825000.00,4.80,10.00,14.00,Kos Putri,8.80,1,0,1,1,1,1,1,1,0,0,1,1,1,1,1,1,0,1,0,0,1,0,1,0,1,0,0,0,1
Kost Singgahsini RR'S House Tipe A Kebon Jeruk Jakarta Barat,Jakarta Barat,Kebon Jeruk,0.00,1754000.00,4.40,2.00,4.00,Kos Campur,20.00,0,1,1,1,0,1,1,1,0,1,1,1,1,0,0,1,0,1,1,1,1,0,1,0,0,0,0,0,1
Kost Singgahsini Rumah 5111 Tipe A Setiabudi Jakarta Selatan,Jakarta Selatan,Setia Budi,0.00,3105000.00,4.60,15.00,40.00,Kos Campur,12.21,0,1,1,1,1,1,1,1,1,1,1,1,1,1,1,1,1,1,1,1,1,0,1,1,1,0,1,0,1
Kost Singgahsini Rumah Adel Tipe A Makasar Jakarta Timur,Jakarta Timur,Makasar,0.00,1400000.00,4.80,3.00,5.00,Kos Putra,22.00,0,1,1,0,0,1,0,0,0,1,1,1,0,1,0,0,0,1,0,1,0,1,0,0,0,0,0,0,1
Kost Singgahsini Rumah Adel Tipe B Makasar Jakarta Timur,Jakarta Timur,Makasar,0.00,1200000.00,0.00,0.00,2.00,Kos Putra,8.58,0,0,1,0,1,1,0,0,0,1,1,1,0,1,0,0,0,1,0,0,0,0,1,1,0,0,0,0,1
Kost Singgahsini Rumah Adel Tipe C Makasar Jakarta Timur,Jakarta Timur,Makasar,2.00,1012000.00,4.80,14.00,19.00,Kos Putra,8.58,0,0,1,0,1,1,0,0,0,1,1,1,0,1,0,0,0,1,0,0,0,0,0,1,0,0,0,0,1
Kost Singgahsini Rumah Adel Tipe D Makasar Jakarta Timur,Jakarta Timur,Makasar,0.00,600000.00,4.80,3.00,4.00,Kos Putra,6.38,0,0,1,0,1,1,0,0,0,1,1,0,0,1,0,0,0,1,0,0,0,1,0,1,0,0,0,0,1
Kost Singgahsini Rumah Ceria Cideng Tipe A Gambir Jakarta Pusat,Jakarta Pusat,Gambir,1.00,2850000.00,4.60,2.00,15.00,Kos Campur,16.00,0,1,1,1,0,1,1,1,1,1,1,1,1,0,0,1,1,1,1,1,0,0,1,0,0,0,1,0,1
Kost Singgahsini Rumah Ceria Cideng Tipe C Gambir Jakarta Pusat,Jakarta Pusat,Gambir,1.00,2300000.00,0.00,0.00,3.00,Kos Campur,9.60,0,0,1,1,1,1,1,1,1,1,1,1,0,1,1,1,1,1,1,1,0,0,1,0,1,0,1,0,1
Kost Singgahsini Rumah Kedua Tipe A Kelapa Gading Jakarta Utara,Jakarta Utara,Kelapa Gading,3.00,2141000.00,0.00,0.00,3.00,Kos Campur,10.24,0,1,1,1,1,1,1,1,1,1,1,1,1,1,0,1,1,1,1,1,1,0,1,0,0,0,0,0,1
Kost Singgahsini Rumah Kedua Tipe B Kelapa Gading Jakarta Utara,Jakarta Utara,Kelapa Gading,0.00,2095000.00,0.00,0.00,4.00,Kos Campur,11.84,0,1,1,1,1,1,1,1,1,1,1,1,1,1,0,1,1,1,1,1,1,0,1,0,0,0,0,0,1
Kost Singgahsini Rumah Kedua Tipe C Kelapa Gading Jakarta Utara,Jakarta Utara,Kelapa Gading,0.00,1957000.00,4.50,1.00,7.00,Kos Campur,10.24,0,1,1,1,1,1,1,1,1,1,1,1,1,1,0,1,1,1,1,1,1,0,1,0,0,0,0,0,1
Kost Singgahsini Rumah Nia Tipe A Tebet Jakarta Selatan,Jakarta Selatan,Tebet,1.00,2325000.00,0.00,0.00,5.00,Kos Campur,9.00,0,1,1,1,1,1,0,1,0,1,1,1,0,1,1,1,0,1,1,1,1,0,1,1,0,0,0,0,1
Kost Singgahsini Rumah Sagre Tipe A Cempaka Putih Jakarta Pusat,Jakarta Pusat,Cempaka Putih,0.00,2985000.00,4.80,50.00,77.00,Kos Campur,15.75,1,1,1,1,1,1,1,1,0,0,1,1,0,1,0,1,1,1,1,1,1,0,1,0,1,0,0,0,0
Kost Singgahsini Rumah Sagre Tipe B Cempaka Putih Jakarta Pusat,Jakarta Pusat,Cempaka Putih,0.00,3505000.00,4.60,22.00,47.00,Kos Campur,17.50,1,1,1,1,1,1,1,1,0,0,1,1,0,1,0,1,1,1,1,1,1,0,1,0,1,0,0,0,1
Kost Singgahsini Rumah Sagre Tipe C Cempaka Putih Jakarta Pusat,Jakarta Pusat,Cempaka Putih,0.00,3815000.00,4.90,7.00,11.00,Kos Campur,21.00,1,1,1,1,1,1,1,1,0,0,1,1,0,1,0,1,1,1,1,1,1,0,1,0,1,0,0,0,1
Kost Singgahsini Rumah Vanessa Tipe A Jagakarsa Jakarta Selatan,Jakarta Selatan,Jagakarsa,2.00,1865000.00,0.00,0.00,0.00,Kos Putri,9.80,0,1,1,1,0,1,0,1,1,1,0,1,0,0,0,1,1,1,1,1,1,0,0,0,0,0,1,0,1
Kost Singgahsini Rumah Vanessa Tipe B Jagakarsa Jakarta Selatan,Jakarta Selatan,Jagakarsa,0.00,1545000.00,5.00,5.00,20.00,Kos Putri,8.96,0,1,1,1,0,1,0,1,1,1,0,1,0,0,0,1,0,1,1,1,1,0,0,0,0,0,1,0,1
Kost Singgahsini Rume Betawi Tipe B Cipulir Jakarta Selatan,Jakarta Selatan,Kebayoran Lama,0.00,2447500.00,4.90,4.00,7.00,Kos Putri,16.00,0,1,1,1,1,1,1,1,1,0,1,1,0,1,0,1,1,1,1,1,1,0,1,0,1,0,0,1,1
Kost Singgahsini Rumoh Ã¨h Lebak Bulus Tipe A Cilandak Jakarta Selatan,Jakarta Selatan,Cilandak,0.00,3325000.00,4.60,17.00,30.00,Kos Campur,14.40,0,1,1,1,1,1,1,1,0,0,1,1,1,1,1,1,1,1,0,0,0,0,1,1,0,0,0,0,1
Kost Singgahsini Rumoh Ã¨h Lebak Bulus Tipe B Cilandak Jakarta Selatan,Jakarta Selatan,Cilandak,0.00,3025000.00,4.60,34.00,67.00,Kos Campur,14.40,0,1,1,1,1,1,1,1,0,0,1,1,1,1,1,1,1,1,0,0,0,0,1,1,0,0,0,0,0
Kost Singgahsini Sahar Tipe D Pasar Minggu Jakarta Selatan,Jakarta Selatan,Pasar Minggu,0.00,1925000.00,4.40,1.00,13.00,Kos Putri,12.80,0,0,1,1,1,1,1,1,0,1,1,1,0,1,1,1,0,1,1,1,1,0,1,1,0,0,0,0,1
Kost Singgahsini Samana SCBD Tipe C Kebayoran Baru Jakarta Selatan,Jakarta Selatan,Kebayoran Baru,0.00,4205000.00,4.80,13.00,25.00,Kos Campur,15.00,1,1,1,1,1,1,1,1,0,1,1,1,1,1,1,0,1,1,1,1,1,0,1,0,1,0,0,0,1
Kost Singgahsini Sampit Satoe Lima Tipe D Kebayoran Baru Jakarta Selatan,Jakarta Selatan,Kebayoran Baru,2.00,3530500.00,4.80,7.00,8.00,Kos Campur,6.00,0,1,1,1,1,1,0,1,0,0,1,1,1,1,1,1,1,1,1,1,0,0,1,1,1,0,0,0,1
Kost Singgahsini Sari Raden Inten Tipe B Jakarta Timur,Jakarta Timur,Duren Sawit,0.00,1129000.00,4.90,9.00,13.00,Kos Putri,9.00,0,0,0,0,0,0,0,0,0,0,0,0,0,0,0,0,0,0,0,0,0,0,0,0,0,0,0,0,1
Kost Singgahsini Sasya 2 Tipe B Pondok Pinang Jakarta Selatan,Jakarta Selatan,Kebayoran Lama,1.00,1675000.00,4.60,36.00,75.00,Kos Campur,10.50,0,1,1,0,1,1,1,1,1,1,1,1,1,1,1,1,1,1,0,1,0,0,1,0,0,0,0,0,0
Kost Singgahsini SB Living Tipe A Menteng Jakarta Pusat,Jakarta Pusat,Menteng,0.00,2070000.00,0.00,0.00,2.00,Kos Campur,7.29,0,1,1,1,1,1,0,0,0,0,1,1,0,1,1,1,0,1,0,0,0,0,1,1,0,0,0,0,1
Kost Singgahsini Sedoso Tipe A Kalibata Jakarta Selatan,Jakarta Selatan,Pancoran,0.00,2590000.00,4.60,16.00,28.00,Kos Putri,14.80,0,1,1,1,1,1,1,1,1,0,1,1,0,1,0,1,1,1,0,1,1,0,1,1,0,0,0,0,1
Kost Singgahsini Sedoso Tipe B Kalibata Jakarta Selatan,Jakarta Selatan,Pancoran,0.00,2325000.00,4.80,12.00,11.00,Kos Putri,10.00,0,1,1,1,1,1,1,1,1,0,1,1,0,1,0,1,1,1,0,1,1,0,1,1,0,0,0,0,1
Kost Singgahsini Serenity Living Tipe A Kelapa Gading Jakarta Utara,Jakarta Utara,Kelapa Gading,0.00,1451000.00,4.00,1.00,1.00,Kos Campur,6.00,0,0,1,1,1,1,1,0,0,0,1,1,0,1,0,1,1,1,0,1,1,0,0,0,0,1,0,0,1
Kost Singgahsini Serenity Living Tipe B Kelapa Gading Jakarta Utara,Jakarta Utara,Kelapa Gading,0.00,1267000.00,5.00,1.00,6.00,Kos Campur,6.00,0,0,1,1,0,1,1,0,0,0,1,1,0,1,0,1,1,1,0,1,1,0,0,0,0,1,0,0,1
Kost Singgahsini Serenity Living Tipe C Kelapa Gading Jakarta Utara,Jakarta Utara,Kelapa Gading,1.00,1225000.00,5.00,1.00,2.00,Kos Campur,4.00,0,0,1,1,0,1,1,0,0,0,1,1,0,1,0,1,1,1,0,1,1,0,0,0,0,1,0,0,1
Kost Singgahsini Seruma Latumenten Tipe A Tambora Jakarta Barat,Jakarta Barat,Tambora,1.00,1700000.00,4.90,3.00,3.00,Kos Campur,9.00,0,1,1,1,0,1,0,0,0,1,1,1,0,1,1,1,1,1,1,1,1,0,1,0,0,0,0,0,1
Kost Singgahsini Seruma Latumenten Tipe A Tambora Jakarta Barat,Jakarta Barat,Tambora,1.00,1700000.00,4.90,3.00,3.00,Kos Campur,9.00,0,1,1,1,0,1,0,0,0,1,1,1,0,1,1,1,1,1,1,1,1,0,1,0,0,0,0,0,1
Kost Singgahsini Seruma Latumenten Tipe B Tambora Jakarta Barat,Jakarta Barat,Tambora,0.00,1500000.00,4.00,3.00,10.00,Kos Campur,9.00,0,1,1,1,0,1,0,0,0,1,0,1,0,1,1,1,1,1,1,1,1,0,0,0,0,0,0,0,1
Kost Singgahsini Seventeen Tipe B Setia Budi Jakarta Selatan,Jakarta Selatan,Setiabudi,1.00,3065000.00,4.50,3.00,10.00,Kos Putra,17.48,0,1,1,1,1,1,1,1,1,1,1,1,1,1,0,1,1,1,1,1,0,0,1,0,1,0,1,0,1
Kost Singgahsini Seventeen Tipe C Setia Budi Jakarta Selatan,Jakarta Selatan,Setiabudi,2.00,2780000.00,4.80,4.00,20.00,Kos Putra,14.72,0,1,1,1,1,1,1,1,1,1,1,1,1,1,0,1,1,1,1,1,0,0,1,0,1,0,1,0,1
Kost Singgahsini Seventeen Tipe D Setia Budi Jakarta Selatan,Jakarta Selatan,Setiabudi,0.00,2495000.00,4.60,3.00,10.00,Kos Putra,16.72,0,1,1,1,1,1,1,1,1,1,1,1,1,1,0,1,1,1,1,1,0,0,1,0,1,0,1,0,1
Kost Singgahsini Shabila Tipe B Pasar Minggu Jakarta Selatan,Jakarta Selatan,Pasar Minggu,0.00,2360000.00,4.80,11.00,18.00,Kos Putri,12.00,0,1,1,1,1,1,1,1,0,1,1,1,1,1,1,1,1,1,1,1,0,0,1,1,1,0,0,0,1
Kost Singgahsini Shabila Tipe C Pasar Minggu Jakarta Selatan,Jakarta Selatan,Pasar Minggu,0.00,2025000.00,4.80,11.00,15.00,Kos Putri,10.00,0,1,1,1,1,1,1,1,0,1,1,1,1,1,1,1,1,1,1,1,0,0,1,1,1,0,0,0,1
Kost Singgahsini Shafara Tipe C Pesanggrahan Jakarta Selatan,Jakarta Selatan,Pesanggrahan,0.00,2125000.00,4.50,11.00,24.00,Kos Campur,15.00,0,1,1,1,1,1,0,1,0,1,1,1,0,1,0,1,0,1,0,0,0,0,1,1,1,0,0,0,0
Kost Singgahsini Shaka Plaza Slipi Tipe A Palmerah Jakarta Barat,Jakarta Barat,Palmerah,0.00,2275000.00,5.00,1.00,4.00,Kos Putra,10.24,1,1,1,0,1,1,0,1,1,0,1,1,1,1,0,0,0,1,1,1,1,0,1,1,0,1,1,0,0
Kost Singgahsini Shaka Plaza Slipi Tipe B Palmerah Jakarta Barat,Jakarta Barat,Palmerah,2.00,2175000.00,4.80,20.00,28.00,Kos Putra,8.96,1,1,1,0,1,1,0,1,1,0,1,1,1,1,1,0,0,1,1,1,1,0,1,1,0,1,1,0,0
Kost Singgahsini Shaka Plaza Slipi Tipe C Palmerah Jakarta Barat,Jakarta Barat,Palmerah,0.00,1400000.00,4.80,5.00,8.00,Kos Putra,4.32,1,0,1,0,1,1,0,1,1,0,1,0,1,1,0,0,0,1,1,1,1,0,1,1,0,1,1,0,0
Kost Singgahsini Simprug Corner 51 Tipe D Kebayoran Lama Jakarta Selatan,Jakarta Selatan,Kebayoran Lama,0.00,2175000.00,4.90,9.00,14.00,Kos Campur,5.00,0,0,1,1,1,1,0,0,1,0,1,1,1,1,1,1,1,1,1,1,0,0,1,1,0,0,1,0,1
Kost Singgahsini Sinar Resident Pedurenan Tipe A Setia Budi Jakarta Selatan,Jakarta Selatan,Setia Budi,0.00,2525000.00,4.80,23.00,99.00,Kos Putri,10.26,0,1,1,1,1,1,0,1,1,1,0,1,0,1,1,1,1,1,1,1,0,0,0,1,1,0,0,0,1
Kost Singgahsini Slipi 18 Tipe B Palmerah Jakarta Barat,Jakarta Barat,Palmerah,0.00,950000.00,4.50,13.00,26.00,Kos Putri,6.00,0,0,1,1,1,1,0,0,0,1,0,0,0,1,0,1,0,1,0,1,0,0,0,0,0,1,0,0,0
Kost Singgahsini SMAN 64 Tipe A Cipayung Jakarta Timur,Jakarta Timur,Cipayung,0.00,1500000.00,4.90,8.00,16.00,Kos Putri,6.72,1,1,1,1,1,1,1,1,0,0,1,1,0,1,1,1,0,1,1,1,0,0,1,1,0,0,0,0,1
Kost Singgahsini Sofia Thamrin Tipe B Tanah Abang Jakarta Pusat,Jakarta Pusat,Tanah Abang,0.00,2875000.00,4.10,6.00,21.00,Kos Campur,9.45,0,1,1,1,1,1,1,1,0,0,1,1,0,1,1,1,0,1,0,1,0,0,1,0,1,0,0,0,1
Kost Singgahsini Sofia Thamrin Tipe C Tanah Abang Jakarta Pusat,Jakarta Pusat,Tanah Abang,0.00,2400000.00,4.50,11.00,56.00,Kos Campur,9.45,0,1,1,1,1,1,1,1,0,0,1,1,0,1,0,1,0,1,0,1,0,0,1,0,0,0,0,0,1
Kost Singgahsini Sofia Thamrin Tipe D Tanah Abang Jakarta Pusat,Jakarta Pusat,Tanah Abang,0.00,1925000.00,4.60,2.00,15.00,Kos Campur,9.00,0,1,1,0,1,0,0,0,0,0,1,1,0,1,1,1,0,0,0,0,0,0,1,0,0,0,0,0,1
Kost Singgahsini Sumie Dream Tipe A Duren Sawit Jakarta Timur,Jakarta Timur,Duren Sawit,0.00,1165000.00,4.90,29.00,53.00,Kos Putri,7.50,0,1,0,1,1,1,1,1,1,0,0,1,0,1,0,1,0,1,1,1,1,0,0,0,0,1,0,0,1
Kost Singgahsini Sumie Dream Tipe B Duren Sawit Jakarta Timur,Jakarta Timur,Duren Sawit,0.00,1260000.00,4.80,7.00,13.00,Kos Putri,9.00,0,1,0,1,1,1,1,1,1,0,0,1,0,1,0,1,0,1,1,1,1,0,0,0,0,1,0,0,1
Kost Singgahsini Summagung Tipe B Kelapa Gading Jakarta Utara,Jakarta Utara,Kelapa Gading,3.00,1645000.00,4.50,33.00,54.00,Kos Campur,8.75,0,1,1,1,0,1,1,1,0,0,1,1,0,1,1,1,1,1,1,1,1,0,1,1,0,0,0,0,0
Kost Singgahsini Sunrise Living Tipe A Pasar Minggu Jakarta Selatan,Jakarta Selatan,Pasar Minggu,0.00,2635000.00,4.90,2.00,15.00,Kos Campur,18.00,0,1,1,1,1,1,1,1,0,1,1,1,0,1,0,1,1,1,1,1,0,0,1,0,0,0,0,0,1
Kost Singgahsini Sunrise Living Tipe B Pasar Minggu Jakarta Selatan,Jakarta Selatan,Pasar Minggu,1.00,2455000.00,4.90,3.00,17.00,Kos Campur,15.75,0,1,1,1,1,1,1,1,0,1,1,1,0,1,0,1,1,1,1,1,0,0,1,0,0,0,0,0,1
Kost Singgahsini Sunrise Living Tipe C Pasar Minggu Jakarta Selatan,Jakarta Selatan,Pasar Minggu,0.00,2095000.00,4.30,4.00,18.00,Kos Campur,13.50,0,1,1,1,1,1,1,1,0,1,1,1,0,1,0,1,1,1,1,1,0,0,1,0,0,0,0,0,1
Kost Singgahsini Sunrise Living Tipe D Pasar Minggu Jakarta Selatan,Jakarta Selatan,Pasar Minggu,0.00,1825000.00,4.90,2.00,11.00,Kos Campur,11.25,0,1,1,1,1,1,1,1,0,1,1,1,0,1,0,1,1,1,1,1,0,0,1,0,0,0,0,0,1
Kost Singgahsini Sunter Jaya 48 Tipe A Tanjung Priok Jakarta Utara,Jakarta Utara,Tanjung Priok,2.00,1545000.00,4.40,11.00,46.00,Kos Campur,11.10,0,1,1,1,1,1,0,1,0,1,0,1,0,1,1,1,0,1,0,0,0,0,0,0,0,0,0,0,1
Kost Singgahsini Suryopranoto Petojo Tipe A Gambir Jakarta Pusat,Jakarta Pusat,Gambir,0.00,2637500.00,4.90,2.00,6.00,Kos Campur,10.24,0,1,1,1,1,1,1,1,1,1,1,1,0,1,1,1,1,1,0,1,0,0,1,0,0,0,0,0,1
Kost Singgahsini Suryopranoto Petojo Tipe B Gambir Jakarta Pusat,Jakarta Pusat,Gambir,0.00,2325000.00,4.40,8.00,30.00,Kos Campur,9.00,0,1,1,1,1,1,1,1,1,1,1,1,0,1,1,1,1,1,0,1,0,0,1,0,0,0,0,0,1
Kost Singgahsini Syahrin Tipe C Gandaria Jakarta Selatan,Jakarta Selatan,Kebayoran Baru,0.00,3575000.00,4.90,7.00,15.00,Kos Putri,16.00,1,1,1,1,1,1,1,1,1,0,1,1,0,1,1,1,1,1,1,1,1,0,1,0,1,0,1,0,1
Kost Singgahsini T18A Pegangsaan Dua Tipe A Kelapa Gading Jakarta Utara,Jakarta Utara,Kelapa Gading,2.00,1556800.00,0.00,0.00,0.00,Kos Putri,8.40,0,0,1,1,1,1,0,1,0,1,1,1,0,1,0,1,0,1,1,1,0,0,1,0,1,0,0,0,1
Kost Singgahsini T18A Pegangsaan Dua Tipe B Kelapa Gading Jakarta Utara,Jakarta Utara,Kelapa Gading,3.00,1391200.00,0.00,0.00,0.00,Kos Putri,8.40,0,0,1,1,1,1,0,1,0,1,0,1,0,1,0,1,0,1,1,1,0,0,0,0,1,0,0,0,1
Kost Singgahsini Taman Apel IV Tipe A Grogol Petamburan Jakarta Barat,Jakarta Barat,Grogol Petamburan,2.00,2225000.00,4.60,27.00,63.00,Kos Campur,8.19,0,1,1,1,1,1,0,1,0,1,1,1,0,1,0,1,1,1,1,1,0,0,1,0,0,0,0,0,1
Kost Singgahsini Taman Apel IV Tipe B Grogol Petamburan Jakarta Barat,Jakarta Barat,Grogol Petamburan,1.00,1975000.00,4.60,83.00,198.00,Kos Campur,8.19,0,1,1,1,1,1,0,1,0,1,1,1,0,1,1,1,1,1,1,1,0,0,1,0,0,0,0,0,1
Kost Singgahsini Taman Malaka 21 Tipe A Duren Sawit Jakarta Timur,Jakarta Timur,Duren Sawit,0.00,1656000.00,5.00,1.00,3.00,Kos Putri,8.75,0,1,1,1,1,1,0,1,1,1,1,1,0,1,0,1,0,1,0,1,0,0,1,0,0,0,0,0,1
Kost Singgahsini Taman Malaka 21 Tipe A Duren Sawit Jakarta Timur,Jakarta Timur,Duren Sawit,0.00,1656000.00,5.00,1.00,3.00,Kos Putri,9.00,0,0,0,0,0,0,0,0,0,0,0,0,0,0,0,0,0,0,0,0,0,0,0,0,0,0,0,0,1
Kost Singgahsini Taman Malaka 21 Tipe A Duren Sawit Jakarta Timur,Jakarta Timur,Duren Sawit,0.00,1656000.00,5.00,1.00,3.00,Kos Putri,8.75,0,1,1,1,1,1,0,1,1,1,1,1,0,1,0,1,0,1,0,1,0,0,1,0,0,0,0,0,1
Kost Singgahsini Taman Malaka 21 Tipe A Duren Sawit Jakarta Timur,Jakarta Timur,Duren Sawit,0.00,1656000.00,5.00,1.00,3.00,Kos Putri,8.75,0,1,1,1,1,1,0,1,1,1,1,1,0,1,0,1,0,1,0,1,0,0,1,0,0,0,0,0,1
Kost Singgahsini Tanah Abang Tipe A Jakarta Pusat,Jakarta Pusat,Tanah Abang,0.00,1735000.00,4.90,10.00,11.00,Kos Putri,14.00,0,1,0,1,0,1,1,1,0,1,1,1,0,0,0,1,0,1,1,0,0,0,1,0,0,0,0,0,1
Kost Singgahsini Tanah Abang Tipe C Jakarta Pusat,Jakarta Pusat,Tanah Abang,0.00,1625000.00,4.60,19.00,45.00,Kos Putri,12.00,0,1,0,1,0,1,1,1,0,1,1,1,0,0,0,1,0,1,1,0,0,0,1,0,0,0,0,0,1
Kost Singgahsini Tanjung Duren 33 Tipe A Grogol Jakarta Barat,Jakarta Barat,Grogol Petamburan,0.00,1745400.00,4.60,10.00,23.00,Kos Campur,8.75,0,1,1,0,1,1,1,1,1,1,1,1,0,1,0,1,0,1,1,1,0,0,1,0,1,0,0,0,1
Kost Singgahsini Tanjung Duren 33 Tipe B Grogol Jakarta Barat,Jakarta Barat,Grogol Petamburan,0.00,1525000.00,4.60,12.00,19.00,Kos Campur,8.75,0,0,1,0,1,1,1,1,1,1,1,1,0,1,0,1,0,1,1,1,0,0,1,0,0,0,0,0,1
Kost Singgahsini Tanjung Duren 33 Tipe C Grogol Jakarta Barat,Jakarta Barat,Grogol Petamburan,2.00,1345000.00,4.60,59.00,128.00,Kos Campur,7.00,0,0,1,0,1,1,1,1,1,1,1,1,0,1,0,1,0,1,1,1,0,0,1,0,0,0,0,0,1
Kost Singgahsini Tanjung Duren 46 Tipe A Grogol Petamburan Jakarta Barat,Jakarta Barat,Grogol Petamburan,0.00,2162500.00,4.80,29.00,59.00,Kos Campur,8.64,0,1,1,1,1,1,0,0,0,0,1,1,1,1,1,1,1,1,0,1,0,0,1,1,0,0,0,0,1
Kost Singgahsini Tanjung Duren 46 Tipe B Grogol Petamburan Jakarta Barat,Jakarta Barat,Grogol Petamburan,0.00,2210000.00,4.80,10.00,16.00,Kos Campur,8.64,0,1,1,1,1,1,0,0,0,0,1,1,1,1,1,1,1,1,0,1,0,0,1,1,0,0,0,0,1
Kost Singgahsini Taska 33 Tipe A Kelapa Gading Jakarta Utara,Jakarta Utara,Kelapa Gading,0.00,1925000.00,4.90,63.00,78.00,Kos Campur,6.72,0,1,1,1,0,1,0,0,1,1,1,1,0,1,0,1,0,1,0,1,0,0,0,1,1,0,1,0,1
Kost Singgahsini Tawes 23 Rawamangun Tipe A Pulo Gadung Jakarta Timur,Jakarta Timur,Pulo Gadung,0.00,2257500.00,4.50,2.00,6.00,Kos Campur,11.20,0,1,1,1,1,1,1,1,0,1,1,1,1,1,1,1,0,1,0,0,0,0,1,1,1,0,0,0,1
Kost Singgahsini Tawes 23 Rawamangun Tipe B Pulo Gadung Jakarta Timur,Jakarta Timur,Pulo Gadung,1.00,2162500.00,4.80,3.00,5.00,Kos Campur,10.50,0,1,1,1,0,1,1,1,0,1,1,1,1,0,0,1,1,1,0,0,0,0,1,0,0,0,0,0,1
Kost Singgahsini Tebet Barat 11 Tipe B Jakarta Selatan,Jakarta Selatan,Tebet,0.00,1225000.00,4.90,7.00,19.00,Kos Putra,6.60,1,0,1,1,1,1,0,1,0,1,0,0,1,1,1,1,0,1,1,1,0,0,1,1,0,1,0,0,0
Kost Singgahsini Tebet Barat II Tipe B Tebet Jakarta Selatan,Jakarta Selatan,Tebet,0.00,2005000.00,4.60,5.00,10.00,Kos Putri,6.00,0,0,1,1,1,1,1,1,0,1,1,1,0,1,1,1,0,1,1,1,0,0,1,1,0,0,0,0,1
Kost Singgahsini Teduh Tebet Timur Tipe A Jakarta Selatan,Jakarta Selatan,Tebet,0.00,3135000.00,4.90,3.00,4.00,Kos Putra,32.00,0,1,1,0,0,1,1,1,0,1,1,1,1,1,1,1,1,1,1,1,0,0,1,0,0,0,0,0,1
Kost Singgahsini Teduh Tebet Timur Tipe B Jakarta Selatan,Jakarta Selatan,Tebet,0.00,2422500.00,4.60,2.00,4.00,Kos Putra,20.00,0,1,1,0,1,1,1,1,0,1,1,1,0,1,0,1,1,1,0,1,0,0,1,0,0,0,0,0,1
Kost Singgahsini Teduh Tebet Timur Tipe C Jakarta Selatan,Jakarta Selatan,Tebet,0.00,2130000.00,5.00,8.00,23.00,Kos Putra,12.25,0,0,1,0,1,1,1,1,0,1,1,1,0,1,0,1,1,1,0,1,0,0,1,0,0,0,0,0,1
Kost Singgahsini Tegal Parang Tipe A Mampang Prapatan Jakarta Selatan,Jakarta Selatan,Mampang Prapatan,0.00,3875000.00,0.00,0.00,0.00,Kos Putri,21.00,1,1,1,0,1,1,1,1,1,1,1,1,1,1,1,1,1,1,1,1,0,0,1,1,1,0,0,0,0
Kost Singgahsini Tegal Parang Tipe B Mampang Prapatan Jakarta Selatan,Jakarta Selatan,Mampang Prapatan,0.00,2875000.00,4.90,11.00,25.00,Kos Putri,8.96,1,1,1,0,0,1,1,0,0,0,1,1,1,1,1,1,1,0,0,0,0,0,1,1,0,0,0,0,0
Kost Singgahsini Tegal Parang Tipe C Mampang Prapatan Jakarta Selatan,Jakarta Selatan,Mampang Prapatan,0.00,2475000.00,4.80,3.00,6.00,Kos Putri,12.00,1,0,1,0,1,1,1,1,1,1,1,1,1,1,1,1,1,1,1,1,0,0,1,1,1,0,0,0,0
Kost Singgahsini The Casa Tipe B Tebet Jakarta Selatan,Jakarta Selatan,Tebet,0.00,2352500.00,4.50,13.00,34.00,Kos Putri,16.00,0,1,1,0,1,0,1,1,1,1,1,1,1,1,1,1,0,1,1,1,0,0,1,0,1,0,0,0,1
Kost Singgahsini The Hartonos Rawasari Tipe A Cempaka Putih Jakarta Pusat,Jakarta Pusat,Cempaka Putih,0.00,1805000.00,4.60,2.00,35.00,Kos Campur,12.80,0,1,1,1,1,1,1,0,0,0,1,1,0,1,1,1,1,1,1,1,0,0,1,1,1,0,0,0,1
Kost Singgahsini Theresia Tipe A Kelapa Gading Jakarta Utara,Jakarta Utara,Kelapa Gading,0.00,2125000.00,4.90,14.00,18.00,Kos Campur,9.00,1,1,1,1,0,1,1,0,0,1,0,1,0,1,1,1,1,1,1,1,0,0,0,1,1,0,0,0,1
Kost Singgahsini Theresia Tipe B Kelapa Gading Jakarta Utara,Jakarta Utara,Kelapa Gading,3.00,1945000.00,4.90,6.00,9.00,Kos Campur,7.50,1,1,1,1,0,1,1,0,0,1,0,1,0,1,1,1,1,1,1,1,0,0,0,1,1,0,0,0,1
Kost Singgahsini Theresia Tipe C Kelapa Gading Jakarta Utara,Jakarta Utara,Kelapa Gading,3.00,1751000.00,4.80,5.00,7.00,Kos Campur,6.25,1,0,1,1,0,1,1,0,0,1,0,1,0,1,0,1,0,1,1,1,0,0,0,1,0,0,0,0,1
Kost Singgahsini Tin Pisangan Baru Timur Tipe A Matraman Jakarta Timur,Jakarta Timur,Matraman,0.00,1545000.00,4.90,7.00,8.00,Kos Campur,6.25,1,1,1,0,1,1,1,0,0,1,1,1,0,1,1,0,0,1,0,0,0,0,0,0,0,0,0,0,1
Kost Singgahsini Tin Pisangan Baru Timur Tipe B Matraman Jakarta Timur,Jakarta Timur,Matraman,0.00,1129000.00,4.60,8.00,11.00,Kos Campur,6.25,1,1,1,0,1,1,1,0,0,1,1,0,0,1,0,0,0,1,0,0,0,1,0,0,0,0,0,0,1
Kost Singgahsini Tin Pisangan Baru Timur Tipe C Matraman Jakarta Timur,Jakarta Timur,Matraman,0.00,1037000.00,4.90,1.00,1.00,Kos Campur,6.25,1,0,1,0,1,1,1,0,0,1,1,0,0,1,0,0,0,1,0,0,0,1,0,0,0,0,0,0,1
Kost Singgahsini Tin Pisangan Baru Timur Tipe D Matraman Jakarta Timur,Jakarta Timur,Matraman,0.00,1640000.00,0.00,0.00,0.00,Kos Campur,12.00,1,1,1,0,1,1,0,0,0,1,1,1,0,1,1,0,0,1,0,0,0,0,0,0,0,0,0,0,1
Kost Singgahsini Tobasa 3 Tipe B Pulo Gadung Jakarta Timur,Jakarta Timur,Pulo Gadung,1.00,1710000.00,4.80,4.00,9.00,Kos Campur,10.80,1,1,1,1,1,1,0,1,1,0,1,1,0,1,1,1,0,1,1,1,1,0,0,0,0,0,1,0,1
Kost Singgahsini Tobasa 3 Tipe C Pulo Gadung Jakarta Timur,Jakarta Timur,Pulo Gadung,0.00,1620000.00,0.00,0.00,0.00,Kos Campur,10.80,0,1,1,1,1,1,0,1,1,0,1,1,0,1,0,1,0,1,1,1,1,0,1,0,0,0,1,0,1
Kost Singgahsini Tobasa 3 Tipe D Pulo Gadung Jakarta Timur,Jakarta Timur,Pulo Gadung,1.00,1530000.00,4.90,3.00,10.00,Kos Campur,12.92,1,1,1,1,1,1,0,1,1,0,1,1,0,1,1,1,0,1,1,1,1,0,1,0,0,0,1,0,1
Kost Singgahsini Tobasa 3 Tipe E Pulo Gadung Jakarta Timur,Jakarta Timur,Pulo Gadung,0.00,1350000.00,4.90,1.00,3.00,Kos Campur,10.80,0,1,1,1,1,1,0,1,1,0,1,1,0,1,0,1,0,1,1,1,1,0,1,0,0,0,1,0,1
Kost Singgahsini Tobasa 3 Tipe F Pulo Gadung Jakarta Timur,Jakarta Timur,Pulo Gadung,0.00,1440000.00,0.00,0.00,0.00,Kos Campur,10.80,1,1,1,1,1,1,0,1,1,0,1,1,0,1,0,1,0,1,1,1,1,0,1,1,0,0,1,0,1
Kost Singgahsini Torrycoffe Homes Tipe A Grogol Petamburan Jakarta Barat,Jakarta Barat,Grogol Petamburan,3.00,1925000.00,4.90,3.00,5.00,Kos Campur,6.60,0,0,1,1,1,1,0,0,0,0,1,1,0,1,1,1,0,1,0,1,0,0,1,1,0,0,0,0,1
Kost Singgahsini Tressa Tipe A Kelapa Gading Jakarta Utara,Jakarta Utara,Kelapa Gading,0.00,1807000.00,0.00,0.00,8.00,Kos Putri,10.50,0,1,1,1,1,1,0,1,1,1,1,1,0,1,1,1,1,1,1,1,1,0,1,0,1,0,1,0,1
Kost Singgahsini Triani 32 Tipe A Lenteng Agung Jakarta Selatan,Jakarta Selatan,Jagakarsa,1.00,1425000.00,4.80,35.00,81.00,Kos Putri,9.00,0,1,1,1,1,1,0,0,0,0,0,1,0,1,0,1,0,1,0,1,1,0,0,0,0,0,0,0,1
Kost Singgahsini Trimur Tanjung Duren Tipe A Grogol Petamburan Jakarta Barat,Jakarta Barat,Grogol Petamburan,0.00,1727000.00,5.00,2.00,8.00,Kos Campur,8.00,0,1,1,1,0,1,0,1,0,0,1,1,0,1,1,1,1,1,1,1,0,0,1,0,0,0,0,0,1
Kost Singgahsini Trimur Tanjung Duren Tipe B Grogol Petamburan Jakarta Barat,Jakarta Barat,Grogol Petamburan,2.00,1681000.00,4.50,5.00,21.00,Kos Campur,8.00,0,1,1,1,1,1,0,1,0,0,1,1,0,0,1,1,0,1,1,1,0,0,1,0,0,0,0,0,1
Kost Singgahsini Tutul 402 Pondok Bambu Tipe A Duren Sawit Jakarta Timur,Jakarta Timur,Duren Sawit,1.00,1875000.00,4.00,1.00,4.00,Kos Putri,16.00,0,1,1,1,1,1,0,0,0,1,1,1,0,1,1,1,0,1,1,1,1,0,1,0,0,0,0,0,0
Kost Singgahsini Tutul 402 Pondok Bambu Tipe A Duren Sawit Jakarta Timur,Jakarta Timur,Duren Sawit,1.00,1875000.00,4.00,1.00,4.00,Kos Putri,16.00,0,1,1,1,1,1,0,0,0,1,1,1,0,1,1,1,0,1,1,1,1,0,1,0,0,0,0,0,0
Kost Singgahsini Tutul 402 Pondok Bambu Tipe A Duren Sawit Jakarta Timur,Jakarta Timur,Duren Sawit,1.00,1875000.00,4.00,1.00,4.00,Kos Putri,16.00,0,1,1,1,1,1,0,0,0,1,1,1,0,1,1,1,0,1,1,1,1,0,1,0,0,0,0,0,0
Kost Singgahsini Tutul 402 Pondok Bambu Tipe A Duren Sawit Jakarta Timur,Jakarta Timur,Duren Sawit,1.00,1875000.00,4.00,1.00,4.00,Kos Putri,16.00,0,1,1,1,1,1,0,0,0,1,1,1,0,1,1,1,0,1,1,1,1,0,1,0,0,0,0,0,0
Kost Singgahsini Tutul 402 Pondok Bambu Tipe B Duren Sawit Jakarta Timur,Jakarta Timur,Duren Sawit,1.00,1775000.00,4.90,7.00,10.00,Kos Putri,10.50,0,1,1,1,1,1,0,0,0,1,1,1,0,1,1,1,0,1,1,1,1,0,1,0,0,0,0,0,0
Kost Singgahsini Tutul 402 Pondok Bambu Tipe C Duren Sawit Jakarta Timur,Jakarta Timur,Duren Sawit,1.00,1675000.00,4.90,11.00,25.00,Kos Putri,9.00,0,1,1,1,1,1,0,0,0,1,1,1,0,1,1,1,0,1,1,1,1,0,1,0,0,0,0,0,0
Kost Singgahsini Ulujami 5 Tipe A Pesanggrahan Jakarta Selatan,Jakarta Selatan,Pesanggrahan,1.00,2162500.00,4.80,15.00,35.00,Kos Putri,12.00,0,1,1,1,1,1,1,1,0,1,1,1,0,1,1,1,0,1,1,1,1,0,1,0,0,1,0,0,1
Kost Singgahsini Ummi Residence Tipe C Pasar Minggu Jakarta Selatan,Jakarta Selatan,Pasar Minggu,0.00,3150000.00,4.90,11.00,24.00,Kos Campur,17.28,0,1,1,0,1,1,1,1,1,1,1,1,1,1,1,1,1,1,1,1,1,0,1,1,1,0,1,0,1
Kost Singgahsini Ummi Residence Tipe D Pasar Minggu Jakarta Selatan,Jakarta Selatan,Pasar Minggu,0.00,2755000.00,4.90,10.00,11.00,Kos Campur,15.20,0,1,1,0,0,1,1,1,1,1,1,1,1,1,1,1,1,1,1,1,1,0,1,1,1,0,1,0,1
Kost Singgahsini UNTAR S Parman Tipe A Tomang Jakarta Barat,Jakarta Barat,Grogol Petamburan,3.00,2900000.00,4.40,6.00,14.00,Kos Campur,9.00,0,1,1,0,1,1,1,1,0,0,1,1,1,1,0,1,0,1,0,1,1,0,1,0,1,0,0,0,1
Kost Singgahsini UNTAR S Parman Tipe B Tomang Jakarta Barat,Jakarta Barat,Grogol Petamburan,0.00,2400000.00,4.60,109.00,224.00,Kos Campur,12.00,0,1,1,0,1,1,1,1,0,0,1,1,1,1,0,1,0,1,1,1,1,0,1,1,1,0,0,0,1
Kost Singgahsini Vanela 15 Tipe A Menteng Jakarta Pusat,Jakarta Pusat,Menteng,0.00,3205000.00,4.80,13.00,21.00,Kos Campur,10.50,0,1,1,1,1,1,1,0,1,1,1,1,1,1,0,1,1,1,1,1,1,0,1,0,1,0,0,0,0
Kost Singgahsini Vanela 15 Tipe B Menteng Jakarta Pusat,Jakarta Pusat,Menteng,1.00,3095000.00,4.60,39.00,63.00,Kos Campur,10.50,0,1,1,1,1,1,1,0,1,1,1,1,1,1,0,1,1,1,1,1,1,0,1,0,1,0,0,0,0
Kost Singgahsini Vanela 15 Tipe C Menteng Jakarta Pusat,Jakarta Pusat,Menteng,0.00,2875000.00,4.60,16.00,36.00,Kos Campur,10.50,0,1,1,1,1,1,1,0,1,1,1,1,1,1,0,1,1,1,1,1,1,0,1,0,1,0,0,0,0
Kost Singgahsini Vanela 8 Benhil Tipe A Tanah Abang Jakarta Pusat,Jakarta Pusat,Tanah Abang,0.00,2722500.00,4.60,19.00,27.00,Kos Campur,9.00,0,1,1,1,1,1,0,1,0,0,1,1,0,1,1,1,1,1,1,1,1,0,1,1,0,0,0,0,1
Kost Singgahsini Vanela 8 Benhil Tipe B Tanah Abang Jakarta Pusat,Jakarta Pusat,Tanah Abang,0.00,2610000.00,4.60,20.00,39.00,Kos Campur,7.50,0,1,1,1,1,1,0,1,0,0,1,1,0,1,1,1,1,1,1,1,1,0,1,1,0,0,0,0,1
Kost Singgahsini Vanela 8 Benhil Tipe C Tanah Abang Jakarta Pusat,Jakarta Pusat,Tanah Abang,1.00,2295000.00,4.60,4.00,6.00,Kos Campur,6.25,0,1,1,1,1,1,0,1,0,0,1,1,0,1,1,1,1,1,1,1,1,0,1,1,0,0,0,0,1
Kost Singgahsini Victory Tipe A Kelapa Gading Jakarta Utara,Jakarta Utara,Kelapa Gading,1.00,2300000.00,0.00,0.00,4.00,Kos Putri,10.24,0,1,1,1,1,1,1,1,0,1,1,1,0,1,1,1,1,1,1,1,1,0,1,0,0,0,0,0,1
Kost Singgahsini Victory Tipe B Kelapa Gading Jakarta Utara,Jakarta Utara,Kelapa Gading,0.00,2116000.00,0.00,0.00,2.00,Kos Putri,10.24,0,1,1,1,1,1,1,1,0,1,1,1,0,1,1,1,1,1,1,1,1,0,1,0,0,0,0,0,1
Kost Singgahsini W One Kebon Kacang Tipe B Tanah Abang Jakarta Pusat,Jakarta Pusat,Tanah Abang,0.00,2969000.00,0.00,0.00,0.00,Kos Campur,12.60,0,1,1,1,1,1,0,1,0,0,1,1,1,1,1,1,1,1,1,0,1,0,1,0,1,0,0,0,1
Kost Singgahsini W One Pasar Baru Tipe B Sawah Besar Jakarta Pusat,Jakarta Pusat,Sawah Besar,0.00,2693000.00,4.40,1.00,1.00,Kos Campur,12.00,0,1,1,1,1,1,0,1,0,1,0,1,1,1,0,1,1,1,1,1,0,0,0,0,0,0,0,0,1
Kost Singgahsini W Residence Tipe B Taman Sari Jakarta Barat,Jakarta Barat,Taman Sari,0.00,1975000.00,4.60,19.00,42.00,Kos Campur,10.35,1,1,1,1,0,1,1,1,0,0,1,1,1,1,0,1,1,1,1,1,0,0,1,0,1,0,0,0,1
Kost Singgahsini Warna Warni Mangga Besar Tipe A Taman Sari Jakarta Barat,Jakarta Barat,Taman Sari,0.00,2685000.00,4.40,4.00,11.00,Kos Campur,21.83,0,1,1,1,1,1,1,0,0,1,1,1,0,1,1,1,1,1,0,0,0,0,1,1,1,0,0,0,1
Kost Singgahsini Warna Warni Mangga Besar Tipe D Taman Sari Jakarta Barat,Jakarta Barat,Taman Sari,2.00,2115000.00,4.80,7.00,21.00,Kos Campur,6.16,0,1,1,1,1,1,1,0,0,1,1,1,0,1,1,1,1,1,0,0,0,0,1,1,1,0,0,0,1
Kost Singgahsini Waru 15A Tipe A Pasar Rebo Jakarta Timur,Jakarta Timur,Pasar Rebo,2.00,1497000.00,4.80,30.00,49.00,Kos Putri,9.00,0,0,0,0,0,0,0,0,0,0,0,0,0,0,0,0,0,0,0,0,0,0,0,0,0,0,0,0,1
Kost Singgahsini White House Tipe A Mampang Prapatan Jakarta Selatan,Jakarta Selatan,Mampang Prapatan,0.00,2605000.00,4.60,11.00,19.00,Kos Putri,9.00,0,1,1,0,0,1,1,1,1,0,1,1,0,1,0,1,0,1,1,1,1,0,1,1,1,0,0,0,1
Kost Singgahsini White House Tipe B Mampang Prapatan Jakarta Selatan,Jakarta Selatan,Mampang Prapatan,0.00,2582600.00,4.60,19.00,33.00,Kos Putri,10.50,1,1,1,0,1,1,1,1,1,0,1,1,0,1,0,1,0,1,1,1,1,0,1,1,1,0,0,0,1
Kost Singgahsini Widuri Bendungan Hilir Tipe A Tanah Abang Jakarta Pusat,Jakarta Pusat,Tanah Abang,0.00,2525000.00,4.60,44.00,57.00,Kos Putri,12.50,0,1,1,1,1,1,1,1,1,1,1,1,0,1,0,1,0,1,1,1,1,0,1,1,0,1,1,0,0
Kost Singgahsini Widuri Bendungan Hilir Tipe B Tanah Abang Jakarta Pusat,Jakarta Pusat,Tanah Abang,1.00,2075000.00,4.80,24.00,38.00,Kos Putri,12.00,0,0,1,1,1,1,1,1,1,1,1,1,0,1,0,1,0,1,1,1,1,0,1,1,0,0,0,0,1
Kost Singgahsini Wisma KS23 Tipe B Setiabudi Jakarta Selatan,Jakarta Selatan,Setia Budi,0.00,2825000.00,4.50,72.00,140.00,Kos Campur,16.00,0,1,1,1,0,1,1,1,1,1,1,1,0,0,0,1,1,1,0,1,0,0,1,0,1,0,1,0,1
Kost Singgahsini Yulimar Petamburan 5 Tipe A Tanah Abang Jakarta Pusat,Jakarta Pusat,Tanah Abang,0.00,1307500.00,4.90,12.00,20.00,Kos Putri,7.50,0,0,1,1,1,1,0,1,1,1,0,1,1,1,1,0,0,1,1,1,0,0,0,1,0,1,0,0,1
Kost Singgahsini Zakiah Kelapa Hijau Tipe A Duren Sawit Jakarta Timur,Jakarta Timur,Duren Sawit,0.00,1925000.00,5.00,1.00,2.00,Kos Putri,9.00,0,0,0,0,0,0,0,0,0,0,0,0,0,0,0,0,0,0,0,0,0,0,0,0,0,0,0,0,1
Kost Singgahsini Zebra Kemang Tipe A Mampang Prapatan Jakarta Selatan,Jakarta Selatan,Mampang Prapatan,0.00,2005000.00,4.80,32.00,63.00,Kos Campur,20.00,0,1,1,1,1,1,1,0,0,1,0,1,0,1,1,1,0,1,0,1,0,0,0,1,0,0,0,0,1
Kost Sister Tipe A Pulo Gadung Jakarta Timur,Jakarta Timur,Pulo Gadung,0.00,1200000.00,0.00,0.00,0.00,Kos Putri,12.00,1,0,1,0,1,1,0,1,0,1,1,0,0,1,1,0,0,1,1,1,0,0,1,0,0,0,0,1,0
Kost Siti Marwah AC Pulo Gadung Jakarta Timur,Jakarta Timur,Pulo Gadung,1.00,1200000.00,0.00,0.00,0.00,Kos Putri,8.00,1,0,1,1,1,1,0,1,1,1,1,1,0,1,1,0,0,1,1,1,0,0,1,1,0,0,0,1,0
Kost StayZone Sunter Agung Tipe B Tanjung Priok Jakarta Utara,Jakarta Utara,Tanjung Priok,1.00,1900000.00,5.00,5.00,9.00,Kos Campur,8.25,0,1,1,1,1,1,1,1,1,1,1,1,0,1,1,1,0,1,1,1,1,0,1,1,0,0,0,0,0
Kost Studio Residence VVIP Koja Jakarta Utara,Jakarta Utara,Koja,2.00,2000000.00,0.00,0.00,0.00,Kos Campur,12.00,0,1,1,1,1,1,0,1,0,0,1,1,1,1,1,1,1,1,1,1,1,0,1,0,0,1,0,0,0
Kost Sun Kostel Duren Sawit Jakarta Timur,Jakarta Timur,Duren Sawit,2.00,1800000.00,0.00,0.00,0.00,Kos Campur,18.00,0,1,0,0,1,1,0,0,1,1,1,1,1,1,0,0,0,0,0,0,0,1,1,0,1,0,0,0,0
Kost Sun Kostel Duren Sawit Jakarta Timur,Jakarta Timur,Duren Sawit,2.00,1800000.00,0.00,0.00,0.00,Kos Campur,18.00,0,1,0,0,1,1,0,0,1,1,1,1,1,1,0,0,0,0,0,0,0,1,1,0,1,0,0,0,0
Kost Sun Kostel Duren Sawit Jakarta Timur,Jakarta Timur,Duren Sawit,2.00,1800000.00,0.00,0.00,0.00,Kos Campur,18.00,0,1,0,0,1,1,0,0,1,1,1,1,1,1,0,0,0,0,0,0,0,1,1,0,1,0,0,0,0
Kost Sun Kostel Duren Sawit Jakarta Timur,Jakarta Timur,Duren Sawit,2.00,1800000.00,0.00,0.00,0.00,Kos Campur,18.00,0,1,0,0,1,1,0,0,1,1,1,1,1,1,0,0,0,0,0,0,0,1,1,0,1,0,0,0,0
Kost Sun Kostel Duren Sawit Jakarta Timur,Jakarta Timur,Duren Sawit,2.00,1800000.00,0.00,0.00,0.00,Kos Campur,18.00,0,1,0,0,1,1,0,0,1,1,1,1,1,1,0,0,0,0,0,0,0,1,1,0,1,0,0,0,0
Kost Sunter Indah Raya VIP Tanjung Priok Jakarta Utara,Jakarta Utara,Tanjung Priok,3.00,2500000.00,0.00,0.00,1.00,Kos Campur,12.00,0,1,1,1,1,1,1,1,0,0,0,1,1,1,1,1,1,1,0,0,1,0,0,0,1,0,0,0,0
Kost Sunter Jaya 12 Tipe Standart Tanjung Priok Jakarta Utara,Jakarta Utara,Tanjung Priok,0.00,2450000.00,0.00,0.00,7.00,Kos Campur,12.00,0,1,1,1,1,1,1,1,1,1,1,1,0,1,1,1,1,1,1,0,1,0,0,0,1,0,1,0,0
Kost Sunter Karya Bianca Tipe A Tanjung Priok Jakarta Utara,Jakarta Utara,Tanjung Priok,1.00,1650000.00,0.00,0.00,0.00,Kos Campur,12.00,0,0,1,0,1,1,0,0,0,0,1,1,0,0,1,1,0,0,0,1,0,0,1,1,0,0,0,0,1
Kost Swasembada Tipe A Tanjung Priok Jakarta Utara,Jakarta Utara,Tanjung Priok,0.00,950000.00,0.00,0.00,0.00,Kos Campur,12.50,1,1,0,0,0,1,0,1,0,1,0,0,0,1,0,0,0,1,0,1,0,1,0,0,0,1,0,0,0
Kost Taman Surya Palem Lestari Cengkareng Kalideres Jakarta Barat,Jakarta Barat,Kalideres,2.00,1400000.00,0.00,0.00,15.00,Kos Campur,9.00,0,0,1,1,0,1,0,1,1,1,1,1,0,1,1,1,0,1,1,1,0,0,1,1,0,0,0,0,0
Kost Tanjung Duren Avela Residence Grogol Petamburan Jakarta Barat,Jakarta Barat,Grogol Petamburan,0.00,2200000.00,0.00,0.00,2.00,Kos Campur,9.00,0,1,1,1,1,1,0,1,1,1,1,1,1,1,1,1,1,1,1,1,0,0,0,1,0,0,0,0,1
Kost Tanjung Priok Jakarta Utara,Jakarta Utara,Tanjung Priok,3.00,1500000.00,0.00,0.00,1.00,Kos Campur,12.00,0,1,0,1,0,1,0,0,0,0,0,1,0,0,0,1,0,1,0,0,0,0,0,0,0,1,0,0,1
Kost Tapas 25 VIP Blue Penjaringan Jakarta Utara,Jakarta Utara,Penjaringan,2.00,1650000.00,0.00,0.00,1.00,Kos Putri,12.00,0,1,1,1,1,1,0,0,0,1,0,1,0,1,1,1,0,1,0,0,0,0,0,1,1,0,0,0,0
Kost Tawakal Premier Home Tipe A Grogol Petamburan Jakarta Barat,Jakarta Barat,Grogol Petamburan,3.00,3000000.00,0.00,0.00,0.00,Kos Campur,9.00,0,1,1,1,1,1,0,1,1,0,1,1,1,1,1,1,0,1,1,1,0,0,1,0,0,0,1,0,0
Kost Tawakal Premier Home Tipe B Grogol Petamburan Jakarta Barat,Jakarta Barat,Grogol Petamburan,0.00,2500000.00,0.00,0.00,5.00,Kos Campur,9.00,0,1,1,1,1,1,1,1,1,1,1,1,1,1,1,1,0,1,1,1,0,0,1,0,0,0,1,0,0
Kost Tawes Residence Tipe Executive Pulo Gadung Jakarta Timur,Jakarta Timur,Pulo Gadung,1.00,3300000.00,5.00,3.00,0.00,Kos Campur,16.00,1,1,1,1,1,1,1,1,1,1,1,1,1,0,0,1,1,1,1,0,0,0,1,0,1,0,1,0,0
Kost Teman Residence 2 Koja Jakarta Utara,Jakarta Utara,Koja,1.00,1700000.00,0.00,0.00,0.00,Kos Campur,21.00,0,1,0,0,1,1,0,1,0,0,0,0,0,0,0,1,0,0,0,0,0,0,0,0,0,0,0,0,1
Kost Tembok 8 Tipe AC 1 Menteng Jakarta Pusat,Jakarta Pusat,Menteng,0.00,1850000.00,0.00,0.00,0.00,Kos Putri,9.00,1,0,0,1,1,0,0,0,1,1,1,1,0,1,1,1,0,1,0,1,0,0,1,0,0,1,0,0,0
Kost Tenggiri 3R Tipe B Tanjung Priok Jakarta Utara,Jakarta Utara,Tanjung Priok,2.00,1300000.00,0.00,0.00,1.00,Kos Campur,9.00,0,1,1,1,0,1,0,1,0,0,0,1,1,1,0,1,0,1,1,1,1,1,0,0,0,1,0,0,0
Kost The Gading Residence Kelapa Gading Jakarta Utara,Jakarta Utara,Kelapa Gading,1.00,1850000.00,0.00,0.00,0.00,Kos Campur,5.50,0,0,1,0,1,1,1,1,1,1,0,1,0,1,0,1,0,1,1,1,1,0,0,1,1,0,0,0,1
Kost The Legacy Residence Pondok Indah Syariah Kebayoran Lama Jakarta Selatan,Jakarta Selatan,Kebayoran Lama,0.00,3850000.00,0.00,0.00,0.00,Kos Campur,17.50,0,1,1,1,1,1,1,1,1,1,1,1,1,1,1,1,1,1,0,1,1,0,0,1,1,0,0,0,1
Kost The Mansions Tipe B 1 Kelapa Gading Jakarta Utara,Jakarta Utara,Kelapa Gading,0.00,1850000.00,3.60,2.00,21.00,Kos Campur,9.00,0,1,1,1,0,1,0,1,1,1,1,1,1,1,0,1,1,1,1,1,1,0,1,0,0,0,1,0,1
Kost Tiara Tipe A1 Koja Jakarta Utara,Jakarta Utara,Koja,0.00,1600000.00,0.00,0.00,0.00,Kos Campur,12.00,0,1,0,1,1,1,0,1,0,1,1,1,0,1,1,0,0,1,1,0,0,0,1,0,0,1,0,0,1
Kost Tiara Tipe B1 Koja Jakarta Utara,Jakarta Utara,Koja,1.00,1600000.00,0.00,0.00,1.00,Kos Campur,20.00,0,1,0,1,1,0,0,1,1,1,1,1,0,1,1,0,0,1,1,0,0,0,1,0,0,1,0,0,1
Kost Tresidence Kramatjati Jakarta Timur,Jakarta Timur,Kramat Jati,1.00,2400000.00,0.00,0.00,0.00,Kos Campur,21.00,0,1,1,1,1,1,1,0,1,1,1,1,1,0,1,1,1,1,0,0,0,0,1,0,1,0,0,0,0
Kost Tri Irianto 1 Pulo Gadung Jakarta Timur,Jakarta Timur,Pulo Gadung,0.00,1000000.00,0.00,0.00,0.00,Kos Campur,12.00,0,1,0,0,1,1,0,0,0,0,1,0,1,0,0,1,0,1,1,1,0,1,1,1,0,1,0,0,0
Kost Tri Irianto 1 Pulo Gadung Jakarta Timur,Jakarta Timur,Pulo Gadung,0.00,1000000.00,0.00,0.00,0.00,Kos Campur,12.00,0,1,0,0,1,1,0,0,0,0,1,0,1,0,0,1,0,1,1,1,0,1,1,1,0,1,0,0,0
Kost Tri Irianto 1 Pulo Gadung Jakarta Timur,Jakarta Timur,Pulo Gadung,0.00,1000000.00,0.00,0.00,0.00,Kos Campur,12.00,0,1,0,0,1,1,0,0,0,0,1,0,1,0,0,1,0,1,1,1,0,1,1,1,0,1,0,0,0
Kost Tri Irianto 1 Pulo Gadung Jakarta Timur,Jakarta Timur,Pulo Gadung,0.00,1000000.00,0.00,0.00,0.00,Kos Campur,12.00,0,1,0,0,1,1,0,0,0,0,1,0,1,0,0,1,0,1,1,1,0,1,1,1,0,1,0,0,0
Kost Tri Irianto 1 Pulo Gadung Jakarta Timur,Jakarta Timur,Pulo Gadung,0.00,1000000.00,0.00,0.00,0.00,Kos Campur,12.00,0,1,0,0,1,1,0,0,0,0,1,0,1,0,0,1,0,1,1,1,0,1,1,1,0,1,0,0,0
Kost Tri Tipe B Matraman Jakarta Timur,Jakarta Timur,Matraman,0.00,1400000.00,5.00,6.00,20.00,Kos Putra,12.00,1,1,0,0,0,0,0,1,1,1,0,1,0,0,0,0,0,0,0,1,0,0,1,0,0,0,0,1,0
Kost Trust Living Tipe A Grogol Petamburan Jakarta Barat,Jakarta Barat,Grogol Petamburan,2.00,2300000.00,0.00,0.00,0.00,Kos Campur,9.00,0,1,1,1,1,1,0,0,1,1,1,1,1,0,1,1,1,1,1,1,1,0,0,0,1,0,0,0,1
Kost Turbo Space VIP Suite Duren Sawit Jakarta Timur,Jakarta Timur,Duren Sawit,1.00,3000000.00,0.00,0.00,5.00,Kos Campur,40.00,0,1,1,1,1,1,1,1,1,0,1,1,1,1,1,1,1,1,1,1,1,0,0,1,1,0,0,0,0
Kost Unicorn Residence Suite Kembangan Jakarta Barat,Jakarta Barat,Kembangan,3.00,3050000.00,5.00,2.00,2.00,Kos Campur,28.00,0,1,1,1,1,1,1,1,1,1,1,1,1,1,1,1,1,1,1,1,1,0,0,0,1,0,1,0,0
Kost Valencia Jaya 9 Grogol Petamburan Jakarta Barat,Jakarta Barat,Grogol Petamburan,0.00,775000.00,3.40,21.00,15.00,Kos Campur,9.00,0,0,0,0,0,1,0,0,1,1,0,1,0,0,0,0,0,1,0,0,0,0,0,0,0,1,0,0,0
Kost Valencia Jaya Tipe B Grogol Petamburan Jakarta Barat,Jakarta Barat,Grogol Petamburan,0.00,775000.00,3.60,21.00,5.00,Kos Campur,9.00,0,0,0,0,0,1,0,0,1,1,0,1,0,0,0,0,0,1,0,0,0,0,0,0,0,1,0,0,0
Kost Valentina Tipe Silver Tanjung Priok Jakarta Utara,Jakarta Utara,Tanjung Priok,0.00,1100000.00,3.90,1.00,6.00,Kos Campur,9.00,0,0,1,1,1,1,0,1,1,1,1,1,0,1,1,1,0,1,1,1,1,0,0,1,0,1,1,0,1
Kost Venice Tipe A Taman Sari Jakarta Barat,Jakarta Barat,Taman Sari,1.00,1850000.00,0.00,0.00,0.00,Kos Campur,8.80,0,1,0,1,1,1,0,1,1,0,0,1,0,1,1,1,1,1,1,1,1,0,0,1,0,0,0,0,1
Kost Vimala VVIP Cengkareng Jakarta Barat,Jakarta Barat,Cengkareng,1.00,2000000.00,0.00,0.00,0.00,Kos Campur,13.50,0,1,1,1,1,1,0,1,0,0,1,1,1,1,1,1,1,1,1,1,1,0,1,0,1,0,0,0,0
Kost Vinn Room 1 Lux Kelapa Gading Jakarta Utara,Jakarta Utara,Kelapa Gading,0.00,1499999.00,5.00,4.00,3.00,Kos Campur,12.00,0,0,1,0,1,1,1,1,1,1,1,1,0,1,1,1,0,1,1,1,0,0,1,1,1,0,0,0,0
Kost Walank Dcost Koja Jakarta Utara,Jakarta Utara,Koja,0.00,2500000.00,0.00,0.00,0.00,Kos Campur,17.50,0,1,1,1,1,1,1,1,1,1,1,1,1,1,1,1,1,1,1,1,0,0,0,0,0,1,0,0,0
Kost Wijaya Kusuma Non AC Tebet Jakarta Selatan,Jakarta Selatan,Tebet,1.00,1200000.00,0.00,0.00,1.00,Kos Putri,12.00,0,1,1,1,1,1,0,0,0,1,0,1,0,1,0,0,0,1,0,1,0,1,0,1,0,0,0,0,0
Kost Wimala Suites Co Living Tipe Deluxe Plus Taman Sari Jakarta Barat,Jakarta Barat,Taman Sari,2.00,3600000.00,4.50,1.00,19.00,Kos Campur,16.00,0,1,1,1,1,1,0,1,1,1,1,1,1,1,1,1,1,1,1,1,0,0,0,0,1,0,0,0,0
Kost Wimala Suites Co Living Tipe Deluxe Taman Sari Jakarta Barat,Jakarta Barat,Taman Sari,2.00,3500000.00,5.00,2.00,19.00,Kos Campur,16.00,0,1,1,1,1,1,0,1,1,1,1,1,1,1,1,1,1,1,1,1,0,0,0,0,1,0,0,0,1
Kost Wimala Suites Co Living Tipe Royal Plus Taman Sari Jakarta Barat,Jakarta Barat,Taman Sari,2.00,3100000.00,4.90,1.00,14.00,Kos Campur,12.00,0,1,1,1,1,1,0,1,1,1,1,1,1,1,1,1,1,1,1,1,0,0,0,1,1,0,0,0,0
Kost Wisma Pertenunan Senayan Kebayoran Lama Jakarta Selatan,Jakarta Selatan,Kebayoran Lama,2.00,6800000.00,0.00,0.00,2.00,Kos Campur,25.00,1,1,1,1,1,1,1,1,1,0,1,1,1,0,0,1,1,1,1,1,1,0,1,0,1,0,0,0,0
Kost WM Tipe A Cakung Jakarta Timur,Jakarta Timur,Cakung,0.00,1100000.00,5.00,1.00,12.00,Kos Campur,9.00,1,0,1,1,1,1,0,0,1,1,0,0,0,1,0,1,0,0,0,0,0,1,0,0,0,1,0,0,0
Kost Wynn Sunter Tipe 1 Tanjung Priok Jakarta Utara,Jakarta Utara,Tanjung Priok,0.00,1400000.00,0.00,0.00,11.00,Kos Campur,6.00,0,1,1,1,1,1,0,0,1,1,0,1,0,1,1,1,0,1,1,1,1,0,0,0,1,0,1,0,1
Kost Yasin Tipe A Kebon Jeruk Jakarta Barat,Jakarta Barat,Kebon Jeruk,3.00,700000.00,0.00,0.00,0.00,Kos Campur,12.00,1,1,0,0,1,1,0,1,1,1,0,0,0,1,0,0,0,1,0,0,0,1,0,1,0,1,0,1,0
Kost Yudi Residence Tipe A Tanjung Priok Jakarta Utara,Jakarta Utara,Tanjung Priok,0.00,2500000.00,0.00,0.00,2.00,Kos Campur,9.00,0,1,1,1,1,1,0,1,1,1,1,1,1,0,0,1,0,1,1,1,0,1,1,0,1,0,0,0,1
Kost Yudi Residence Tipe A Tanjung Priok Jakarta Utara,Jakarta Utara,Tanjung Priok,0.00,2500000.00,0.00,0.00,2.00,Kos Campur,9.00,0,1,1,1,1,1,0,1,1,1,1,1,1,0,0,1,0,1,1,1,0,1,1,0,1,0,0,0,1
Kost Yudi Residence Tipe C Tanjung Priok Jakarta Utara,Jakarta Utara,Tanjung Priok,0.00,1800000.00,0.00,0.00,2.00,Kos Campur,9.00,1,1,1,1,1,1,0,1,1,1,0,1,1,1,1,1,0,0,1,1,0,1,0,1,0,0,0,0,1
Kost Yume Home Executive Kali Deres Jakarta Barat,Jakarta Barat,Kali Deres,1.00,2100000.00,5.00,1.00,1.00,Kos Campur,12.00,0,1,1,1,1,1,0,1,1,1,0,1,1,1,0,1,1,1,1,1,0,0,1,1,0,0,1,0,0
Rumah Kontrakan Komplek Sunter Jaya Baru Tanjung Priok Jakarta Utara,Jakarta Utara,Tanjung Priok,1.00,4600000.00,0.00,0.00,0.00,Kos Campur,12.00,0,1,1,0,1,1,1,1,1,1,0,0,0,0,0,0,0,0,0,1,0,0,0,0,0,0,0,1,0
