region,location,room_availability_bs,price,rating,rating_count,transaction_count,tipe_kos,room_area,is_electricity,is_kamar_mandi_dalam,is_kloset_duduk,fac_keamanan,fac_sirkulasi_udara,fac_parkir_motor,fac_parkir_mobil,fac_ruang_bersama,fac_layanan_kebersihan,fac_area_jemur,is_full_furnished,fac_ac,fac_tv,fac_bantal,fac_cermin,fac_shower,fac_air_panas,fac_wifi,fac_kulkas,fac_dapur,fac_dispenser,fac_kipas_angin,fac_kursi,fac_guling,fac_wastafel,fac_ember_mandi,fac_mesin_cuci,fac_bak_mandi,is_discount
Jakarta Barat,Palmerah,1.0,3100000.0,0.0,0.0,0.0,Kos Campur,12.0,0,1,1,1,1,1,0,1,1,1,1,1,1,1,1,1,1,1,1,1,1,0,0,0,0,0,0,0,1
Jakarta Utara,Tanjung Priok,0.0,700000.0,0.0,0.0,0.0,Kos Putra,9.0,1,0,0,1,1,0,0,0,1,1,1,0,0,1,1,0,0,0,1,1,0,1,0,0,0,0,0,0,0
Jakarta Selatan,Kebayoran Baru,0.0,3500000.0,4.0,5.0,22.0,Kos Campur,15.0,0,1,1,1,0,1,0,1,1,1,1,1,1,1,1,1,1,1,1,1,1,0,1,1,1,0,0,0,0
Jakarta Selatan,Kebayoran Baru,0.0,3800000.0,0.0,0.0,13.0,Kos Campur,16.0,0,1,0,1,1,1,0,0,0,0,0,1,1,1,1,1,1,1,1,1,1,0,0,1,1,0,0,0,1
Jakarta Selatan,Cilandak,0.0,4000000.0,3.6,1.0,12.0,Kos Campur,27.599999999999998,0,1,1,1,1,1,1,1,1,1,1,1,1,1,1,1,1,1,1,1,1,0,0,1,1,0,0,0,1
Jakarta Utara,Kecamatan Tanjung Priok,0.0,3500000.0,0.0,0.0,0.0,Kos Campur,20.0,0,1,1,1,1,1,0,1,0,0,1,1,1,1,1,1,1,1,1,1,1,0,0,0,1,0,0,0,0
Jakarta Utara,Kecamatan Tanjung Priok,0.0,2200000.0,5.0,1.0,2.0,Kos Campur,12.0,0,1,1,1,1,1,0,1,0,0,1,1,0,1,1,1,0,1,1,1,1,0,1,1,1,0,0,0,0
Jakarta Utara,Penjaringan,3.0,800000.0,0.0,0.0,0.0,Kos Campur,6.0,1,0,0,0,0,0,0,0,0,0,0,0,0,0,0,0,0,0,0,0,0,1,0,0,0,1,0,0,0
Jakarta Barat,Grogol Petamburan,2.0,2180000.0,4.6,31.0,81.0,Kos Campur,8.0,0,1,1,1,0,1,0,1,1,1,1,1,0,1,1,1,1,1,1,1,1,0,1,1,1,1,0,0,1
Jakarta Barat,Kebon Jeruk,1.0,880000.0,0.0,0.0,0.0,Kos Putri,12.0,0,1,0,0,0,1,0,1,0,1,0,0,0,0,0,0,0,1,0,1,0,1,0,0,0,1,0,0,0
Jakarta Utara,Tanjung Priok,1.0,1600000.0,0.0,0.0,4.0,Kos Putri,12.0,0,1,1,1,1,1,0,1,1,1,1,1,0,0,0,1,0,1,1,0,0,0,0,0,0,0,1,0,0
Jakarta Utara,Tanjung Priok,2.0,1450000.0,0.0,0.0,0.0,Kos Campur,12.0,1,0,0,0,0,1,1,1,0,0,0,1,0,0,0,1,0,0,1,1,0,0,0,0,0,1,0,0,1
Jakarta Timur,Cipayung,2.0,1400000.0,0.0,0.0,1.0,Kos Putri,12.0,0,1,0,0,0,1,0,0,1,1,1,1,0,0,0,0,0,0,0,0,0,0,1,0,0,0,0,0,0
Jakarta Timur,Cipayung,2.0,1400000.0,0.0,0.0,1.0,Kos Putri,12.0,0,1,0,0,0,1,0,0,1,1,1,1,0,0,0,0,0,0,0,0,0,0,1,0,0,0,0,0,0
Jakarta Timur,Cipayung,2.0,1400000.0,0.0,0.0,1.0,Kos Putri,12.0,0,1,0,0,0,1,0,0,1,1,1,1,0,0,0,0,0,0,0,0,0,0,1,0,0,0,0,0,0
Jakarta Timur,Cipayung,2.0,1400000.0,0.0,0.0,1.0,Kos Putri,12.0,0,1,0,0,0,1,0,0,1,1,1,1,0,0,0,0,0,0,0,0,0,0,1,0,0,0,0,0,0
Jakarta Timur,Pasar Rebo,0.0,1850000.0,0.0,0.0,0.0,Kos Putri,12.0,0,1,1,1,1,1,0,1,1,1,1,1,0,1,1,1,1,1,1,1,1,0,1,0,0,0,0,0,1
Jakarta Timur,Pasar Rebo,0.0,1850000.0,0.0,0.0,0.0,Kos Putri,12.0,0,1,1,1,1,1,0,1,1,1,1,1,0,1,1,1,1,1,1,1,1,0,1,0,0,0,0,0,1
Jakarta Timur,Pasar Rebo,0.0,1850000.0,0.0,0.0,0.0,Kos Putri,12.0,0,1,1,1,1,1,0,1,1,1,1,1,0,1,1,1,1,1,1,1,1,0,1,0,0,0,0,0,1
Jakarta Utara,Tanjung Priok,1.0,2100000.0,0.0,0.0,0.0,Kos Campur,12.0,0,1,0,1,1,1,0,0,0,1,1,1,0,1,1,1,0,1,0,0,0,0,1,0,1,0,0,0,0
Jakarta Utara,Tanjung Priok,1.0,2200000.0,3.4,1.0,1.0,Kos Campur,16.0,0,1,1,1,1,1,0,0,0,1,1,1,0,1,1,1,1,1,0,0,0,0,1,0,1,0,0,0,0
Jakarta Utara,Tanjung Priok,0.0,1500000.0,0.0,0.0,2.0,Kos Campur,9.0,0,1,1,1,0,1,0,0,0,0,1,1,0,1,0,1,0,1,0,0,0,1,0,0,1,0,0,0,1
Jakarta Timur,Pulo Gadung,1.0,2200000.0,0.0,0.0,0.0,Kos Putri,13.5,0,1,1,0,0,1,0,1,0,1,0,1,0,0,0,1,0,0,0,0,1,0,0,0,0,1,0,0,0
Jakarta Timur,Pulo Gadung,3.0,1500000.0,0.0,0.0,0.0,Kos Putri,9.0,0,1,1,1,1,1,0,1,0,1,0,1,0,1,0,1,0,1,0,0,0,0,0,0,0,0,0,0,0
Jakarta Utara,Kecamatan Koja,0.0,1400000.0,0.0,0.0,0.0,Kos Putri,9.0,0,1,1,1,0,1,0,1,1,1,1,1,1,1,0,0,0,1,1,1,0,0,0,1,0,1,0,0,0
Jakarta Timur,Ciracas,1.0,1500000.0,0.0,0.0,2.0,Kos Putri,12.0,0,1,1,1,1,1,0,1,0,1,1,1,1,1,1,1,0,1,1,0,0,0,0,1,0,0,0,0,0
Jakarta Timur,Ciracas,1.0,1500000.0,0.0,0.0,2.0,Kos Putri,12.0,0,1,1,1,1,1,0,1,0,1,1,1,1,1,1,1,0,1,1,0,0,0,0,1,0,0,0,0,0
Jakarta Timur,Ciracas,1.0,1500000.0,0.0,0.0,2.0,Kos Putri,12.0,0,1,1,1,1,1,0,1,0,1,1,1,1,1,1,1,0,1,1,0,0,0,0,1,0,0,0,0,0
Jakarta Timur,Ciracas,1.0,1500000.0,0.0,0.0,2.0,Kos Putri,12.0,0,1,1,1,1,1,0,1,0,1,1,1,1,1,1,1,0,1,1,0,0,0,0,1,0,0,0,0,0
Jakarta Timur,Ciracas,1.0,1500000.0,0.0,0.0,2.0,Kos Putri,12.0,0,1,1,1,1,1,0,1,0,1,1,1,1,1,1,1,0,1,1,0,0,0,0,1,0,0,0,0,0
Jakarta Barat,Grogol Petamburan,0.0,2600000.0,0.0,0.0,3.0,Kos Campur,16.0,0,1,1,1,0,1,1,1,1,1,1,1,1,0,0,1,1,1,1,1,0,0,1,0,0,0,0,0,0
Jakarta Barat,Grogol Petamburan,1.0,2400000.0,4.4,4.0,3.0,Kos Campur,12.0,0,1,1,1,0,1,1,1,1,1,1,1,1,0,0,1,1,1,1,1,0,0,1,0,0,0,0,0,0
Jakarta Pusat,Kemayoran,0.0,1325000.0,4.3,11.0,23.0,Kos Putri,7.919999999999999,0,0,1,1,1,1,0,0,1,1,0,1,0,1,0,1,0,1,0,1,0,0,0,0,0,0,0,0,1
Jakarta Timur,Duren Sawit,0.0,855000.0,0.0,0.0,0.0,Kos Campur,7.290000000000001,1,0,1,1,0,1,1,1,1,1,1,0,1,1,0,0,0,1,0,1,1,0,0,1,0,1,0,0,1
Jakarta Pusat,Kemayoran,1.0,1235000.0,4.8,7.0,8.0,Kos Putra,17.6,0,0,1,1,0,1,0,1,0,0,1,1,0,0,0,0,0,1,0,1,0,0,1,0,0,0,0,0,1
Jakarta Pusat,Kemayoran,0.0,1140000.0,4.8,4.0,9.0,Kos Putra,12.0,0,0,1,1,1,1,0,1,0,1,1,1,0,0,0,0,0,1,0,1,0,1,1,0,0,0,0,0,1
Jakarta Pusat,Kemayoran,0.0,760000.0,4.8,21.0,35.0,Kos Putra,9.0,0,0,1,1,1,1,0,1,0,1,0,0,0,1,0,0,0,1,0,1,0,0,0,0,0,0,0,1,1
Jakarta Selatan,Jagakarsa,0.0,927500.0,4.8,9.0,17.0,Kos Campur,6.4399999999999995,0,0,1,1,0,1,1,1,0,1,0,0,0,0,0,0,0,1,0,1,0,0,0,0,0,0,0,0,1
Jakarta Pusat,Senen,0.0,1083000.0,5.0,4.0,8.0,Kos Putri,5.670000000000001,1,0,1,1,1,1,0,1,0,1,1,0,1,1,0,1,0,1,1,1,0,1,1,0,0,1,0,1,1
Jakarta Pusat,Senen,0.0,1037000.0,4.8,6.0,12.0,Kos Putri,4.41,1,0,1,1,0,1,0,1,0,1,1,0,1,1,0,1,0,1,1,1,0,1,1,0,0,1,0,1,1
Jakarta Pusat,Senen,0.0,975000.0,4.8,13.0,19.0,Kos Putri,5.04,1,0,1,1,0,1,0,1,0,1,1,0,1,1,0,1,0,1,1,1,0,1,1,0,0,1,0,1,1
Jakarta Pusat,Senen,0.0,925000.0,4.5,7.0,10.0,Kos Putri,4.5,1,0,1,1,0,1,0,1,0,1,1,0,1,1,0,1,0,1,1,1,0,1,1,0,0,1,0,1,1
Jakarta Barat,Palmerah,0.0,1725000.0,4.6,8.0,27.0,Kos Campur,14.4,0,1,1,1,0,1,0,1,0,1,0,1,0,0,0,1,0,1,0,1,0,0,0,0,0,0,0,0,1
Jakarta Barat,Palmerah,1.0,825000.0,4.6,32.0,80.0,Kos Putra,9.25,1,0,1,1,0,1,0,1,0,1,0,0,0,0,0,1,0,1,0,1,0,0,0,0,0,0,0,0,1
Jakarta Timur,Pasar Rebo,1.0,1355000.0,0.0,0.0,0.0,Kos Campur,10.0,0,1,1,1,1,1,0,0,0,0,0,1,0,1,1,1,0,1,0,0,0,0,0,0,0,0,0,0,1
Jakarta Timur,Pasar Rebo,1.0,1355000.0,0.0,0.0,0.0,Kos Campur,10.0,0,1,1,1,1,1,0,0,0,0,0,1,0,1,1,1,0,1,0,0,0,0,0,0,0,0,0,0,1
Jakarta Timur,Pasar Rebo,1.0,1355000.0,0.0,0.0,0.0,Kos Campur,10.0,0,1,1,1,1,1,0,0,0,0,0,1,0,1,1,1,0,1,0,0,0,0,0,0,0,0,0,0,1
Jakarta Timur,Pasar Rebo,1.0,1355000.0,0.0,0.0,0.0,Kos Campur,10.0,0,1,1,1,1,1,0,0,0,0,0,1,0,1,1,1,0,1,0,0,0,0,0,0,0,0,0,0,1
Jakarta Timur,Pasar Rebo,1.0,1355000.0,0.0,0.0,0.0,Kos Campur,10.0,0,1,1,1,1,1,0,0,0,0,0,1,0,1,1,1,0,1,0,0,0,0,0,0,0,0,0,0,1
Jakarta Pusat,Tanah Abang,0.0,1380000.0,0.0,0.0,1.0,Kos Putri,9.0,1,0,0,0,0,1,0,0,0,0,0,1,0,1,0,0,0,1,0,1,0,0,0,0,0,0,0,0,1
Jakarta Pusat,Tanah Abang,0.0,1196000.0,0.0,0.0,0.0,Kos Putri,10.8,1,1,1,0,0,1,0,0,0,0,0,0,0,1,0,0,0,1,0,1,0,0,0,0,0,0,0,0,1
Jakarta Pusat,Tanah Abang,0.0,1300000.0,5.0,3.0,8.0,Kos Putri,9.0,1,1,1,0,0,1,0,0,0,0,0,0,0,1,0,0,0,1,0,1,0,0,0,0,0,0,0,0,1
Jakarta Pusat,Tanah Abang,0.0,1100000.0,4.9,40.0,85.0,Kos Putri,9.0,1,0,0,0,1,1,0,0,0,0,0,0,0,1,0,0,0,1,0,1,0,0,0,0,0,0,0,0,1
Jakarta Barat,Kebon Jeruk,0.0,1279000.0,0.0,0.0,15.0,Kos Campur,9.0,0,1,0,1,1,1,0,0,0,1,1,0,0,1,0,1,0,1,0,0,0,0,0,0,0,1,0,0,1
Jakarta Selatan,Pasar Minggu,0.0,2025000.0,0.0,0.0,2.0,Kos Putri,14.0,0,0,1,1,1,1,0,1,1,1,1,1,1,0,0,1,0,1,1,1,0,0,1,0,0,0,0,0,1
Jakarta Selatan,Pasar Minggu,0.0,1875000.0,0.0,0.0,2.0,Kos Putri,12.0,0,0,1,1,1,1,0,1,1,1,1,1,1,0,0,1,0,1,1,1,0,0,1,0,0,0,0,0,1
Jakarta Selatan,Pasar Minggu,0.0,1681000.0,5.0,2.0,1.0,Kos Putri,8.0,0,1,1,1,1,1,0,1,1,1,1,1,1,0,0,1,0,1,1,1,0,0,1,0,0,0,0,0,1
Jakarta Selatan,Pasar Minggu,0.0,1725000.0,5.0,3.0,10.0,Kos Putri,6.8999999999999995,0,0,1,1,1,1,0,1,1,1,1,1,1,0,0,1,0,1,1,1,0,0,1,0,0,0,0,0,1
Jakarta Selatan,SETIA BUDI,0.0,1725000.0,4.6,9.0,10.0,Kos Campur,6.0,1,1,1,0,1,1,0,0,1,1,1,1,0,1,1,1,0,1,1,1,0,0,1,1,0,0,0,0,0
Jakarta Selatan,Setia Budi,0.0,1725000.0,4.8,13.0,18.0,Kos Putri,12.0,0,0,0,0,1,1,1,1,0,1,1,1,0,1,1,0,0,1,0,1,0,0,1,1,0,0,0,1,0
Jakarta Selatan,SETIA BUDI,1.0,1375000.0,4.8,65.0,128.0,Kos Putri,12.0,1,0,0,0,1,1,1,1,0,1,1,0,0,1,1,0,0,1,0,1,0,0,1,1,0,0,0,1,0
Jakarta Timur,Makasar,3.0,811440.0,5.0,3.0,8.0,Kos Campur,9.0,1,0,0,0,1,1,0,1,1,1,0,0,0,1,0,0,0,1,1,1,0,1,0,0,0,0,1,1,1
Jakarta Selatan,Jagakarsa,2.0,1225000.0,4.8,13.0,24.0,Kos Putri,12.0,1,1,0,1,1,1,0,0,0,1,1,1,0,1,0,0,0,1,0,1,0,0,1,1,0,1,0,0,0
Jakarta Pusat,Senen,0.0,1525000.0,4.6,11.0,34.0,Kos Putra,5.0,1,0,1,0,0,1,0,0,0,1,1,1,0,1,0,1,0,1,0,0,0,0,1,1,0,1,0,0,0
Jakarta Timur,Kramat Jati,0.0,853000.0,4.9,2.0,5.0,Kos Putri,8.8,0,0,1,1,1,1,0,1,1,1,1,0,0,1,0,0,0,1,0,1,0,1,1,0,0,0,0,1,1
Jakarta Timur,Kramat Jati,0.0,853000.0,4.9,2.0,5.0,Kos Putri,8.8,0,0,1,1,1,1,0,1,1,1,1,0,0,1,0,0,0,1,0,1,0,1,1,0,0,0,0,1,1
Jakarta Timur,Kramat Jati,0.0,853000.0,4.9,2.0,5.0,Kos Putri,8.8,0,0,1,1,1,1,0,1,1,1,1,0,0,1,0,0,0,1,0,1,0,1,1,0,0,0,0,1,1
Jakarta Timur,Kramat Jati,0.0,853000.0,4.9,2.0,5.0,Kos Putri,8.8,0,0,1,1,1,1,0,1,1,1,1,0,0,1,0,0,0,1,0,1,0,1,1,0,0,0,0,1,1
Jakarta Timur,Cakung,0.0,975000.0,4.3,4.0,1.0,Kos Campur,9.0,0,1,0,1,1,1,0,0,0,0,0,0,0,1,0,0,0,1,0,0,0,0,0,0,0,0,0,0,1
Jakarta Pusat,Kemayoran,1.0,1525000.0,4.6,22.0,49.0,Kos Campur,10.0,0,0,1,1,1,1,0,0,1,1,1,1,0,1,1,1,0,1,1,1,0,0,1,0,0,0,1,0,0
Jakarta Pusat,Kemayoran,0.0,1275000.0,4.5,7.0,14.0,Kos Campur,10.0,0,0,1,1,1,1,0,0,1,1,0,0,0,1,1,1,0,1,1,1,0,0,0,0,0,0,1,0,0
Jakarta Utara,Cilincing,1.0,1615000.0,5.0,1.0,1.0,Kos Campur,16.650000000000002,0,1,0,1,1,1,0,1,0,1,1,1,0,1,0,1,0,1,0,1,0,1,1,1,0,1,0,0,1
Jakarta Utara,Cilincing,0.0,1140000.0,0.0,0.0,6.0,Kos Campur,12.0,0,1,0,1,1,1,0,1,0,1,1,0,0,1,0,1,0,1,0,1,0,1,1,1,0,1,0,0,1
Jakarta Utara,Cilincing,1.0,1012000.0,4.6,4.0,19.0,Kos Campur,8.75,0,1,0,1,1,1,0,1,0,1,1,0,0,1,0,1,0,1,0,1,0,1,1,1,0,1,0,0,1
Jakarta Utara,Cilincing,2.0,1450000.0,0.0,0.0,0.0,Kos Campur,8.75,0,1,0,1,1,1,0,1,0,1,1,1,0,1,0,1,0,1,0,1,0,0,1,0,0,1,0,0,1
Jakarta Timur,Cipayung,1.0,775000.0,4.9,3.0,8.0,Kos Putra,80.0,1,1,0,1,1,1,0,0,0,1,0,0,0,1,0,0,0,1,0,1,0,0,0,1,0,1,0,0,1
Jakarta Barat,Kebon Jeruk,0.0,927500.0,4.9,13.0,36.0,Kos Putra,9.0,0,0,0,1,1,1,0,0,0,1,1,0,0,1,0,0,0,1,0,0,0,1,1,0,0,1,0,0,1
Jakarta Barat,Palmerah,0.0,1070000.0,4.8,51.0,80.0,Kos Campur,6.0,1,0,0,0,1,1,0,1,0,1,1,0,0,1,0,0,0,1,0,0,0,0,1,0,0,1,0,1,1
Jakarta Barat,Palmerah,0.0,1307500.0,4.8,4.0,6.0,Kos Campur,6.0,1,1,0,0,1,1,0,1,0,1,1,0,0,1,0,0,0,1,0,0,0,0,1,0,0,1,0,0,1
Jakarta Pusat,Johar Baru,2.0,1313000.0,4.6,3.0,4.0,Kos Putri,9.0,0,0,1,0,1,0,0,0,0,0,0,1,0,1,0,1,0,0,0,0,0,0,0,1,0,1,0,0,1
Jakarta Pusat,Johar Baru,2.0,991000.0,4.6,9.0,13.0,Kos Putri,9.0,1,0,1,1,1,1,0,0,0,1,0,0,0,1,0,1,0,1,0,0,0,1,0,1,0,1,0,0,1
Jakarta Timur,Makasar,0.0,799250.0,4.6,35.0,63.0,Kos Campur,6.25,1,0,0,0,1,1,0,0,0,1,1,0,0,1,0,0,0,1,0,1,0,0,0,0,0,1,0,0,1
Jakarta Pusat,Kemayoran,1.0,1450000.0,4.4,4.0,7.0,Kos Campur,12.0,0,1,1,1,1,1,0,1,0,1,1,1,0,1,1,1,0,1,0,1,0,0,0,0,0,1,0,0,1
Jakarta Pusat,Kemayoran,0.0,1355000.0,5.0,1.0,2.0,Kos Campur,9.0,0,1,1,1,1,1,0,1,0,1,1,1,0,1,0,1,0,1,0,1,0,0,0,0,0,1,0,0,1
Jakarta Pusat,Kemayoran,3.0,1325000.0,4.8,3.0,9.0,Kos Campur,10.2,0,0,1,1,1,1,0,1,0,1,1,1,1,1,0,1,0,1,0,1,0,0,0,0,0,1,0,0,1
Jakarta Pusat,Kemayoran,0.0,1212500.0,4.9,6.0,18.0,Kos Campur,10.5,0,1,0,1,1,1,0,1,0,1,1,1,0,1,0,0,0,1,0,1,0,0,0,0,0,1,0,0,1
Jakarta Pusat,Kemayoran,0.0,825000.0,5.0,1.0,14.0,Kos Campur,7.5,0,0,0,1,1,1,0,1,0,1,0,0,0,1,0,0,0,1,0,1,0,0,0,0,0,1,0,0,1
Jakarta Pusat,Cempaka Putih,1.0,875000.0,5.0,3.0,6.0,Kos Putra,8.4,1,0,1,0,1,1,0,0,0,1,0,0,0,1,0,0,0,1,0,0,0,0,0,1,0,1,0,0,1
Jakarta Utara,Kecamatan Tanjung Priok,0.0,1313000.0,4.9,1.0,1.0,Kos Campur,10.08,0,1,0,1,1,1,0,0,0,0,0,0,0,1,0,0,0,1,0,0,0,0,0,0,0,0,0,0,1
Jakarta Utara,Kecamatan Tanjung Priok,0.0,1221000.0,4.3,3.0,3.0,Kos Campur,12.96,0,1,0,1,1,1,0,0,0,0,0,0,0,1,0,0,0,1,0,0,0,0,0,0,0,0,0,0,1
Jakarta Utara,Kecamatan Tanjung Priok,0.0,945000.0,5.0,1.0,4.0,Kos Campur,10.08,0,0,0,1,1,1,0,0,0,0,0,0,0,1,0,0,0,1,0,0,0,0,0,0,0,0,0,0,1
Jakarta Utara,Penjaringan,0.0,2605000.0,4.9,1.0,4.0,Kos Campur,4.8,0,1,1,1,1,1,1,1,0,1,1,1,0,1,1,1,1,1,0,1,0,0,1,1,1,0,0,0,0
Jakarta Barat,Cengkareng,0.0,1129000.0,4.8,12.0,25.0,Kos Campur,8.100000000000001,0,0,1,1,0,1,1,0,0,1,1,1,0,0,0,0,0,1,0,1,0,0,1,0,0,1,0,0,1
Jakarta Barat,Cengkareng,2.0,1345000.0,4.8,16.0,42.0,Kos Putra,10.8,0,0,1,1,1,1,1,1,0,1,1,1,0,1,0,1,0,1,0,1,1,0,0,1,1,0,0,0,1
Jakarta Pusat,Cempaka Putih,0.0,1325000.0,4.6,4.0,7.0,Kos Putra,12.0,1,1,1,1,1,1,0,1,0,1,0,0,0,1,1,1,0,1,0,0,0,1,0,1,0,0,0,0,1
Jakarta Pusat,Cempaka Putih,0.0,875000.0,5.0,3.0,9.0,Kos Putra,9.0,1,0,0,1,1,1,0,1,0,1,0,0,0,1,1,0,0,1,0,0,0,1,0,1,1,0,0,0,1
Jakarta Selatan,Pancoran,0.0,1350000.0,5.0,15.0,29.0,Kos Putri,8.91,1,1,0,1,1,1,0,0,0,1,0,0,0,1,0,0,0,1,0,1,0,0,0,0,0,0,0,0,0
Jakarta Pusat,Johar Baru,2.0,1355000.0,4.5,12.0,24.0,Kos Putra,7.0,0,0,0,1,1,1,0,0,0,1,1,1,0,1,0,1,0,1,0,0,0,0,0,0,0,1,0,0,1
Jakarta Timur,Duren Sawit,0.0,927500.0,4.8,8.0,19.0,Kos Putra,5.670000000000001,1,0,0,1,1,1,1,1,0,1,1,0,0,1,0,0,0,1,0,1,0,1,1,1,0,1,0,0,1
Jakarta Timur,Duren Sawit,1.0,1165000.0,5.0,1.0,2.0,Kos Putra,9.0,1,1,0,1,0,1,1,1,0,1,0,0,0,1,0,0,0,1,0,1,0,1,0,1,1,1,0,0,1
Jakarta Pusat,Kecamatan Kemayoran,0.0,1900000.0,4.8,19.0,39.0,Kos Campur,12.25,0,1,1,1,1,1,1,1,1,0,1,1,0,1,1,1,1,1,0,1,0,0,1,1,1,0,0,0,1
Jakarta Pusat,Kecamatan Kemayoran,0.0,1650000.0,4.8,14.0,19.0,Kos Campur,9.0,0,1,1,1,1,1,1,1,1,0,1,1,0,1,0,1,1,1,0,1,0,0,1,1,1,1,0,0,1
Jakarta Pusat,Kecamatan Kemayoran,1.0,1187500.0,4.6,45.0,76.0,Kos Campur,12.25,0,1,1,1,1,1,1,1,1,0,1,1,0,1,0,1,1,1,0,1,0,0,1,1,1,0,0,0,1
Jakarta Selatan,Kebayoran Lama,0.0,1405000.0,4.9,3.0,10.0,Kos Campur,8.5,0,1,1,1,0,1,0,0,0,0,1,1,0,1,0,1,0,1,1,1,1,0,0,0,1,0,0,0,1
Jakarta Selatan,Pancoran,0.0,1165000.0,4.8,4.0,10.0,Kos Campur,9.569999999999999,0,0,1,1,1,1,0,0,1,1,1,0,0,1,0,1,0,1,0,1,0,0,1,0,0,1,0,0,1
Jakarta Timur,Jatinegara,0.0,855000.0,4.4,1.0,10.0,Kos Campur,8.64,1,0,0,1,1,1,0,0,0,0,0,0,0,1,0,0,0,1,0,1,0,0,0,0,0,1,0,0,1
Jakarta Pusat,Sawah Besar,0.0,1212500.0,4.5,2.0,5.0,Kos Campur,14.0,1,1,0,1,1,1,0,0,0,1,0,0,0,1,1,0,0,1,1,1,0,0,0,0,1,0,0,0,1
Jakarta Pusat,Sawah Besar,0.0,875000.0,4.6,27.0,50.0,Kos Campur,6.25,1,0,0,1,1,1,0,0,0,1,0,0,0,1,1,0,0,1,1,1,0,0,0,0,0,1,0,1,1
Jakarta Timur,Cakung,0.0,1105000.0,0.0,0.0,4.0,Kos Campur,7.290000000000001,0,0,0,0,0,1,0,0,0,0,0,1,0,1,1,0,0,1,0,1,0,0,0,0,0,1,0,0,1
Jakarta Timur,Cakung,2.0,835000.0,0.0,0.0,2.0,Kos Campur,7.290000000000001,0,0,0,0,0,1,0,0,0,0,0,0,0,1,0,0,0,1,0,1,0,1,0,0,0,1,0,0,1
Jakarta Selatan,Jagakarsa,0.0,725000.0,4.9,25.0,44.0,Kos Putra,4.4,1,0,0,1,1,1,0,0,0,1,1,0,0,1,1,0,0,1,0,1,0,1,0,1,0,1,0,0,1
Jakarta Selatan,Cilandak,0.0,1022500.0,4.4,6.0,10.0,Kos Campur,7.5,0,1,0,1,0,1,0,0,0,0,0,0,0,0,0,0,0,1,0,0,0,1,0,0,0,0,0,0,1
Jakarta Selatan,Pancoran,2.0,900000.0,4.6,18.0,29.0,Kos Putri,8.75,1,0,1,0,1,1,0,1,1,1,0,0,0,1,1,1,0,1,0,1,0,0,0,0,0,0,0,0,1
Jakarta Pusat,Tanah Abang,0.0,1475000.0,4.6,11.0,23.0,Kos Putri,8.959999999999999,1,0,0,0,1,1,0,1,1,1,1,0,1,1,1,0,0,1,1,1,1,1,0,1,0,1,0,0,1
Jakarta Pusat,Tanah Abang,0.0,1640000.0,4.8,15.0,34.0,Kos Putri,9.0,0,0,0,0,0,0,0,0,0,0,0,0,0,0,0,0,0,0,0,0,0,0,0,0,0,0,0,0,1
Jakarta Pusat,Tanah Abang,0.0,1865000.0,4.8,9.0,15.0,Kos Putri,13.5,0,1,0,0,0,1,0,1,1,1,1,1,1,1,1,0,0,1,1,1,1,0,0,1,0,1,0,0,1
Jakarta Barat,Kecamatan Kebon Jeruk,1.0,870500.0,4.9,35.0,55.0,Kos Campur,5.0,1,0,0,0,0,1,1,0,0,1,0,0,0,1,0,1,0,1,0,0,0,1,0,0,0,0,0,0,1
Jakarta Barat,Kecamatan Kebon Jeruk,0.0,805000.0,4.8,23.0,40.0,Kos Campur,3.2,1,0,0,0,0,1,1,0,0,1,0,0,0,1,0,1,0,1,0,0,0,1,0,0,0,0,0,0,1
Jakarta Pusat,Gambir,1.0,1975000.0,0.0,0.0,0.0,Kos Campur,8.64,1,0,1,1,1,1,0,1,1,1,1,1,0,1,1,0,0,1,1,0,1,0,0,1,0,1,0,0,1
Jakarta Pusat,Gambir,0.0,1725000.0,0.0,0.0,0.0,Kos Campur,5.5,1,0,1,1,1,1,0,1,1,1,1,0,0,1,1,0,0,1,1,0,1,1,0,1,0,1,0,0,1
Jakarta Pusat,Johar Baru,1.0,1975000.0,4.6,4.0,13.0,Kos Campur,20.0,0,1,0,0,1,1,1,1,0,1,0,1,0,1,0,0,0,1,0,1,0,0,0,1,0,1,0,0,1
Jakarta Pusat,Johar Baru,0.0,1690000.0,4.8,12.0,23.0,Kos Campur,9.0,0,1,0,0,1,1,1,1,0,1,0,1,0,1,0,0,0,1,0,1,0,0,0,1,0,1,0,0,1
Jakarta Pusat,Johar Baru,3.0,1357500.0,4.8,35.0,57.0,Kos Campur,9.0,0,1,0,0,1,1,1,1,0,1,0,0,0,1,0,0,0,1,0,1,0,0,0,1,0,1,0,0,1
Jakarta Pusat,Johar Baru,2.0,1025000.0,4.8,21.0,37.0,Kos Campur,9.0,0,0,0,0,1,1,1,1,0,1,0,0,0,1,0,0,0,1,0,1,0,0,0,1,0,1,0,0,1
Jakarta Pusat,Jakarta,1.0,1045000.0,4.8,46.0,84.0,Kos Campur,9.0,1,0,0,1,1,1,1,1,1,0,0,0,0,1,0,1,0,1,0,1,0,1,0,1,1,1,0,1,1
Jakarta Pusat,Jakarta,2.0,1140000.0,4.6,42.0,65.0,Kos Campur,12.0,1,0,0,1,1,1,1,1,1,0,0,0,0,1,0,1,0,1,0,1,0,1,0,1,1,1,0,1,1
Jakarta Pusat,Jakarta,0.0,1710000.0,4.5,12.0,22.0,Kos Campur,9.0,1,1,0,1,1,1,1,1,1,0,0,1,0,1,0,1,0,1,0,1,0,0,0,1,1,1,0,1,1
Jakarta Pusat,Jakarta,2.0,902500.0,4.6,20.0,35.0,Kos Campur,9.0,1,0,0,1,0,1,1,1,1,0,0,0,0,1,0,1,0,1,0,1,0,1,0,1,1,1,0,1,1
Jakarta Pusat,Jakarta,0.0,1757500.0,4.6,19.0,35.0,Kos Campur,12.0,1,1,0,1,1,1,1,1,1,0,0,1,0,1,0,1,0,1,0,1,0,0,0,1,1,1,0,1,1
Jakarta Selatan,Kecamatan Tebet,0.0,1307500.0,4.8,4.0,8.0,Kos Putri,6.72,0,0,1,0,1,1,1,0,1,0,0,0,0,1,1,0,0,1,0,1,0,0,0,0,0,0,0,0,1
Jakarta Selatan,Pasar Minggu,1.0,925000.0,4.9,6.0,12.0,Kos Putra,10.5,1,0,0,0,0,1,0,1,0,1,1,0,0,1,0,0,0,1,0,1,0,1,1,1,0,1,0,0,1
Jakarta Timur,Pulo Gadung,0.0,855000.0,5.0,5.0,13.0,Kos Putri,6.75,0,0,0,1,1,1,0,1,0,1,0,0,0,1,1,1,0,1,0,0,0,0,0,1,0,1,0,0,1
Jakarta Timur,Jatinegara,0.0,1355000.0,4.5,3.0,6.0,Kos Campur,5.95,0,1,1,1,1,1,0,1,0,1,0,1,0,1,1,0,0,1,0,1,0,0,0,1,0,0,0,0,1
Jakarta Timur,Jatinegara,0.0,1355000.0,4.5,3.0,6.0,Kos Campur,5.95,0,1,1,1,1,1,0,1,0,1,0,1,0,1,1,0,0,1,0,1,0,0,0,1,0,0,0,0,1
Jakarta Timur,Jatinegara,0.0,1355000.0,4.5,3.0,6.0,Kos Campur,5.95,0,1,1,1,1,1,0,1,0,1,0,1,0,1,1,0,0,1,0,1,0,0,0,1,0,0,0,0,1
Jakarta Timur,Jatinegara,0.0,1355000.0,4.5,3.0,6.0,Kos Campur,5.95,0,1,1,1,1,1,0,1,0,1,0,1,0,1,1,0,0,1,0,1,0,0,0,1,0,0,0,0,1
Jakarta Timur,Pulo Gadung,0.0,1165000.0,3.5,1.0,4.0,Kos Campur,8.75,0,1,0,0,1,1,0,0,0,1,0,0,0,1,1,0,0,1,0,0,0,0,0,1,0,1,0,0,1
Jakarta Timur,Pulo Gadung,1.0,975000.0,4.9,3.0,15.0,Kos Campur,8.75,0,1,0,0,1,1,0,0,0,1,0,0,0,1,1,0,0,1,0,0,0,0,0,1,0,1,0,0,1
Jakarta Pusat,Kecamatan Cempaka Putih,1.0,1625000.0,0.0,0.0,2.0,Kos Putri,10.240000000000002,0,1,0,1,1,1,0,1,0,1,0,1,0,1,0,0,0,1,0,0,0,0,0,0,0,0,0,0,1
Jakarta Pusat,Kecamatan Cempaka Putih,1.0,1125000.0,4.9,3.0,7.0,Kos Putri,10.240000000000002,0,1,0,1,1,1,0,1,0,1,0,0,0,1,0,0,0,1,0,0,0,0,0,0,0,0,0,0,0
Jakarta Pusat,Kecamatan Cempaka Putih,0.0,825000.0,5.0,4.0,6.0,Kos Putri,6.0,0,1,0,1,1,1,0,1,0,1,0,0,0,1,0,0,0,1,0,0,0,0,0,0,0,0,0,0,0
Jakarta Barat,Grogol Petamburan,1.0,991000.0,4.9,18.0,27.0,Kos Campur,4.86,0,0,1,0,1,1,0,1,1,0,1,0,0,1,0,0,0,1,0,0,0,0,1,1,0,1,0,0,1
Jakarta Barat,Grogol Petamburan,2.0,1425000.0,4.6,6.0,8.0,Kos Campur,11.0,0,0,1,0,0,1,0,1,1,0,1,1,0,1,1,0,0,1,0,0,0,0,1,1,0,1,0,0,1
Jakarta Timur,Ciracas,0.0,1165000.0,5.0,1.0,3.0,Kos Putri,11.47,1,0,1,1,1,1,0,0,0,1,0,1,0,1,0,0,0,1,0,0,0,0,1,1,0,1,0,0,1
Jakarta Selatan,Mampang Prapatan,1.0,1325000.0,4.4,16.0,27.0,Kos Putra,5.1,1,0,1,1,1,1,1,1,0,1,1,0,1,1,1,1,0,1,1,1,1,1,1,0,1,1,0,0,1
Jakarta Pusat,Johar Baru,0.0,1212500.0,4.6,24.0,59.0,Kos Campur,5.670000000000001,0,0,0,1,1,1,0,0,0,0,0,1,0,1,1,0,0,1,0,0,0,0,0,0,0,1,0,0,1
Jakarta Pusat,Kecamatan Senen,0.0,1203000.0,4.8,9.0,12.0,Kos Campur,8.0,0,0,0,1,1,1,1,0,0,1,0,1,0,1,0,1,0,1,0,1,0,0,0,0,0,0,0,0,1
Jakarta Pusat,Kecamatan Senen,0.0,1298000.0,4.9,6.0,10.0,Kos Campur,8.0,0,0,0,1,1,1,1,0,0,1,0,1,0,1,0,1,0,1,0,1,0,0,0,0,0,0,0,0,1
Jakarta Pusat,Kecamatan Senen,0.0,1535500.0,4.8,50.0,95.0,Kos Campur,8.0,0,0,0,1,1,1,1,0,0,1,0,1,0,1,0,1,0,1,0,1,0,0,0,0,0,0,0,0,1
Jakarta Pusat,Kecamatan Senen,0.0,1583000.0,4.8,16.0,25.0,Kos Campur,8.0,0,0,0,1,1,1,0,0,0,1,0,1,0,1,0,1,0,1,0,1,0,0,0,0,0,0,0,0,1
Jakarta Pusat,Senen,0.0,1733100.0,0.0,0.0,0.0,Kos Campur,16.200000000000003,0,0,1,1,0,1,0,0,1,1,1,1,0,1,0,0,0,1,0,0,0,0,1,0,0,1,0,0,1
Jakarta Pusat,Senen,0.0,1323000.0,0.0,0.0,7.0,Kos Campur,8.64,0,0,1,1,0,1,0,0,1,1,1,1,0,0,0,0,0,1,0,0,0,0,1,0,0,1,0,0,1
Jakarta Pusat,Senen,1.0,923000.0,0.0,0.0,1.0,Kos Campur,8.64,0,0,1,1,0,1,0,0,1,1,1,0,0,1,0,0,0,1,0,0,0,0,1,0,0,1,0,0,1
Jakarta Timur,Jatinegara,0.0,1355000.0,4.4,3.0,3.0,Kos Putri,7.0,1,1,0,1,1,1,0,1,0,1,0,1,1,1,0,1,0,1,1,1,1,0,0,1,0,1,0,0,1
Jakarta Timur,Jatinegara,0.0,927500.0,4.8,39.0,53.0,Kos Putri,5.0,1,1,0,1,1,1,0,1,0,1,0,0,1,1,0,1,0,1,1,1,1,0,0,1,0,0,0,0,1
Jakarta Selatan,Kecamatan Jagakarsa,0.0,2685000.0,5.0,3.0,5.0,Kos Putri,10.5,1,1,1,1,0,1,1,0,0,0,1,1,1,1,1,1,1,1,0,1,1,0,1,1,1,0,0,0,1
Jakarta Selatan,Kecamatan Jagakarsa,0.0,1830000.0,4.9,4.0,12.0,Kos Putri,9.0,1,0,1,1,1,1,1,0,0,0,1,1,1,1,1,1,1,1,0,1,1,0,1,1,1,0,0,0,1
Jakarta Selatan,Kecamatan Jagakarsa,1.0,1735000.0,5.0,5.0,8.0,Kos Putri,9.0,1,0,1,1,1,1,1,0,0,0,1,1,1,1,1,1,1,1,0,1,1,0,1,1,1,0,0,0,1
Jakarta Timur,Pasar Rebo,1.0,1117500.0,0.0,0.0,1.0,Kos Campur,6.0,0,0,0,1,1,1,0,1,0,1,0,1,0,1,0,0,0,1,1,1,0,0,0,1,0,1,0,0,1
Jakarta Timur,Pasar Rebo,0.0,1022500.0,4.6,18.0,28.0,Kos Campur,9.0,0,1,0,1,1,1,0,1,0,1,0,1,0,1,1,0,0,1,1,1,0,0,0,1,0,1,0,0,1
Jakarta Timur,Pasar Rebo,0.0,880000.0,4.6,21.0,27.0,Kos Campur,5.6,0,0,0,1,1,1,0,1,0,1,0,1,0,1,0,0,0,1,1,1,0,0,0,1,0,1,0,0,1
Jakarta Pusat,Cempaka Putih,0.0,807500.0,4.5,1.0,14.0,Kos Campur,4.25,1,0,0,1,1,1,0,0,0,1,0,0,0,1,0,0,0,1,0,0,0,0,0,0,0,1,0,0,1
Jakarta Pusat,Cempaka Putih,3.0,712500.0,4.6,5.0,31.0,Kos Campur,4.25,1,0,0,1,1,1,0,0,0,1,0,0,0,1,0,0,0,1,0,0,0,0,0,0,0,1,0,0,1
Jakarta Timur,Pulo Gadung,1.0,1225000.0,5.0,3.0,11.0,Kos Putri,13.26,0,1,0,1,0,1,0,0,1,1,1,0,0,0,0,0,0,1,0,1,0,0,0,0,0,1,0,0,0
Jakarta Timur,Pulo Gadung,0.0,925000.0,4.5,3.0,7.0,Kos Putri,9.0,0,0,0,1,0,1,0,0,1,1,1,0,0,0,0,0,0,1,0,1,0,0,0,0,0,0,0,1,0
Jakarta Pusat,Cempaka Putih,0.0,1275000.0,4.4,10.0,30.0,Kos Campur,8.68,0,1,0,0,0,1,0,0,0,0,0,0,0,1,0,0,0,1,0,0,0,0,0,1,0,1,0,0,1
Jakarta Selatan,Cilandak,0.0,1200000.0,4.5,7.0,15.0,Kos Campur,12.25,1,1,0,1,1,1,0,1,0,0,1,0,0,1,1,0,0,1,0,0,0,0,0,0,0,1,0,0,0
Jakarta Selatan,Jagakarsa,2.0,700000.0,4.9,33.0,63.0,Kos Putri,7.839999999999999,1,0,0,1,1,1,1,1,1,0,1,0,1,1,0,1,0,1,0,1,0,0,1,0,0,1,0,0,1
Jakarta Barat,Cengkareng,0.0,1155000.0,4.8,47.0,71.0,Kos Campur,9.0,0,1,1,1,1,1,0,1,0,1,0,0,0,1,0,0,0,1,1,1,0,1,0,0,0,1,0,0,0
Jakarta Barat,Cengkareng,0.0,761000.0,4.8,8.0,12.0,Kos Campur,6.0,1,0,0,0,1,1,1,0,0,0,0,0,0,1,0,0,0,1,0,0,0,0,0,0,0,1,0,0,1
Jakarta Barat,Cengkareng,2.0,738000.0,4.6,13.0,25.0,Kos Campur,4.0,1,0,0,0,1,1,1,0,0,0,0,0,0,1,0,0,0,1,0,0,0,0,0,0,0,1,0,0,1
Jakarta Pusat,Kemayoran,0.0,1625000.0,4.6,10.0,26.0,Kos Putri,15.75,0,1,0,1,0,1,0,1,1,1,0,1,0,0,0,1,0,1,0,0,0,0,0,0,0,0,0,0,1
Jakarta Pusat,Kemayoran,1.0,1425000.0,4.9,3.0,5.0,Kos Putri,15.75,0,1,0,1,0,1,0,1,1,1,0,0,0,0,0,1,0,1,0,0,0,0,0,0,0,0,0,0,0
Jakarta Selatan,Cilandak,0.0,1425000.0,4.9,3.0,5.0,Kos Putri,18.0,1,1,0,1,1,1,0,1,1,1,1,0,0,1,1,0,0,1,0,0,0,0,0,1,1,1,0,0,0
Jakarta Selatan,Cilandak,0.0,1315000.0,0.0,0.0,2.0,Kos Putri,10.5,1,1,0,1,1,1,0,1,1,1,1,0,0,1,1,0,0,1,0,0,0,0,0,1,0,1,0,0,0
Jakarta Selatan,Cilandak,0.0,1225000.0,4.8,7.0,17.0,Kos Putri,9.0,1,1,0,1,1,1,0,1,1,1,1,0,0,1,0,0,0,1,0,0,0,0,0,1,0,1,0,0,0
Jakarta Pusat,Cempaka Putih,0.0,2125000.0,5.0,4.0,7.0,Kos Putri,11.840000000000002,0,1,1,1,1,1,0,0,0,1,1,1,0,1,1,1,0,1,0,0,0,0,0,0,1,0,0,0,1
Jakarta Pusat,Cempaka Putih,0.0,2025000.0,4.9,2.0,4.0,Kos Putri,9.600000000000001,0,1,1,1,1,1,0,0,0,1,1,1,0,1,1,1,0,1,0,0,0,0,0,0,1,0,0,0,1
Jakarta Pusat,Cempaka Putih,2.0,1451000.0,5.0,6.0,7.0,Kos Putri,10.240000000000002,0,0,0,1,0,1,0,0,0,1,0,1,0,0,0,0,0,1,0,0,0,0,0,0,0,0,0,0,1
Jakarta Barat,Kembangan,1.0,1275000.0,4.8,2.0,4.0,Kos Putri,7.13,0,0,1,1,1,1,0,1,0,1,1,1,1,1,0,1,0,1,1,1,0,0,1,1,0,1,0,0,1
Jakarta Pusat,Senen,1.0,1825000.0,4.6,14.0,33.0,Kos Campur,12.0,1,1,1,1,1,1,0,1,0,0,1,1,0,1,0,0,0,1,0,0,0,0,1,0,0,0,0,1,1
Jakarta Pusat,Senen,0.0,1405000.0,4.8,29.0,55.0,Kos Campur,9.0,1,1,0,1,1,1,0,1,0,0,1,0,0,1,0,0,0,1,0,0,0,0,1,0,0,0,0,0,1
Jakarta Timur,Matraman,1.0,1273000.0,4.8,15.0,24.0,Kos Campur,7.5,0,0,1,1,1,1,1,0,1,1,1,1,0,1,0,1,0,1,0,0,0,0,1,0,0,1,0,0,1
Jakarta Timur,Matraman,0.0,1085160.0,4.6,16.0,23.0,Kos Campur,7.5,0,0,1,1,1,1,1,0,1,1,1,1,0,1,0,1,0,1,0,0,0,1,1,0,0,1,0,0,1
Jakarta Timur,Matraman,3.0,974000.0,4.4,16.0,19.0,Kos Campur,6.25,0,0,1,1,1,1,1,0,1,1,0,0,0,1,0,1,0,1,0,0,0,0,1,0,0,1,0,0,1
Jakarta Timur,Matraman,1.0,674000.0,4.1,6.0,6.0,Kos Campur,6.25,0,0,1,1,0,1,1,0,1,1,0,0,0,0,0,1,0,1,0,0,0,0,1,0,0,0,0,0,1
Jakarta Barat,Kembangan,0.0,950000.0,4.8,22.0,45.0,Kos Campur,10.5,0,1,0,0,1,1,0,1,0,0,0,0,0,1,0,0,0,1,0,0,0,0,0,1,0,0,0,0,0
Jakarta Timur,Duren Sawit,0.0,855000.0,4.8,4.0,14.0,Kos Putra,7.5,1,0,0,0,1,1,0,0,1,1,1,0,0,1,1,0,0,1,1,1,0,1,0,0,0,1,0,0,1
Jakarta Timur,Duren Sawit,3.0,1217900.0,5.0,1.0,1.0,Kos Putra,8.0,0,0,1,0,1,1,0,0,1,1,1,1,0,1,1,0,0,1,1,1,0,0,0,0,0,1,0,0,1
Jakarta Timur,Duren Sawit,1.0,1220840.0,4.4,1.0,1.0,Kos Putra,8.0,0,1,0,0,1,1,0,0,1,1,1,1,0,1,1,0,0,1,1,1,0,0,0,0,0,1,0,0,1
Jakarta Barat,Grogol Petamburan,0.0,1300000.0,0.0,0.0,0.0,Kos Campur,9.0,0,0,1,1,1,1,0,1,1,1,1,1,0,0,0,1,1,1,0,1,0,0,1,0,1,0,1,0,0
Jakarta Utara,Kecamatan Kelapa Gading,0.0,1850000.0,0.0,0.0,0.0,Kos Campur,9.0,0,1,1,1,1,1,1,1,1,1,1,1,0,1,1,1,0,1,1,1,0,0,0,1,0,0,0,0,1
Jakarta Barat,Kecamatan Grogol Petamburan,2.0,2000000.0,0.0,0.0,3.0,Kos Putri,9.0,0,1,1,1,1,1,0,1,1,0,1,1,0,1,1,1,1,1,1,1,0,0,1,1,0,0,0,0,1
Jakarta Timur,Kecamatan Matraman,0.0,2100000.0,0.0,0.0,0.0,Kos Campur,21.0,0,1,0,1,1,1,0,1,0,1,0,0,0,0,0,1,0,0,0,1,0,0,0,0,1,0,0,0,1
Jakarta Timur,Pulo Gadung,1.0,2480000.0,0.0,0.0,1.0,Kos Putri,12.0,0,1,1,1,1,1,0,1,1,1,1,1,0,1,0,1,1,1,1,1,0,0,1,1,1,0,1,0,1
Jakarta Barat,Kecamatan Grogol petamburan,1.0,1750000.0,0.0,0.0,0.0,Kos Campur,7.5,0,0,1,1,0,1,1,1,1,1,1,1,0,1,0,1,0,1,1,1,1,0,1,1,1,0,0,0,1
Jakarta Utara,Kecamatan Kelapa Gading,1.0,1550000.0,5.0,3.0,7.0,Kos Campur,6.0,0,0,0,1,0,1,0,1,1,1,1,1,0,1,1,1,1,0,1,1,1,0,1,0,0,0,0,0,0
Jakarta Utara,Kecamatan Kelapa Gading,2.0,1650000.0,0.0,0.0,6.0,Kos Campur,9.0,0,0,0,1,0,1,0,1,1,1,1,1,0,1,1,1,1,1,1,1,1,0,1,0,0,0,0,0,1
Jakarta Utara,Pademangan,3.0,1300000.0,0.0,0.0,0.0,Kos Campur,9.0,0,1,1,1,1,1,1,0,1,0,0,1,1,1,1,1,1,1,0,0,1,0,0,0,1,0,0,0,0
Jakarta Barat,Kecamatan Kebon Jeruk,1.0,1500000.0,4.1,2.0,19.0,Kos Campur,12.0,0,0,1,1,0,1,1,1,1,0,1,1,1,0,0,1,0,1,1,1,1,0,1,0,1,0,0,0,0
Jakarta Utara,Penjaringan,0.0,750000.0,0.0,0.0,1.0,Kos Campur,6.0,0,0,0,0,0,1,0,0,1,1,0,0,0,1,0,0,0,1,0,0,0,0,0,0,0,1,0,0,0
Jakarta Utara,Kecamatan Koja,1.0,1300000.0,0.0,0.0,0.0,Kos Putra,12.0,0,0,1,1,1,1,1,1,0,1,1,1,0,1,1,1,0,1,1,1,0,0,1,1,0,1,0,0,0
Jakarta Utara,Koja,1.0,900000.0,0.0,0.0,0.0,Kos Putra,12.0,0,0,1,1,1,1,1,1,0,1,1,0,0,1,1,1,0,1,1,1,0,1,0,1,0,1,0,0,0
Jakarta Utara,Kecamatan Tanjung Priok,2.0,1650000.0,0.0,0.0,0.0,Kos Campur,7.0,0,1,1,1,0,1,1,1,0,0,1,1,0,0,1,1,0,1,0,0,0,0,1,0,1,0,0,0,1
Jakarta Timur,Kecamatan Pulo Gadung,0.0,1500000.0,0.0,0.0,1.0,Kos Putri,3.0,1,0,1,1,0,1,0,1,1,1,1,1,0,1,1,1,1,1,1,1,0,0,1,1,1,1,0,0,0
Jakarta Timur,Pulo Gadung,3.0,1350000.0,4.9,72.0,97.0,Kos Campur,16.0,0,1,0,1,1,1,0,1,1,1,1,0,0,1,0,0,0,1,0,0,1,1,1,1,1,1,0,0,0
Jakarta Utara,Tanjung Priok,0.0,2000000.0,0.0,0.0,5.0,Kos Campur,12.0,0,1,1,1,1,1,0,1,1,1,1,1,0,1,0,1,1,1,1,1,0,0,1,1,0,1,1,0,0
Jakarta Barat,Kecamatan Palmerah,1.0,1980000.0,5.0,6.0,30.0,Kos Campur,6.0,0,1,1,1,0,1,0,1,1,1,1,1,0,1,1,1,1,1,1,1,1,0,1,1,1,0,0,0,1
Jakarta Barat,Kebon Jeruk,2.0,2499000.0,0.0,0.0,0.0,Kos Campur,12.0,0,1,1,1,1,1,1,0,1,1,1,1,1,1,0,1,1,1,1,1,1,0,0,0,0,0,1,0,0
Jakarta Timur,Duren Sawit,1.0,1500000.0,0.0,0.0,0.0,Kos Putri,9.0,0,1,1,0,0,0,0,1,0,1,1,1,0,1,1,1,0,1,1,1,0,0,0,1,0,1,0,0,0
Jakarta Timur,Duren Sawit,1.0,1800000.0,0.0,0.0,1.0,Kos Putri,8.75,0,0,1,1,1,1,1,1,0,1,1,1,0,1,0,1,0,1,1,1,0,0,1,0,1,0,0,0,0
Jakarta Timur,Kramat Jati,1.0,1500000.0,0.0,0.0,0.0,Kos Putri,5.4,0,0,1,1,1,1,0,0,1,1,1,1,0,1,1,1,0,1,1,1,0,0,0,1,0,0,0,0,1
Jakarta Utara,Kelapa Gading,3.0,2300000.0,0.0,0.0,5.0,Kos Putri,9.0,1,1,1,0,0,0,0,0,1,1,1,1,0,0,0,1,1,1,0,0,0,0,1,0,1,0,0,0,1
Jakarta Timur,Kramat Jati,2.0,1350000.0,0.0,0.0,1.0,Kos Campur,15.679999999999998,0,1,0,1,1,1,0,1,0,1,0,0,0,0,0,0,1,0,0,1,0,0,0,0,1,1,0,0,1
Jakarta Timur,Kramat Jati,2.0,1350000.0,0.0,0.0,1.0,Kos Campur,15.679999999999998,0,1,0,1,1,1,0,1,0,1,0,0,0,0,0,0,1,0,0,1,0,0,0,0,1,1,0,0,1
Jakarta Timur,Kramat Jati,2.0,1350000.0,0.0,0.0,1.0,Kos Campur,15.679999999999998,0,1,0,1,1,1,0,1,0,1,0,0,0,0,0,0,1,0,0,1,0,0,0,0,1,1,0,0,1
Jakarta Timur,Kecamatan Duren Sawit,1.0,1200000.0,4.9,3.0,0.0,Kos Putra,9.0,0,0,1,1,1,1,0,0,1,1,0,1,0,1,0,1,0,0,1,1,1,1,1,0,0,1,0,0,0
Jakarta Timur,Kecamatan Duren Sawit,1.0,1200000.0,4.9,3.0,0.0,Kos Putra,9.0,0,0,1,1,1,1,0,0,1,1,0,1,0,1,0,1,0,0,1,1,1,1,1,0,0,1,0,0,0
Jakarta Timur,Kecamatan Duren Sawit,1.0,1200000.0,4.9,3.0,0.0,Kos Putra,9.0,0,0,1,1,1,1,0,0,1,1,0,1,0,1,0,1,0,0,1,1,1,1,1,0,0,1,0,0,0
Jakarta Timur,Kecamatan Duren Sawit,1.0,1200000.0,4.9,3.0,0.0,Kos Putra,9.0,0,0,1,1,1,1,0,0,1,1,0,1,0,1,0,1,0,0,1,1,1,1,1,0,0,1,0,0,0
Jakarta Timur,Kecamatan Duren Sawit,1.0,1200000.0,4.9,3.0,0.0,Kos Putra,9.0,0,0,1,1,1,1,0,0,1,1,0,1,0,1,0,1,0,0,1,1,1,1,1,0,0,1,0,0,0
Jakarta Utara,Kelapa Gading,0.0,1950000.0,0.0,0.0,0.0,Kos Campur,9.0,0,1,1,1,1,1,1,1,0,1,1,1,0,1,0,1,0,1,1,1,1,0,1,0,0,0,0,0,1
Jakarta Barat,Kecamatan Palmerah,2.0,2599999.0,5.0,1.0,9.0,Kos Campur,10.5,0,1,1,1,1,1,0,1,1,1,1,1,1,1,0,1,1,1,1,0,1,0,0,0,1,1,1,0,0
Jakarta Timur,Kecamatan Cakung,2.0,1399000.0,5.0,4.0,5.0,Kos Campur,9.0,1,1,1,1,1,1,0,1,1,1,1,1,1,1,1,1,0,1,1,1,0,0,0,0,0,0,0,0,0
Jakarta Utara,Kelapa Gading,3.0,1800000.0,0.0,0.0,0.0,Kos Campur,6.0,1,1,1,1,0,1,0,1,1,1,1,1,0,1,0,1,0,1,1,1,1,1,1,0,1,1,1,0,0
Jakarta Pusat,Sawah Besar,1.0,1500000.0,0.0,0.0,0.0,Kos Campur,5.52,1,1,1,0,0,1,0,0,0,0,1,0,0,1,1,1,0,1,1,1,0,0,0,0,1,0,0,0,1
Jakarta Pusat,Sawah Besar,1.0,1500000.0,0.0,0.0,0.0,Kos Campur,5.52,1,1,1,0,0,1,0,0,0,0,1,0,0,1,1,1,0,1,1,1,0,0,0,1,1,0,0,0,1
Jakarta Pusat,Sawah Besar,1.0,2200000.0,0.0,0.0,0.0,Kos Campur,9.0,1,0,1,0,0,1,0,0,0,0,1,1,0,1,1,1,0,1,1,1,0,0,1,1,1,0,0,0,1
Jakarta Utara,Kelapa Gading,2.0,2000000.0,0.0,0.0,0.0,Kos Campur,7.5,0,1,1,1,1,1,0,1,1,1,1,1,0,1,1,1,1,1,1,1,0,0,1,1,0,0,1,0,1
Jakarta Timur,Pulo Gadung,0.0,2250000.0,0.0,0.0,0.0,Kos Putri,12.0,0,1,1,1,1,1,0,1,1,1,1,1,0,1,1,1,0,1,1,1,0,0,0,1,0,0,0,0,1
Jakarta Timur,Pulo Gadung,0.0,2250000.0,0.0,0.0,0.0,Kos Putri,12.0,0,1,1,1,1,1,0,1,1,1,1,1,0,1,1,1,0,1,1,1,0,0,0,1,0,0,0,0,1
Jakarta Timur,Pulo Gadung,0.0,2250000.0,0.0,0.0,0.0,Kos Putri,12.0,0,1,1,1,1,1,0,1,1,1,1,1,0,1,1,1,0,1,1,1,0,0,0,1,0,0,0,0,1
Jakarta Timur,Pulo Gadung,0.0,2250000.0,0.0,0.0,0.0,Kos Putri,12.0,0,1,1,1,1,1,0,1,1,1,1,1,0,1,1,1,0,1,1,1,0,0,0,1,0,0,0,0,1
Jakarta Timur,Pulo Gadung,0.0,2250000.0,0.0,0.0,0.0,Kos Putri,12.0,0,1,1,1,1,1,0,1,1,1,1,1,0,1,1,1,0,1,1,1,0,0,0,1,0,0,0,0,1
Jakarta Timur,Kecamatan Pasar Rebo,1.0,1750000.0,0.0,0.0,0.0,Kos Putri,12.0,0,1,1,1,1,1,0,1,1,1,1,1,0,1,1,1,0,1,1,1,1,0,1,1,0,0,0,0,1
Jakarta Pusat,Menteng,0.0,3000000.0,3.1,3.0,1.0,Kos Campur,12.0,1,1,1,0,0,1,1,1,1,1,1,1,1,0,0,1,0,1,1,1,0,0,1,0,0,0,1,1,1
Jakarta Utara,Kelapa Gading,0.0,1600000.0,0.0,0.0,0.0,Kos Campur,9.0,0,0,1,0,0,1,1,1,1,1,1,1,1,0,0,1,0,1,1,1,0,0,1,0,1,0,0,0,0
Jakarta Utara,Kecamatan Kelapa Gading,0.0,1300000.0,4.4,6.0,17.0,Kos Putri,9.0,0,1,1,1,1,1,0,0,0,1,1,0,0,1,0,0,0,1,1,1,1,0,1,0,0,1,0,0,0
Jakarta Utara,Kecamatan Kelapa Gading,0.0,2550000.0,3.1,1.0,1.0,Kos Putri,9.1,1,0,1,0,0,0,0,1,1,0,1,1,1,0,0,0,0,1,1,1,0,0,1,0,1,1,0,0,0
Jakarta Utara,Kelapa Gading,0.0,2350000.0,0.0,0.0,0.0,Kos Putri,14.43,0,0,1,0,1,0,0,1,1,1,1,1,1,0,0,1,0,1,1,1,1,0,1,0,1,0,0,0,0
Jakarta Barat,Grogol Petamburan,0.0,1500000.0,0.0,0.0,12.0,Kos Putri,9.0,0,1,1,1,0,1,0,1,1,1,1,1,1,1,0,1,0,1,1,1,0,0,1,1,0,0,1,0,0
Jakarta Timur,Makasar,0.0,1200000.0,0.0,0.0,0.0,Kos Campur,12.0,0,1,1,1,1,1,0,0,0,1,1,1,0,1,0,0,0,1,1,1,1,0,1,1,0,1,0,0,0
Jakarta Utara,Kecamatan Kelapa Gading,3.0,1050000.0,4.0,1.0,10.0,Kos Campur,6.25,0,0,1,1,1,1,0,0,1,1,1,1,0,1,0,1,0,1,1,1,0,0,0,1,1,0,1,0,1
Jakarta Utara,Kelapa Gading,0.0,899000.0,4.3,9.0,51.0,Kos Campur,4.0,0,0,1,1,1,1,0,0,1,1,1,1,0,1,0,1,0,1,1,1,0,0,0,1,1,0,1,0,0
Jakarta Utara,Kelapa Gading,1.0,1950000.0,0.0,0.0,0.0,Kos Campur,8.75,0,1,1,1,1,1,0,0,0,0,1,1,0,1,1,1,1,1,0,1,1,0,1,0,1,0,0,0,1
Jakarta Utara,Koja,2.0,1200000.0,0.0,0.0,2.0,Kos Campur,21.0,0,0,1,1,1,1,0,0,0,1,0,1,0,1,0,1,0,0,0,0,0,0,0,0,0,0,0,0,0
Jakarta Selatan,Jagakarsa,0.0,1200000.0,0.0,0.0,3.0,Kos Campur,12.0,1,1,1,1,1,1,1,1,0,1,1,1,1,1,1,1,0,1,0,1,0,0,0,1,1,1,0,1,0
Jakarta Pusat,Kecamatan Menteng,0.0,3750000.0,0.0,0.0,0.0,Kos Campur,12.0,0,1,1,1,1,1,1,1,1,1,1,1,1,1,1,1,1,1,1,1,0,0,0,0,1,0,0,0,1
Jakarta Pusat,Kecamatan Menteng,0.0,4000000.0,0.0,0.0,0.0,Kos Campur,12.0,0,1,1,1,1,1,1,1,1,1,1,1,1,1,1,1,1,1,1,1,0,0,0,0,1,0,0,0,0
Jakarta Pusat,Kecamatan Menteng,0.0,4250000.0,0.0,0.0,0.0,Kos Campur,12.0,0,1,1,1,1,1,1,1,1,1,1,1,1,1,0,1,1,1,1,1,1,0,0,0,1,0,0,0,0
Jakarta Utara,Cilincing,1.0,1500000.0,0.0,0.0,0.0,Kos Campur,9.0,0,1,1,1,1,1,0,1,0,1,1,1,0,0,1,1,0,1,0,0,0,0,1,0,0,0,0,0,1
Jakarta Barat,Kalideres,3.0,1400000.0,4.6,1.0,4.0,Kos Campur,8.399999999999999,0,1,1,0,0,0,0,0,1,0,1,1,1,0,0,0,0,1,1,1,1,0,0,0,0,1,0,0,0
Jakarta Barat,Kecamatan Kalideres,2.0,1300000.0,0.0,0.0,10.0,Kos Putri,10.5,0,1,1,0,0,0,0,1,1,0,1,1,1,0,0,0,0,1,1,1,1,0,1,0,1,1,0,0,0
Jakarta Barat,Kecamatan Kembangan,0.0,2250000.0,0.0,0.0,7.0,Kos Campur,14.0,0,1,1,1,1,1,1,1,1,1,1,1,1,1,1,1,1,1,1,1,0,0,0,1,1,0,0,0,0
Jakarta Barat,Grogol Petamburan,2.0,2350000.0,0.0,0.0,11.0,Kos Putri,12.0,0,1,1,1,1,1,1,1,1,1,1,1,0,1,1,1,1,1,1,1,0,0,1,0,1,0,0,0,1
Jakarta Barat,Kecamatan Palmerah,0.0,2750000.0,0.0,0.0,0.0,Kos Campur,12.0,0,1,1,1,1,1,1,1,1,1,1,1,1,1,1,1,1,1,1,1,1,0,0,0,0,0,0,0,0
Jakarta Barat,Kecamatan Kebon Jeruk,0.0,4500000.0,0.0,0.0,14.0,Kos Campur,15.0,0,1,1,1,1,1,1,1,1,1,1,1,1,1,1,1,1,1,1,1,1,0,1,0,0,0,0,0,0
Jakarta Barat,Kebon Jeruk,0.0,2750000.0,0.0,0.0,6.0,Kos Campur,12.0,0,1,1,1,0,1,1,1,1,0,1,1,1,1,1,0,1,1,1,1,0,0,1,0,1,0,1,0,0
Jakarta Barat,Kecamatan Palmerah,0.0,4400000.0,0.0,0.0,0.0,Kos Campur,15.75,0,1,1,1,1,1,1,1,1,1,1,1,1,1,1,1,1,1,1,1,1,0,0,0,1,0,0,0,0
Jakarta Barat,Palmerah,0.0,3250000.0,0.0,0.0,0.0,Kos Campur,12.0,0,1,0,1,1,1,1,1,1,1,1,1,1,1,0,1,1,1,1,0,1,0,0,0,1,0,1,0,0
Jakarta Barat,Kecamatan Palmerah,0.0,3250000.0,0.0,0.0,0.0,Kos Campur,12.0,0,1,1,1,0,1,1,1,1,1,1,1,1,1,1,1,1,1,1,1,1,0,0,0,1,0,1,0,0
Jakarta Pusat,Kecamatan Gambir,0.0,3500000.0,0.0,0.0,0.0,Kos Campur,12.0,0,1,1,1,0,1,0,1,0,1,1,1,1,1,1,1,1,1,1,1,1,0,0,0,1,0,0,0,1
Jakarta Pusat,Gambir,0.0,3500000.0,0.0,0.0,0.0,Kos Campur,12.0,0,1,1,1,0,1,0,1,0,1,1,1,1,1,1,1,1,1,1,1,1,0,0,0,1,0,0,0,1
Jakarta Barat,Kecamatan Palmerah,0.0,4100000.0,0.0,0.0,1.0,Kos Campur,13.5,0,1,1,1,1,1,1,1,1,1,1,1,1,1,1,1,1,1,1,1,1,0,1,0,1,0,0,0,0
Jakarta Selatan,Cilandak,0.0,3750000.0,0.0,0.0,5.0,Kos Campur,14.399999999999999,0,1,1,1,1,1,1,1,1,1,1,1,1,1,0,1,1,1,1,1,1,0,0,0,1,0,0,0,1
Jakarta Selatan,Cilandak,0.0,4000000.0,0.0,0.0,2.0,Kos Campur,16.5,0,1,1,1,1,1,1,1,1,1,1,1,1,1,0,1,1,1,1,1,1,0,0,0,1,0,0,0,1
Jakarta Barat,Kecamatan Grogol petamburan,0.0,2750000.0,0.0,0.0,0.0,Kos Putri,12.0,0,1,1,1,0,1,0,1,1,0,1,1,1,1,1,1,1,1,1,1,1,0,0,0,1,0,0,0,0
Jakarta Barat,Kecamatan Grogol petamburan,0.0,3000000.0,0.0,0.0,0.0,Kos Putri,12.0,0,1,1,1,0,1,0,1,1,0,1,1,1,1,1,1,1,1,1,1,1,0,0,0,1,0,0,0,0
Jakarta Barat,Kecamatan Taman Sari,0.0,2700000.0,4.9,2.0,3.0,Kos Campur,16.0,0,1,1,1,1,1,1,1,1,1,1,1,1,0,0,1,1,1,1,0,1,0,1,0,1,0,1,0,0
Jakarta Pusat,Sawah Besar,0.0,2400000.0,0.0,0.0,1.0,Kos Campur,16.0,0,1,1,1,0,1,0,1,1,0,1,1,1,1,1,1,1,1,1,1,0,0,1,0,1,0,0,0,1
Jakarta Pusat,Sawah Besar,0.0,2000000.0,0.0,0.0,1.0,Kos Campur,12.0,0,1,1,1,1,1,0,1,1,0,1,1,1,1,0,1,1,1,1,1,1,0,1,0,1,0,0,0,1
Jakarta Pusat,Menteng,2.0,3750000.0,0.0,0.0,0.0,Kos Campur,12.0,0,1,1,0,0,0,0,1,0,0,0,1,1,0,0,0,1,0,1,1,0,0,1,0,0,0,0,0,1
Jakarta Pusat,Menteng,0.0,4000000.0,0.0,0.0,0.0,Kos Campur,12.0,0,1,1,0,0,0,0,1,0,0,0,1,1,0,0,0,1,0,1,1,0,0,1,0,0,0,0,0,0
Jakarta Pusat,Menteng,0.0,4500000.0,0.0,0.0,0.0,Kos Campur,12.0,0,1,1,0,0,0,0,1,0,0,0,1,1,0,0,0,1,0,1,1,0,0,1,0,0,0,0,0,0
Jakarta Pusat,Menteng,0.0,4250000.0,0.0,0.0,0.0,Kos Campur,12.0,0,1,1,0,0,0,0,1,0,0,0,1,1,0,0,0,1,0,1,1,0,0,1,0,0,0,0,0,0
Jakarta Pusat,Kecamatan Gambir,0.0,3500000.0,0.0,0.0,0.0,Kos Campur,12.0,0,1,1,1,1,1,0,1,1,1,1,1,1,1,1,1,1,1,1,1,1,0,0,0,1,0,0,0,1
Jakarta Pusat,Gambir,0.0,3500000.0,0.0,0.0,0.0,Kos Campur,13.5,0,1,1,1,1,1,0,1,1,1,1,1,1,1,1,1,1,1,1,1,1,0,0,0,1,0,0,0,1
Jakarta Pusat,Gambir,0.0,3000000.0,0.0,0.0,0.0,Kos Campur,10.5,0,1,1,1,1,1,0,1,1,1,1,1,1,1,1,1,1,1,1,1,1,0,0,0,1,0,0,0,1
Jakarta Pusat,Gambir,0.0,3700000.0,0.0,0.0,0.0,Kos Campur,13.5,0,1,1,1,1,1,0,1,1,1,1,1,1,1,1,1,1,1,1,1,1,0,0,0,1,0,0,0,1
Jakarta Utara,Tanjung Priok,0.0,1700000.0,0.0,0.0,5.0,Kos Campur,9.0,0,1,1,1,1,1,0,1,1,1,1,1,0,0,1,0,1,1,1,1,1,0,1,0,0,0,0,0,1
Jakarta Utara,Tanjung Priok,0.0,2700000.0,0.0,0.0,0.0,Kos Campur,16.0,0,1,1,0,0,1,1,0,1,0,1,1,0,1,0,0,1,1,1,1,1,0,1,0,1,0,0,0,0
Jakarta Utara,Tanjung Priok,0.0,2200000.0,0.0,0.0,0.0,Kos Campur,16.0,0,1,1,1,1,1,1,1,1,0,1,1,0,1,1,1,1,1,1,1,1,0,0,0,0,0,0,0,0
Jakarta Barat,Palmerah,0.0,2700000.0,0.0,0.0,9.0,Kos Campur,12.0,0,1,1,1,0,1,0,1,1,1,1,1,0,0,0,1,1,1,1,0,1,0,1,0,1,0,1,0,1
Jakarta Barat,Kecamatan Grogol petamburan,0.0,3000000.0,0.0,0.0,0.0,Kos Campur,12.0,0,1,0,1,0,0,0,0,0,1,1,0,1,1,0,0,1,0,0,0,0,0,1,0,1,0,0,0,1
Jakarta Utara,Tanjung Priok,1.0,1650000.0,0.0,0.0,0.0,Kos Campur,9.0,0,1,1,1,1,1,0,1,0,1,1,1,0,1,1,1,0,1,1,1,0,0,1,0,0,0,0,0,1
Jakarta Utara,Tanjung Priok,0.0,1850000.0,0.0,0.0,0.0,Kos Campur,16.0,0,1,1,1,1,1,0,0,0,0,1,1,0,1,1,1,0,1,0,0,0,0,1,0,0,0,0,0,0
Jakarta Selatan,Pasar Minggu,0.0,2000000.0,4.0,3.0,8.0,Kos Putri,9.0,0,1,1,1,0,1,1,1,1,1,1,1,1,0,0,1,1,1,1,1,0,0,1,0,1,0,0,0,1
Jakarta Utara,Kelapa Gading,2.0,2300000.0,0.0,0.0,0.0,Kos Campur,8.5,0,1,1,1,0,1,1,0,0,1,1,1,0,1,1,1,1,1,1,1,1,0,1,0,1,0,0,0,1
Jakarta Pusat,Kecamatan Senen,1.0,1150000.0,0.0,0.0,0.0,Kos Campur,9.0,0,1,1,0,1,0,0,0,0,0,0,0,0,0,0,1,0,0,0,0,0,0,0,0,0,0,0,0,0
Jakarta Utara,Kecamatan Tanjung Priok,0.0,1050000.0,5.0,2.0,7.0,Kos Campur,9.0,1,0,1,1,1,1,0,1,1,1,0,0,0,1,0,1,0,1,1,0,1,1,0,0,0,0,0,0,1
Jakarta Utara,Kecamatan Tanjung Priok,1.0,1200000.0,0.0,0.0,0.0,Kos Campur,12.0,0,1,1,1,1,1,0,1,0,1,1,1,0,1,1,1,0,1,1,1,0,0,1,0,1,0,0,0,0
Jakarta Barat,Kecamatan Grogol Petamburan,0.0,2250000.0,0.0,0.0,2.0,Kos Campur,10.5,0,1,1,0,1,0,0,0,0,0,1,1,1,1,1,1,1,0,1,0,1,0,0,0,1,0,0,0,0
Jakarta Pusat,Tanah Abang,0.0,2650000.0,0.0,0.0,1.0,Kos Campur,9.0,1,1,1,1,1,1,1,1,1,1,1,1,1,0,0,1,1,1,1,1,0,0,1,0,1,0,1,0,0
Jakarta Barat,Grogol Petamburan,1.0,1900000.0,0.0,0.0,0.0,Kos Campur,16.0,1,1,1,1,1,1,0,0,0,1,0,1,0,1,0,1,0,1,0,0,0,0,0,0,0,1,0,0,1
Jakarta Timur,Kecamatan Cakung,1.0,1700000.0,5.0,5.0,10.0,Kos Campur,9.0,0,1,1,1,1,1,0,1,1,0,1,1,1,1,1,1,0,1,1,1,0,0,1,0,1,0,0,0,0
Jakarta Timur,Cakung,1.0,900000.0,0.0,0.0,1.0,Kos Campur,9.0,1,1,0,1,1,1,0,0,1,1,0,0,0,1,0,0,0,1,0,0,0,1,0,1,0,0,0,0,0
Jakarta Barat,Kecamatan Palmerah,0.0,3000000.0,0.0,0.0,8.0,Kos Campur,12.0,0,1,1,1,1,1,1,1,1,1,1,1,1,0,1,1,1,1,1,1,0,0,1,0,1,0,0,0,0
Jakarta Timur,Kecamatan Cakung,1.0,2100000.0,4.5,26.0,159.0,Kos Campur,21.0,0,1,1,1,1,1,1,0,0,0,0,1,1,1,1,1,1,1,0,1,0,0,0,0,1,0,0,0,0
Jakarta Timur,Pulo Gadung,0.0,1100000.0,0.0,0.0,2.0,Kos Campur,12.0,0,1,0,1,1,1,1,1,1,1,1,0,0,1,0,1,0,1,0,1,0,1,0,0,0,0,0,0,0
Jakarta Barat,Kecamatan Palmerah,1.0,900000.0,0.0,0.0,0.0,Kos Campur,9.0,1,1,0,0,1,1,0,1,0,1,1,0,0,0,0,1,0,1,0,0,0,0,0,0,0,1,0,0,0
Jakarta Utara,Kecamatan Kelapa Gading,2.0,3001500.0,0.0,0.0,3.0,Kos Campur,16.0,1,1,1,1,1,1,1,1,1,0,1,1,1,0,0,1,1,1,1,0,1,0,1,0,1,0,1,0,0
Jakarta Timur,Duren Sawit,3.0,1300000.0,5.0,3.0,2.0,Kos Putri,12.0,1,0,1,0,1,1,1,1,1,1,1,1,0,1,0,1,1,1,1,1,1,0,1,0,1,0,1,0,1
Jakarta Selatan,Pasar Minggu,0.0,1000000.0,0.0,0.0,0.0,Kos Campur,12.0,1,1,0,1,1,1,0,0,0,1,0,1,0,1,0,0,0,1,1,1,0,1,0,0,0,1,0,0,0
Jakarta Utara,Kelapa Gading,0.0,1900000.0,0.0,0.0,0.0,Kos Campur,12.0,0,1,1,1,1,1,1,1,1,1,1,1,1,1,1,1,0,1,1,1,0,0,1,0,0,1,0,0,0
Jakarta Pusat,Kecamatan Cempaka Putih,1.0,2300000.0,0.0,0.0,0.0,Kos Campur,20.0,0,1,1,1,1,1,1,1,0,1,1,1,0,1,1,1,0,1,1,1,1,0,0,1,0,1,0,0,1
Jakarta Barat,Kecamatan Grogol petamburan,1.0,2500000.0,0.0,0.0,1.0,Kos Campur,9.0,0,1,1,1,1,1,0,1,1,1,1,1,1,1,1,1,1,1,1,1,1,0,0,1,0,0,0,0,1
Jakarta Timur,Pulo Gadung,2.0,700000.0,0.0,0.0,1.0,Kos Putra,10.5,1,0,0,1,1,1,0,1,1,1,0,0,0,1,0,0,0,0,0,0,0,1,0,1,0,1,0,0,1
Jakarta Utara,Kelapa Gading,0.0,2450000.0,0.0,0.0,0.0,Kos Putri,9.0,0,1,0,1,1,0,0,1,1,0,1,1,1,1,1,1,1,1,1,0,1,0,0,0,1,0,0,0,1
Jakarta Timur,Jatinegara,2.0,3500000.0,0.0,0.0,1.0,Kos Campur,18.0,0,1,1,1,1,1,1,1,1,1,1,1,1,0,1,1,1,1,1,1,0,0,1,0,1,0,0,0,0
Jakarta Timur,Kecamatan Duren Sawit,0.0,700000.0,0.0,0.0,1.0,Kos Campur,12.0,0,1,0,1,1,1,1,1,0,1,0,0,0,0,0,0,0,1,0,0,0,0,0,0,0,0,0,0,0
Jakarta Barat,Kembangan,0.0,3100000.0,0.0,0.0,0.0,Kos Campur,18.0,0,1,1,1,0,1,1,1,0,0,1,1,0,1,1,1,0,1,1,1,1,0,0,0,1,0,0,0,0
Jakarta Utara,Kecamatan Cilincing,1.0,1500000.0,0.0,0.0,3.0,Kos Campur,12.0,0,1,1,0,0,0,1,0,0,0,0,1,1,0,0,1,1,0,0,0,0,0,0,0,0,0,0,0,0
Jakarta Timur,Kecamatan Matraman,2.0,3500000.0,0.0,0.0,2.0,Kos Campur,30.0,0,1,1,1,1,1,1,1,0,0,1,1,1,1,1,1,1,1,1,1,1,0,0,0,1,0,0,0,1
Jakarta Timur,Kecamatan Matraman,2.0,3500000.0,0.0,0.0,2.0,Kos Campur,30.0,0,1,1,1,1,1,1,1,0,0,1,1,1,1,1,1,1,1,1,1,1,0,0,0,1,0,0,0,1
Jakarta Timur,Kecamatan Matraman,2.0,3500000.0,0.0,0.0,2.0,Kos Campur,30.0,0,1,1,1,1,1,1,1,0,0,1,1,1,1,1,1,1,1,1,1,1,0,0,0,1,0,0,0,1
Jakarta Timur,Kecamatan Matraman,2.0,3500000.0,0.0,0.0,2.0,Kos Campur,30.0,0,1,1,1,1,1,1,1,0,0,1,1,1,1,1,1,1,1,1,1,1,0,0,0,1,0,0,0,1
Jakarta Timur,Kecamatan Matraman,2.0,3500000.0,0.0,0.0,2.0,Kos Campur,30.0,0,1,1,1,1,1,1,1,0,0,1,1,1,1,1,1,1,1,1,1,1,0,0,0,1,0,0,0,1
Jakarta Utara,Kecamatan Kelapa Gading,1.0,1550000.0,4.9,5.0,10.0,Kos Putri,6.0,1,0,1,1,1,1,0,1,1,1,1,1,0,1,1,1,0,1,1,1,1,0,0,0,1,0,1,0,0
Jakarta Selatan,Cilandak,0.0,3750000.0,0.0,0.0,6.0,Kos Campur,15.0,0,1,1,1,1,1,1,1,1,1,1,1,1,1,0,1,1,1,1,0,1,0,0,0,1,1,1,0,1
Jakarta Selatan,Cilandak,0.0,4000000.0,0.0,0.0,2.0,Kos Campur,13.5,0,1,1,1,1,1,1,1,1,1,1,1,1,1,0,1,1,1,1,0,1,0,0,0,1,1,1,0,1
Jakarta Selatan,Cilandak,0.0,4000000.0,0.0,0.0,6.0,Kos Campur,16.5,0,1,1,1,1,1,1,1,1,1,1,1,1,1,0,1,1,1,1,0,1,0,0,0,1,1,1,0,1
Jakarta Barat,Grogol Petamburan,0.0,2600000.0,0.0,0.0,16.0,Kos Campur,9.0,0,1,1,1,1,1,1,1,1,1,1,1,1,1,1,1,0,1,1,1,1,0,0,0,0,0,0,0,0
Jakarta Utara,Kecamatan Kelapa Gading,3.0,1400000.0,0.0,0.0,1.0,Kos Campur,7.5,0,0,1,1,1,1,0,1,1,1,1,1,0,1,0,1,0,1,1,1,1,0,1,0,1,1,1,0,0
Jakarta Utara,Kecamatan Kelapa Gading,3.0,2900000.0,4.5,3.0,13.0,Kos Campur,10.240000000000002,0,1,1,1,1,1,1,1,1,1,1,1,1,0,1,1,1,1,1,1,1,0,0,0,0,0,1,0,1
Jakarta Utara,Kecamatan Kelapa Gading,0.0,2200000.0,4.9,18.0,29.0,Kos Campur,9.0,0,1,1,1,1,1,1,1,1,1,1,1,1,1,1,1,1,1,1,1,1,0,0,0,0,0,1,0,0
Jakarta Utara,Kecamatan Kelapa Gading,2.0,2100000.0,5.0,1.0,0.0,Kos Putri,12.0,0,1,1,1,1,1,0,1,1,1,1,1,1,0,0,1,1,1,1,1,0,0,1,0,1,0,0,0,0
Jakarta Utara,Kecamatan Kelapa Gading,0.0,750000.0,0.0,0.0,1.0,Kos Campur,4.0,1,0,1,1,1,1,0,1,1,1,0,0,0,1,0,1,0,1,1,1,1,1,0,0,1,0,0,0,0
Jakarta Utara,Kecamatan Kelapa Gading,0.0,750000.0,0.0,0.0,1.0,Kos Campur,4.0,1,0,1,1,1,1,0,1,1,1,0,0,0,1,0,1,0,1,1,1,1,1,0,0,1,0,0,0,0
Jakarta Utara,Kecamatan Kelapa Gading,0.0,950000.0,0.0,0.0,1.0,Kos Campur,5.0,1,0,1,1,1,1,0,1,1,1,1,0,0,1,1,1,0,1,1,1,1,0,1,1,1,1,0,0,0
Jakarta Utara,Kecamatan Kelapa Gading,0.0,950000.0,0.0,0.0,0.0,Kos Campur,9.0,1,0,1,1,1,1,0,1,1,1,0,0,0,1,0,1,0,1,1,1,1,1,0,1,1,0,0,0,1
Jakarta Barat,Kecamatan Taman Sari,1.0,2300000.0,5.0,1.0,9.0,Kos Campur,9.0,0,1,1,1,1,1,0,1,1,1,1,1,1,1,1,1,1,1,1,0,0,0,0,1,0,0,1,0,1
Jakarta Utara,Kecamatan Kelapa Gading,0.0,1600000.0,0.0,0.0,0.0,Kos Campur,9.0,0,1,0,1,0,1,0,1,0,1,1,1,1,1,1,1,0,1,1,1,0,0,1,1,0,1,0,0,0
Jakarta Timur,Cipayung,0.0,1600000.0,0.0,0.0,0.0,Kos Campur,12.0,0,0,1,1,1,1,1,1,1,1,0,1,0,0,1,1,0,1,1,1,1,0,0,0,0,0,0,0,0
Jakarta Barat,Taman Sari,2.0,1750000.0,0.0,0.0,4.0,Kos Putri,8.14,0,1,1,1,1,1,0,0,1,1,1,1,0,1,1,1,0,1,1,1,0,0,0,0,0,1,0,0,0
Jakarta Utara,Kelapa Gading,0.0,2500000.0,0.0,0.0,1.0,Kos Campur,24.0,0,1,1,1,1,1,1,1,1,1,1,1,1,1,1,1,0,1,1,1,0,0,1,0,0,1,0,0,0
Jakarta Utara,Kelapa Gading,2.0,1950000.0,4.0,1.0,6.0,Kos Campur,12.0,0,1,1,0,1,1,1,1,1,1,1,1,1,1,0,1,0,1,1,1,1,0,1,0,0,0,0,0,0
Jakarta Barat,Palmerah,2.0,3200000.0,0.0,0.0,6.0,Kos Campur,15.0,0,1,1,1,1,1,1,1,1,1,1,1,1,1,1,1,1,1,1,1,1,0,0,0,1,0,0,0,0
Jakarta Timur,Cipayung,2.0,1500000.0,0.0,0.0,1.0,Kos Campur,12.0,0,1,1,0,0,1,1,1,1,1,1,1,1,0,0,1,0,0,1,1,0,1,0,0,1,0,1,0,0
Jakarta Utara,Cilincing,3.0,1350000.0,5.0,4.0,5.0,Kos Campur,6.0,0,0,1,0,0,1,0,1,0,1,1,1,0,1,0,1,0,1,0,0,0,0,1,1,0,1,0,0,0
Jakarta Utara,Kecamatan Tanjung Priok,0.0,1600000.0,0.0,0.0,17.0,Kos Putri,7.5,0,1,1,1,1,1,0,0,0,1,1,1,0,0,0,1,1,1,1,1,0,0,1,0,0,0,0,0,0
Jakarta Utara,Kecamatan Tanjung Priok,0.0,1600000.0,0.0,0.0,17.0,Kos Putri,7.5,0,1,1,1,1,1,0,0,0,1,1,1,0,0,0,1,1,1,1,1,0,0,1,0,0,0,0,0,0
Jakarta Barat,Kebon Jeruk,1.0,3500000.0,0.0,0.0,0.0,Kos Campur,20.0,0,1,1,1,1,1,1,1,0,1,1,1,1,0,0,1,1,1,1,1,0,0,1,0,1,0,0,0,0
Jakarta Pusat,Kecamatan Menteng,0.0,3000000.0,0.0,0.0,0.0,Kos Campur,12.0,0,1,1,1,1,1,1,0,0,0,1,1,1,1,1,1,1,1,1,0,0,0,0,1,0,0,0,0,0
Jakarta Barat,Kecamatan Kebon Jeruk,0.0,1800000.0,0.0,0.0,8.0,Kos Campur,12.0,0,1,1,1,1,1,1,1,0,1,1,1,0,1,0,1,1,1,1,1,1,0,1,1,0,0,0,0,0
Jakarta Timur,Duren Sawit,0.0,1600000.0,0.0,0.0,0.0,Kos Putra,17.5,1,1,0,1,1,1,1,1,0,1,0,1,1,1,1,1,0,0,1,1,1,0,0,1,0,1,0,0,0
Jakarta Utara,Kecamatan Kelapa Gading,1.0,1900000.0,0.0,0.0,0.0,Kos Campur,12.0,0,1,1,0,0,1,1,0,1,1,0,1,0,0,0,1,1,1,1,1,0,0,0,0,0,0,1,0,1
Jakarta Timur,Cipayung,0.0,2350000.0,0.0,0.0,0.0,Kos Campur,12.0,0,1,1,1,1,1,1,1,1,1,1,1,1,1,1,1,1,1,0,0,0,0,0,0,0,0,0,0,0
Jakarta Utara,Penjaringan,0.0,1500000.0,0.0,0.0,1.0,Kos Campur,12.0,0,1,0,1,1,1,1,1,0,1,0,1,0,1,1,0,0,1,1,1,0,0,0,1,1,1,0,0,0
Jakarta Timur,Kecamatan Pulo Gadung,0.0,1600000.0,0.0,0.0,0.0,Kos Campur,12.0,0,1,1,1,1,1,1,1,1,1,1,1,0,1,0,1,0,1,1,1,1,0,0,1,0,0,1,0,0
Jakarta Timur,Kecamatan Pasar Rebo,0.0,1020000.0,0.0,0.0,0.0,Kos Campur,20.0,0,1,0,1,1,1,0,1,0,1,0,0,0,0,0,0,0,1,0,0,0,0,0,1,1,1,0,1,0
Jakarta Barat,Kecamatan Grogol petamburan,2.0,1490000.0,4.6,2.0,6.0,Kos Campur,6.0,0,0,1,1,1,1,0,1,1,1,0,1,0,1,1,1,0,1,1,1,1,0,0,1,0,0,0,0,1
Jakarta Pusat,Sawah Besar,2.0,950000.0,5.0,1.0,2.0,Kos Putri,9.0,1,0,0,1,0,1,0,1,0,1,0,0,1,0,0,1,0,0,1,1,0,1,0,0,0,0,0,0,0
Jakarta Selatan,Mampang Prapatan,1.0,1100000.0,0.0,0.0,0.0,Kos Campur,12.0,0,1,0,1,1,1,0,0,1,1,0,0,0,0,0,1,0,1,0,1,0,0,0,0,0,1,0,0,0
Jakarta Utara,Penjaringan,0.0,1600000.0,0.0,0.0,0.0,Kos Campur,9.0,0,1,0,1,1,1,1,1,1,1,1,1,0,0,0,0,0,1,0,1,0,1,1,0,0,1,0,0,0
Jakarta Utara,Kelapa Gading,0.0,1000000.0,0.0,0.0,1.0,Kos Campur,12.0,0,0,1,1,1,1,1,0,0,1,0,1,0,1,0,1,0,0,0,1,0,1,0,1,0,0,0,0,0
Jakarta Utara,Kecamatan Penjaringan,0.0,1350000.0,0.0,0.0,0.0,Kos Campur,12.0,0,1,0,1,1,1,1,1,1,1,0,1,0,0,0,0,0,1,0,0,0,1,0,0,0,1,0,1,0
Jakarta Utara,Kecamatan Tanjung Priok,1.0,900000.0,0.0,0.0,0.0,Kos Campur,12.25,1,1,0,0,0,1,0,1,0,1,0,0,0,0,0,0,0,1,0,1,0,0,0,0,0,1,0,0,0
Jakarta Utara,Penjaringan,2.0,1000000.0,4.6,1.0,0.0,Kos Campur,9.0,0,1,0,0,1,1,0,1,1,1,1,0,1,0,0,0,0,0,0,1,0,1,0,0,0,1,0,0,0
Jakarta Utara,Tanjung Priok,0.0,850000.0,0.0,0.0,13.0,Kos Campur,9.0,1,0,1,0,0,1,0,0,1,1,0,0,1,0,0,1,0,1,1,1,0,1,0,0,1,1,0,0,0
Jakarta Utara,Kecamatan Pademangan,0.0,1600000.0,0.0,0.0,0.0,Kos Campur,12.0,0,1,1,1,0,1,1,0,0,1,1,1,0,1,0,1,0,1,0,1,0,0,1,0,0,0,0,0,0
Jakarta Utara,Kelapa Gading,1.0,2400000.0,0.0,0.0,0.0,Kos Campur,12.0,0,1,1,0,1,1,1,1,1,1,1,1,1,1,1,1,1,1,1,1,1,0,1,1,0,0,0,0,0
Jakarta Utara,Kelapa Gading,1.0,2000000.0,0.0,0.0,0.0,Kos Campur,9.0,0,0,1,0,1,1,1,1,1,1,1,1,1,1,1,1,1,1,1,1,1,0,0,1,0,0,0,0,0
Jakarta Barat,Kebon Jeruk,1.0,1770000.0,5.0,6.0,0.0,Kos Campur,7.5,0,1,1,1,1,1,0,1,1,1,1,1,0,1,1,1,1,1,1,1,0,0,1,1,1,0,1,0,0
Jakarta Utara,Kecamatan Tanjung Priok,2.0,2945000.0,0.0,0.0,0.0,Kos Campur,14.0,0,0,1,1,1,1,1,1,1,0,1,1,1,1,1,1,1,1,1,1,1,0,1,0,1,0,1,0,0
Jakarta Utara,Kecamatan Tanjung Priok,0.0,2470000.0,0.0,0.0,0.0,Kos Campur,12.0,0,0,1,1,1,1,1,1,1,0,1,1,1,1,1,1,1,1,1,1,1,0,1,0,1,0,1,0,1
Jakarta Utara,Kecamatan Tanjung Priok,0.0,2755000.0,0.0,0.0,0.0,Kos Campur,12.0,0,0,1,1,1,1,1,1,1,0,0,1,1,1,1,1,1,1,1,1,1,0,0,0,1,0,1,0,0
Jakarta Barat,Kecamatan Taman Sari,0.0,2650000.0,0.0,0.0,2.0,Kos Campur,9.0,0,1,1,1,0,1,0,1,1,1,1,1,1,1,1,1,1,1,1,0,0,0,0,1,1,0,1,0,0
Jakarta Utara,Penjaringan,0.0,3500000.0,0.0,0.0,2.0,Kos Campur,16.0,0,1,1,1,1,1,1,1,0,0,1,1,0,1,1,1,1,1,1,0,0,0,1,0,1,1,0,0,0
Jakarta Selatan,Mampang Prapatan,0.0,900000.0,4.0,2.0,13.0,Kos Campur,9.0,0,1,0,0,1,1,0,0,0,0,0,0,0,1,0,0,0,1,0,0,0,0,0,1,0,1,0,0,0
Jakarta Pusat,Kemayoran,3.0,1110000.0,0.0,0.0,0.0,Kos Campur,12.0,0,1,0,0,0,1,0,0,0,1,0,0,0,0,0,0,0,0,0,0,0,0,0,0,0,1,0,0,0
Jakarta Utara,Tanjung Priok,0.0,1700000.0,5.0,1.0,5.0,Kos Campur,6.0,0,1,1,1,0,1,0,1,1,1,1,1,1,1,1,1,1,1,1,1,1,0,1,0,1,0,1,0,0
Jakarta Utara,Penjaringan,1.0,2400000.0,0.0,0.0,4.0,Kos Putri,11.2,0,1,1,1,0,1,1,1,0,0,1,1,1,1,1,1,1,1,1,1,1,0,0,0,0,0,0,0,1
Jakarta Selatan,Kecamatan Jagakarsa,2.0,1200000.0,0.0,0.0,7.0,Kos Putri,7.5,0,1,1,1,1,1,0,1,1,1,1,1,0,1,1,1,1,1,1,1,0,0,0,0,1,0,0,0,0
Jakarta Utara,Kecamatan Kelapa Gading,1.0,2300000.0,0.0,0.0,0.0,Kos Putri,9.0,0,1,1,1,1,1,1,1,1,1,1,1,1,1,1,1,1,1,1,1,1,0,0,1,1,0,0,0,0
Jakarta Utara,Kecamatan Kelapa Gading,1.0,2200000.0,0.0,0.0,0.0,Kos Putri,9.0,0,1,1,1,1,1,1,1,1,1,1,1,1,1,1,1,1,1,1,1,1,0,0,1,1,0,0,0,0
Jakarta Utara,Kecamatan Kelapa Gading,1.0,3000000.0,0.0,0.0,0.0,Kos Putri,9.0,0,1,1,1,1,1,1,1,1,1,1,1,1,1,1,1,1,1,1,1,1,0,0,1,1,0,0,0,0
Jakarta Utara,Kecamatan Tanjung Priok,1.0,2200000.0,0.0,0.0,0.0,Kos Campur,10.0,0,1,1,1,1,1,1,1,0,1,1,1,0,1,1,1,1,0,1,1,0,0,0,0,1,0,0,0,1
Jakarta Barat,Grogol petamburan,0.0,1900000.0,0.0,0.0,9.0,Kos Campur,12.0,0,1,1,1,1,1,0,1,0,1,0,1,0,0,0,1,0,1,0,0,0,0,0,0,1,0,0,0,1
Jakarta Barat,Grogol petamburan,0.0,1900000.0,0.0,0.0,9.0,Kos Campur,12.0,0,1,1,1,1,1,0,1,0,1,0,1,0,0,0,1,0,1,0,0,0,0,0,0,1,0,0,0,1
Jakarta Utara,Kecamatan Kelapa Gading,1.0,1800000.0,0.0,0.0,0.0,Kos Campur,12.0,0,1,1,1,1,1,0,0,1,1,0,1,0,1,1,1,0,1,0,1,0,0,0,0,0,0,1,0,0
Jakarta Utara,Penjaringan,3.0,850000.0,0.0,0.0,0.0,Kos Campur,3.6,1,0,0,0,0,0,0,0,0,0,0,0,0,0,0,0,0,0,0,0,0,1,0,0,0,1,0,0,0
Jakarta Utara,Penjaringan,3.0,850000.0,0.0,0.0,0.0,Kos Campur,3.6,1,0,0,0,0,0,0,0,0,0,0,0,0,0,0,0,0,0,0,0,0,1,0,0,0,1,0,0,0
Jakarta Timur,Jatinegara,0.0,900000.0,0.0,0.0,0.0,Kos Putri,9.0,0,1,1,0,1,1,1,0,0,1,0,1,0,1,0,0,0,1,0,0,1,0,1,0,0,1,0,0,0
Jakarta Utara,Tanjung Priok,0.0,670000.0,0.0,0.0,5.0,Kos Putra,9.0,1,0,0,0,1,1,0,0,0,1,0,0,0,0,0,0,0,0,0,0,0,0,0,0,0,1,0,0,0
Jakarta Barat,Kebon Jeruk,1.0,800000.0,0.0,0.0,1.0,Kos Putri,7.5,1,1,0,1,1,1,0,1,1,1,1,0,0,1,0,0,0,1,0,0,1,1,0,1,0,1,0,1,0
Jakarta Utara,Kelapa Gading,0.0,2150000.0,0.0,0.0,0.0,Kos Putri,12.0,1,1,1,1,1,1,1,1,1,1,0,1,0,1,0,1,0,0,0,1,0,0,0,1,1,0,0,0,1
Jakarta Barat,Palmerah,3.0,2400000.0,3.6,1.0,3.0,Kos Campur,10.0,0,1,1,0,1,1,0,1,1,1,1,1,0,1,1,1,1,1,1,1,1,0,0,0,1,0,1,0,1
Jakarta Pusat,Kecamatan Sawah Besar,2.0,1600000.0,0.0,0.0,0.0,Kos Campur,12.0,0,1,1,1,0,1,0,1,0,0,0,1,0,1,1,1,0,1,0,0,0,0,0,1,1,0,0,0,1
Jakarta Timur,Kecamatan Kramat jati,0.0,1200000.0,5.0,1.0,3.0,Kos Campur,9.0,0,1,1,1,1,1,0,1,1,1,0,1,0,1,0,1,0,1,1,0,0,0,0,1,0,1,0,0,0
Jakarta Timur,Ciracas,0.0,1300000.0,0.0,0.0,0.0,Kos Putri,9.0,0,1,1,1,1,1,1,1,0,1,0,1,0,1,1,1,0,1,1,1,1,1,0,0,0,1,0,0,1
Jakarta Pusat,Taman Sari,0.0,800000.0,0.0,0.0,0.0,Kos Putra,9.0,0,0,0,0,0,0,0,0,0,0,0,0,0,0,0,0,0,0,0,0,0,0,0,0,0,1,0,0,0
Jakarta Pusat,Taman Sari,0.0,800000.0,0.0,0.0,0.0,Kos Putra,9.0,0,0,0,0,0,0,0,0,0,0,0,0,0,0,0,0,0,0,0,0,0,0,0,0,0,1,0,0,0
Jakarta Utara,Tanjung Priok,0.0,2000000.0,0.0,0.0,1.0,Kos Campur,12.25,0,1,1,1,1,1,1,1,1,1,1,1,0,1,1,1,0,1,0,1,0,0,1,0,0,0,0,0,0
Jakarta Utara,Kecamatan Tanjung Priok,0.0,3300000.0,0.0,0.0,0.0,Kos Campur,18.0,0,1,1,1,0,1,1,1,0,0,1,1,1,1,1,1,1,1,1,0,1,0,0,0,1,0,0,0,0
Jakarta Utara,Kelapa Gading,3.0,1400000.0,5.0,1.0,0.0,Kos Campur,12.0,0,0,1,0,0,1,0,1,1,0,0,1,0,1,0,1,1,1,1,0,0,0,0,0,1,0,0,0,1
Jakarta Utara,Kecamatan Kelapa Gading,0.0,1350000.0,0.0,0.0,5.0,Kos Campur,9.0,0,0,1,1,0,1,1,1,1,1,1,1,0,1,1,1,0,1,1,0,0,0,1,1,1,0,1,0,0
Jakarta Pusat,Kecamatan Senen,0.0,2300000.0,0.0,0.0,1.0,Kos Campur,12.0,0,1,1,1,1,1,1,1,1,1,1,1,0,0,0,1,1,1,1,1,1,0,1,1,1,0,1,0,0
Jakarta Utara,Tanjung Priok,0.0,800000.0,0.0,0.0,1.0,Kos Putri,9.0,0,1,0,1,1,1,0,0,1,1,0,0,0,0,0,1,0,1,0,1,0,0,0,0,0,0,0,0,0
Jakarta Timur,Cakung,1.0,1250000.0,0.0,0.0,0.0,Kos Putri,4.0,0,0,1,1,1,1,1,1,1,1,0,1,0,1,0,1,0,0,1,1,0,0,0,1,0,1,0,0,0
Jakarta Timur,Cakung,1.0,1250000.0,0.0,0.0,0.0,Kos Putri,4.0,0,0,1,1,1,1,1,1,1,1,0,1,0,1,0,1,0,0,1,1,0,0,0,1,0,1,0,0,0
Jakarta Timur,Cakung,1.0,1250000.0,0.0,0.0,0.0,Kos Putri,4.0,0,0,1,1,1,1,1,1,1,1,0,1,0,1,0,1,0,0,1,1,0,0,0,1,0,1,0,0,0
Jakarta Timur,Cakung,1.0,1250000.0,0.0,0.0,0.0,Kos Putri,9.0,0,0,0,0,0,0,0,0,0,0,0,0,0,0,0,0,0,0,0,0,0,0,0,0,0,0,0,0,0
Jakarta Barat,Kecamatan Grogol petamburan,0.0,2370000.0,0.0,0.0,2.0,Kos Campur,14.0,0,1,1,1,1,1,0,1,1,1,1,1,1,1,1,1,1,1,1,1,0,0,0,0,1,0,1,0,0
Jakarta Barat,Grogol Petamburan,0.0,2380000.0,3.8,2.0,34.0,Kos Campur,12.0,0,1,1,1,1,1,0,1,1,1,1,1,1,1,1,1,1,1,0,1,0,0,0,0,1,0,1,0,0
Jakarta Timur,Kecamatan Cakung,0.0,1700000.0,0.0,0.0,0.0,Kos Campur,9.0,0,1,1,0,1,1,0,1,0,1,1,1,0,1,0,1,0,1,1,1,0,0,1,1,0,0,0,0,1
Jakarta Timur,Kecamatan Cakung,0.0,1700000.0,0.0,0.0,0.0,Kos Campur,9.0,0,1,1,0,1,1,0,1,0,1,1,1,0,1,0,1,0,1,1,1,0,0,1,1,0,0,0,0,1
Jakarta Timur,Kecamatan Cakung,0.0,1700000.0,0.0,0.0,0.0,Kos Campur,9.0,0,1,1,0,1,1,0,1,0,1,1,1,0,1,0,1,0,1,1,1,0,0,1,1,0,0,0,0,1
Jakarta Timur,Kecamatan Cakung,0.0,1700000.0,0.0,0.0,0.0,Kos Campur,9.0,0,1,1,0,1,1,0,1,0,1,1,1,0,1,0,1,0,1,1,1,0,0,1,1,0,0,0,0,1
Jakarta Timur,Kecamatan Cakung,0.0,1700000.0,0.0,0.0,0.0,Kos Campur,9.0,0,1,1,0,1,1,0,1,0,1,1,1,0,1,0,1,0,1,1,1,0,0,1,1,0,0,0,0,1
Jakarta Timur,Pulo Gadung,0.0,1600000.0,0.0,0.0,0.0,Kos Putri,9.0,0,1,1,1,1,1,0,0,0,0,0,1,0,1,0,1,0,1,1,1,0,0,0,0,0,0,0,0,0
Jakarta Selatan,Kecamatan Pesanggrahan,0.0,2000000.0,0.0,0.0,0.0,Kos Campur,9.0,0,1,1,1,1,1,1,1,0,1,1,1,1,1,1,1,1,1,1,1,1,0,1,0,1,0,0,0,0
Jakarta Pusat,Cempaka Putih,0.0,2500000.0,0.0,0.0,8.0,Kos Campur,9.0,0,1,1,1,1,1,1,1,1,0,1,1,1,0,0,1,1,1,1,1,0,0,1,0,0,0,1,0,0
Jakarta Utara,Kecamatan Kelapa Gading,0.0,2250000.0,0.0,0.0,3.0,Kos Campur,9.0,0,1,1,0,1,1,1,1,1,0,1,1,1,1,0,1,1,1,1,1,1,0,0,0,1,0,1,0,0
Jakarta Pusat,Cempaka Putih,0.0,4000000.0,0.0,0.0,0.0,Kos Campur,25.0,0,1,1,1,1,1,1,1,1,0,1,1,1,1,1,1,1,1,1,1,1,0,1,0,1,0,1,0,0
Jakarta Pusat,Cempaka Putih,0.0,4000000.0,0.0,0.0,0.0,Kos Campur,25.0,0,1,1,1,1,0,0,1,1,0,1,1,1,1,1,1,1,1,1,1,1,0,1,0,1,0,1,0,0
Jakarta Pusat,Cempaka Putih,0.0,4500000.0,0.0,0.0,0.0,Kos Campur,30.0,0,1,1,1,1,1,1,1,1,0,1,1,1,1,1,1,1,1,1,1,1,0,1,0,1,0,1,0,0
Jakarta Pusat,Cempaka Putih,0.0,2500000.0,0.0,0.0,0.0,Kos Campur,9.0,0,1,1,1,1,1,1,1,1,0,1,1,1,1,1,1,1,1,1,1,1,0,1,0,1,0,1,0,0
Jakarta Timur,Pulo Gadung,2.0,1200000.0,1.5,1.0,0.0,Kos Putra,6.0,0,0,1,0,0,1,0,1,0,1,1,1,0,0,0,1,0,1,0,1,0,0,1,0,0,1,0,0,0
Jakarta Utara,Tanjung Priok,1.0,1000000.0,0.0,0.0,0.0,Kos Campur,12.0,1,1,0,1,1,1,0,1,1,1,0,0,0,1,1,0,0,1,1,0,0,1,0,1,0,0,0,0,0
Jakarta Pusat,Kecamatan Gambir,1.0,3400000.0,5.0,1.0,1.0,Kos Campur,12.0,0,1,1,1,1,1,0,1,1,0,1,1,1,1,1,1,1,1,1,1,1,0,0,0,0,0,0,0,1
Jakarta Barat,Kecamatan Kembangan,0.0,2500000.0,5.0,1.0,2.0,Kos Campur,9.9,0,1,1,1,1,1,0,1,1,1,0,1,1,1,1,1,1,1,1,1,1,0,0,1,0,0,0,0,0
Jakarta Timur,Kecamatan Pasar Rebo,2.0,1800000.0,0.0,0.0,0.0,Kos Putri,12.0,0,1,1,0,1,1,1,1,1,1,0,1,1,1,0,1,0,1,1,1,1,0,0,1,0,1,1,0,0
Jakarta Pusat,Sawah Besar,0.0,2000000.0,4.5,6.0,1.0,Kos Campur,7.5,0,1,0,1,0,1,0,1,1,1,1,1,0,0,0,1,0,1,1,1,1,0,1,0,1,1,0,0,1
Jakarta Timur,Pulo Gadung,0.0,1400000.0,0.0,0.0,0.0,Kos Campur,12.0,0,1,0,1,1,1,0,1,0,1,1,1,1,1,1,0,0,1,1,1,0,0,1,0,0,1,0,0,0
Jakarta Barat,Kembangan,0.0,1900000.0,4.6,2.0,5.0,Kos Campur,9.0,0,1,1,1,1,1,0,1,0,0,1,1,1,1,0,1,1,1,1,1,1,0,1,1,1,0,0,0,0
Jakarta Timur,Kecamatan Pulo Gadung,1.0,2000000.0,0.0,0.0,0.0,Kos Campur,12.0,0,1,1,1,1,1,1,1,1,0,1,1,1,1,0,1,1,1,1,1,0,0,0,1,0,0,0,0,0
Jakarta Barat,Kecamatan Cengkareng,1.0,2000000.0,4.9,2.0,4.0,Kos Campur,8.0,0,1,1,1,1,1,0,1,0,1,1,1,1,1,1,1,1,1,1,1,1,0,1,0,0,0,0,0,0
Jakarta Utara,Kelapa Gading,3.0,1850000.0,5.0,3.0,2.0,Kos Campur,9.0,1,0,1,1,1,1,0,1,0,1,1,1,1,1,1,1,1,1,1,1,1,0,1,0,0,0,0,0,0
Jakarta Utara,Kelapa Gading,1.0,800000.0,4.5,2.0,14.0,Kos Campur,5.0,1,0,1,1,1,1,0,1,1,1,0,0,0,1,0,1,0,1,1,1,0,0,0,1,0,0,0,0,0
Jakarta Utara,Kelapa Gading,1.0,695000.0,4.8,3.0,15.0,Kos Campur,5.0,1,0,1,1,0,1,0,1,1,1,0,0,0,1,1,1,0,1,1,1,0,1,0,1,0,0,0,0,0
Jakarta Pusat,Sawah Besar,3.0,3300000.0,0.0,0.0,6.0,Kos Campur,9.0,0,1,1,1,1,1,1,1,0,0,1,1,1,1,1,1,1,1,1,1,0,0,0,1,1,0,0,0,0
Jakarta Pusat,Gambir,0.0,2600000.0,4.4,11.0,7.0,Kos Campur,9.0,0,1,1,1,0,1,0,0,1,1,1,1,1,1,0,1,1,1,0,1,0,0,1,0,1,0,0,0,0
Jakarta Utara,Tanjung Priok,0.0,1500000.0,0.0,0.0,1.0,Kos Campur,9.0,0,1,1,1,1,1,0,1,1,1,1,1,0,1,1,1,1,1,1,1,1,0,1,0,1,0,0,0,1
Jakarta Timur,Cipayung,1.0,1200000.0,4.6,1.0,4.0,Kos Putri,18.0,0,1,1,1,1,1,1,1,0,1,1,1,0,1,0,1,0,1,0,1,0,0,1,0,0,1,0,0,0
Jakarta Pusat,Kecamatan Kemayoran,3.0,900000.0,0.0,0.0,3.0,Kos Campur,9.0,0,1,0,1,1,1,0,0,0,1,0,0,0,1,0,0,0,1,0,0,0,1,0,0,0,1,0,0,0
Jakarta Timur,Kecamatan Cakung,0.0,1200000.0,0.0,0.0,0.0,Kos Putri,9.0,0,0,0,0,0,0,0,0,0,0,0,0,0,0,0,0,0,0,0,0,0,0,0,0,0,0,0,0,0
Jakarta Pusat,Kemayoran,3.0,1700000.0,0.0,0.0,0.0,Kos Campur,9.0,0,1,0,1,1,1,0,1,0,1,1,1,0,1,1,1,0,1,1,1,0,0,0,0,0,0,0,0,0
Jakarta Pusat,Kemayoran,3.0,1700000.0,0.0,0.0,0.0,Kos Campur,9.0,0,1,0,1,1,1,0,1,0,1,1,1,0,1,1,1,0,1,1,1,0,0,0,0,0,0,0,0,0
Jakarta Utara,Kecamatan Kelapa Gading,2.0,1400000.0,4.6,2.0,1.0,Kos Putra,9.0,0,0,1,1,0,1,0,0,1,1,1,1,1,1,0,1,0,1,1,1,1,0,1,0,1,0,1,0,0
Jakarta Barat,Kecamatan Cengkareng,0.0,2500000.0,0.0,0.0,0.0,Kos Campur,9.0,0,1,1,1,1,1,0,1,1,0,1,1,0,1,1,1,0,1,1,1,1,0,1,1,0,1,1,0,0
Jakarta Pusat,Kecamatan Senen,0.0,2999000.0,4.8,15.0,74.0,Kos Campur,9.0,0,1,1,1,1,1,0,1,1,1,1,1,1,1,1,1,1,1,1,1,1,0,0,0,1,0,1,0,1
Jakarta Utara,Tanjung Priok,2.0,1100000.0,0.0,0.0,7.0,Kos Campur,6.0,0,1,1,1,1,1,0,1,0,1,0,0,0,0,0,1,0,1,1,1,0,0,0,0,0,0,0,0,0
Jakarta Utara,Kecamatan Kelapa Gading,0.0,2200000.0,0.0,0.0,1.0,Kos Putra,12.0,0,1,1,0,0,0,0,1,1,0,0,1,1,0,0,1,1,1,1,1,0,0,0,0,0,0,0,0,0
Jakarta Utara,Kelapa Gading,0.0,1500000.0,0.0,0.0,0.0,Kos Campur,9.0,0,0,1,0,0,0,0,0,0,0,1,1,0,1,0,1,0,1,0,0,1,0,1,0,1,0,0,0,0
Jakarta Utara,Kecamatan Kelapa Gading,1.0,1700000.0,0.0,0.0,1.0,Kos Campur,9.0,1,0,1,1,1,1,0,1,0,0,0,1,0,0,0,1,1,1,0,1,0,0,1,0,1,0,0,0,0
Jakarta Timur,Kecamatan Pulo Gadung,2.0,1600000.0,0.0,0.0,0.0,Kos Campur,12.0,0,1,1,1,1,1,0,0,0,1,0,1,0,0,0,1,0,0,0,1,0,0,0,0,1,0,0,0,1
Jakarta Barat,Kecamatan Grogol petamburan,0.0,1300000.0,0.0,0.0,0.0,Kos Campur,12.0,0,0,1,0,1,1,0,1,0,1,1,1,0,1,0,1,1,1,0,0,0,0,0,1,0,0,0,0,1
Jakarta Selatan,Kebayoran Baru,1.0,3500000.0,0.0,0.0,15.0,Kos Campur,15.0,0,1,1,1,0,1,1,1,1,0,1,1,1,0,0,1,1,1,1,1,1,0,0,1,1,0,1,0,1
Jakarta Selatan,Pancoran,0.0,2000000.0,0.0,0.0,0.0,Kos Putri,9.0,1,1,1,1,1,1,1,1,1,1,1,1,0,1,1,1,0,1,0,1,0,0,0,0,0,1,0,0,1
Jakarta Utara,Kecamatan Cilincing,1.0,1500000.0,0.0,0.0,0.0,Kos Putra,9.0,0,1,1,1,0,1,1,1,1,1,1,1,0,1,1,1,0,1,0,1,0,0,1,1,0,0,0,0,0
Jakarta Pusat,Kemayoran,0.0,1300000.0,0.0,0.0,0.0,Kos Campur,10.5,1,0,1,1,0,1,0,1,1,1,1,0,0,1,1,1,0,1,0,0,0,1,1,1,1,1,0,0,1
Jakarta Utara,Kecamatan Cilincing,0.0,1500000.0,5.0,1.0,10.0,Kos Campur,16.0,0,1,1,1,1,1,0,1,1,1,1,1,0,1,0,1,0,1,1,1,0,0,0,0,0,0,0,0,1
Jakarta Utara,Kecamatan Penjaringan,0.0,1700000.0,0.0,0.0,0.0,Kos Campur,12.0,0,1,1,1,0,1,0,1,0,1,1,1,0,1,1,1,0,1,0,0,0,0,1,0,0,1,0,0,1
Jakarta Selatan,Mampang Prapatan,2.0,1300000.0,5.0,1.0,1.0,Kos Campur,7.5,1,1,0,1,1,0,0,1,0,1,0,0,0,1,0,0,0,1,0,0,0,1,0,1,0,1,0,0,0
Jakarta Utara,Koja,1.0,1400000.0,0.0,0.0,5.0,Kos Campur,17.5,0,1,1,1,0,1,0,1,1,1,1,1,1,1,1,1,0,0,0,1,0,0,1,0,0,0,0,1,0
Jakarta Utara,Kelapa Gading,2.0,2000000.0,4.8,2.0,8.0,Kos Campur,9.0,0,1,1,1,1,1,1,1,1,1,1,1,0,1,1,1,1,1,1,1,1,0,0,1,1,0,0,0,1
Jakarta Timur,Pulo Gadung,1.0,1200000.0,0.0,0.0,0.0,Kos Campur,12.0,0,0,1,1,1,1,0,1,0,1,0,1,0,1,1,0,0,0,1,1,0,1,1,1,1,1,0,1,0
Jakarta Utara,Kecamatan Tanjung Priok,2.0,900000.0,0.0,0.0,0.0,Kos Campur,12.0,0,0,0,1,1,1,0,0,1,1,0,0,0,0,0,0,0,0,0,1,0,0,0,0,0,1,0,0,1
Jakarta Timur,Cakung,1.0,1350000.0,0.0,0.0,0.0,Kos Putri,9.0,1,0,1,0,1,1,0,1,1,1,1,1,0,1,1,1,0,1,1,1,0,1,1,1,0,1,1,0,0
Jakarta Barat,Grogol petamburan,2.0,1600000.0,0.0,0.0,0.0,Kos Campur,9.0,0,1,1,1,0,1,0,1,0,0,0,1,0,0,0,1,0,1,0,1,0,0,0,0,1,0,0,0,1
Jakarta Selatan,Kecamatan Cilandak,0.0,6499000.0,4.5,2.0,13.0,Kos Campur,25.0,0,1,1,1,1,1,1,1,1,0,1,1,1,1,1,1,1,1,1,1,1,0,0,0,1,0,0,0,0
Jakarta Timur,Jatinegara,0.0,1975000.0,0.0,0.0,0.0,Kos Putra,9.0,1,1,1,1,1,1,0,1,0,1,1,1,0,1,1,1,0,1,0,1,1,0,1,1,0,0,0,0,0
Jakarta Utara,Tanjung Priok,0.0,850000.0,0.0,0.0,3.0,Kos Campur,15.0,0,1,0,1,0,1,0,1,0,1,0,0,0,0,0,0,0,0,0,0,0,0,0,0,0,0,0,0,0
Jakarta Barat,Kembangan,2.0,2200000.0,0.0,0.0,5.0,Kos Campur,14.0,0,1,1,1,1,1,1,1,1,1,1,1,1,1,0,1,1,1,1,1,1,0,0,1,1,0,0,0,0
Jakarta Pusat,Menteng,1.0,4700000.0,0.0,0.0,0.0,Kos Campur,16.5,1,1,1,1,1,1,1,1,1,1,1,1,1,1,0,1,1,1,1,1,1,0,1,0,1,0,1,0,0
Jakarta Pusat,Menteng,1.0,3750000.0,0.0,0.0,0.0,Kos Campur,13.5,1,1,1,1,1,1,1,1,1,1,1,1,1,1,1,1,1,1,1,1,1,0,0,0,1,0,1,0,1
Jakarta Pusat,Menteng,1.0,3500000.0,0.0,0.0,0.0,Kos Putri,30.0,1,1,1,1,1,1,1,1,1,1,1,1,1,1,1,1,0,0,0,1,1,0,1,0,1,1,1,1,0
Jakarta Utara,Kecamatan Kelapa Gading,2.0,1550000.0,0.0,0.0,0.0,Kos Putri,9.0,1,0,1,0,1,1,0,0,1,1,0,1,0,1,1,0,0,1,1,0,0,1,0,0,0,0,0,1,0
Jakarta Timur,Kecamatan Kramat jati,0.0,1500000.0,0.0,0.0,2.0,Kos Campur,9.0,0,1,1,1,0,1,0,1,1,1,1,1,1,1,0,1,1,1,1,1,1,0,1,0,1,0,0,0,0
Jakarta Barat,Kecamatan Grogol petamburan,3.0,2600000.0,0.0,0.0,0.0,Kos Campur,12.0,0,1,1,1,1,1,1,1,0,0,0,1,0,1,0,1,1,1,1,1,1,0,1,1,1,0,0,0,1
Jakarta Utara,Tanjung Priok,2.0,860000.0,0.0,0.0,3.0,Kos Campur,9.360000000000001,1,1,0,1,1,1,1,1,0,1,1,0,0,1,0,1,0,1,0,0,0,1,0,0,0,1,0,0,0
Jakarta Barat,Kecamatan Cengkareng,0.0,1400000.0,0.0,0.0,0.0,Kos Putra,9.0,0,0,0,0,0,0,0,0,0,0,0,0,0,0,0,0,0,0,0,0,0,0,0,0,0,0,0,0,0
Jakarta Utara,Tanjung Priok,1.0,1400000.0,0.0,0.0,6.0,Kos Putri,12.0,0,1,1,1,1,1,0,1,0,1,1,1,0,1,0,1,0,1,1,1,0,0,0,1,0,1,0,0,0
Jakarta Utara,Kelapa Gading,1.0,2000000.0,0.0,0.0,0.0,Kos Putri,9.0,0,0,1,0,1,1,0,1,0,0,1,1,1,1,1,0,0,1,1,1,0,0,0,0,0,0,0,0,0
Jakarta Utara,Kelapa Gading,1.0,2100000.0,0.0,0.0,0.0,Kos Putri,9.0,0,1,1,1,1,1,1,1,1,1,1,1,1,1,1,1,1,1,1,0,0,0,0,0,1,0,0,0,0
Jakarta Utara,Tanjung Priok,1.0,1300000.0,0.0,0.0,1.0,Kos Campur,6.0,1,0,1,1,1,1,0,1,1,1,1,1,0,1,0,1,0,0,1,1,1,0,1,0,1,0,0,0,1
Jakarta Timur,Ciracas,0.0,1000000.0,0.0,0.0,1.0,Kos Campur,12.0,1,1,0,1,1,1,0,0,0,0,0,0,0,1,1,0,0,1,0,1,0,0,0,1,0,1,0,0,0
Jakarta Utara,Koja,0.0,1600000.0,0.0,0.0,5.0,Kos Campur,12.0,0,1,0,1,1,1,0,1,0,0,0,1,1,1,0,1,0,1,1,1,1,0,0,1,0,1,0,0,0
Jakarta Utara,Penjaringan,0.0,2300000.0,0.0,0.0,7.0,Kos Campur,9.0,1,0,1,1,1,1,1,1,1,1,0,1,0,1,1,1,0,1,1,0,0,0,0,1,1,0,1,0,1
Jakarta Selatan,Pasar Minggu,1.0,2500000.0,0.0,0.0,0.0,Kos Putri,16.0,0,1,1,0,1,1,1,1,1,1,1,1,0,1,1,1,0,1,1,1,1,0,1,1,0,0,1,0,0
Jakarta Barat,Kecamatan Grogol petamburan,1.0,2000000.0,0.0,0.0,7.0,Kos Putri,8.100000000000001,0,1,1,1,1,1,0,1,1,1,1,1,1,1,1,1,1,1,1,1,1,0,0,1,1,0,0,0,1
Jakarta Utara,Kelapa Gading,2.0,1300000.0,3.4,1.0,9.0,Kos Campur,9.0,0,0,1,1,1,1,1,1,1,1,1,1,1,0,0,1,0,1,0,1,0,1,1,0,1,1,1,0,0
Jakarta Utara,Kecamatan Penjaringan,0.0,1700000.0,0.0,0.0,0.0,Kos Putri,6.72,0,0,1,1,1,1,0,1,1,1,1,1,0,1,1,1,1,1,1,1,1,0,1,1,1,0,0,0,0
Jakarta Utara,Kecamatan Penjaringan,0.0,2500000.0,0.0,0.0,0.0,Kos Putri,6.72,0,1,1,0,1,1,0,1,1,1,1,1,0,1,1,1,1,1,1,1,1,0,1,1,1,0,0,0,0
Jakarta Utara,Kecamatan Penjaringan,0.0,1700000.0,0.0,0.0,0.0,Kos Putri,9.0,0,1,1,1,1,1,1,1,1,1,0,1,0,1,0,1,0,1,1,1,1,0,0,1,1,1,0,0,0
Jakarta Barat,Taman Sari,2.0,2800000.0,4.9,1.0,4.0,Kos Campur,14.0,0,1,1,1,0,1,1,0,1,0,1,1,1,0,0,1,1,1,0,0,0,0,0,0,1,0,0,0,0
Jakarta Pusat,Cempaka Putih,0.0,3000000.0,0.0,0.0,1.0,Kos Campur,16.0,0,1,1,0,0,1,1,1,1,1,1,1,1,0,0,1,1,1,0,0,0,0,1,0,1,0,0,0,0
Jakarta Pusat,Cempaka Putih,3.0,3500000.0,0.0,0.0,0.0,Kos Campur,12.0,0,1,1,0,0,1,1,1,1,1,1,1,1,0,0,1,1,1,0,0,0,0,1,0,1,0,0,0,0
Jakarta Pusat,Cempaka Putih,3.0,4000000.0,0.0,0.0,0.0,Kos Campur,24.0,0,1,1,0,0,1,1,1,1,1,1,1,1,0,0,1,1,1,0,0,0,0,1,0,1,0,0,0,0
Jakarta Selatan,Kecamatan Pesanggrahan,1.0,2100000.0,0.0,0.0,0.0,Kos Putri,23.099999999999998,0,1,0,1,1,1,0,1,1,1,1,1,0,1,1,1,0,1,1,1,1,0,0,1,0,1,0,0,1
Jakarta Utara,Kelapa Gading,0.0,1400000.0,0.0,0.0,0.0,Kos Putri,9.0,0,0,1,1,1,1,0,1,1,1,1,1,1,1,1,1,0,1,1,1,0,0,1,1,1,1,0,0,0
Jakarta Timur,Kecamatan Pulo Gadung,1.0,3650000.0,5.0,3.0,7.0,Kos Campur,20.0,0,1,1,1,1,1,1,1,1,1,1,1,1,1,1,1,1,1,1,1,1,0,0,0,1,1,1,0,0
Jakarta Utara,Kecamatan Kelapa Gading,0.0,2000000.0,0.0,0.0,0.0,Kos Campur,9.0,0,1,1,1,0,1,0,1,1,1,1,1,0,1,1,1,0,0,0,1,1,0,1,1,0,0,1,0,1
Jakarta Utara,Kelapa Gading,0.0,1900000.0,4.0,2.0,14.0,Kos Campur,9.0,1,1,1,1,1,1,1,1,1,1,1,1,0,1,1,1,0,1,1,1,0,0,1,0,0,0,1,0,0
Jakarta Timur,Pulo Gadung,0.0,2650000.0,0.0,0.0,0.0,Kos Campur,15.0,0,1,1,1,1,1,1,1,1,1,1,1,0,1,1,1,1,1,1,1,0,1,0,0,1,0,0,0,0
Jakarta Utara,Tanjung Priok,0.0,1400000.0,0.0,0.0,5.0,Kos Campur,9.0,0,1,0,1,1,1,1,1,0,1,1,1,1,1,0,0,0,1,1,1,0,0,1,1,1,1,0,0,0
Jakarta Utara,Kelapa Gading,0.0,885000.0,0.0,0.0,0.0,Kos Campur,9.0,0,0,1,1,0,1,0,1,1,1,0,0,0,0,0,1,0,1,0,1,0,1,0,0,1,0,0,0,0
Jakarta Utara,Kelapa Gading,1.0,1399999.0,0.0,0.0,0.0,Kos Campur,9.0,0,1,1,1,0,1,0,1,1,1,0,1,1,1,1,1,0,1,1,1,1,0,0,0,0,0,1,0,0
Jakarta Barat,Kecamatan Palmerah,3.0,2650000.0,0.0,0.0,0.0,Kos Campur,12.0,0,1,1,1,1,1,1,1,1,1,1,1,1,1,1,1,1,1,1,1,1,0,0,0,1,0,1,0,0
Jakarta Pusat,Tanah Abang,1.0,2600000.0,0.0,0.0,2.0,Kos Campur,9.0,0,1,0,1,1,1,1,1,1,1,1,1,1,1,1,1,1,1,1,1,1,0,0,0,1,0,1,0,1
Jakarta Timur,Kramat Jati,1.0,1300000.0,0.0,0.0,3.0,Kos Campur,7.5,0,1,0,0,0,1,0,0,0,1,0,0,0,0,0,0,0,1,0,1,0,1,0,0,1,0,0,0,1
Jakarta Timur,Kecamatan Kramat jati,3.0,1550000.0,0.0,0.0,2.0,Kos Campur,21.0,0,1,0,1,1,1,0,1,1,1,0,1,0,1,0,0,0,0,0,0,0,0,0,1,1,1,0,0,1
Jakarta Utara,Kelapa Gading,1.0,1300000.0,0.0,0.0,0.0,Kos Campur,9.0,1,0,0,0,1,1,1,1,1,1,1,0,0,0,1,0,0,1,0,1,1,0,1,1,0,1,0,0,0
Jakarta Utara,Kecamatan Tanjung Priok,0.0,700000.0,0.0,0.0,2.0,Kos Campur,9.0,1,1,0,1,1,1,1,1,1,1,0,0,1,1,0,0,0,1,0,0,0,1,0,0,0,1,0,0,0
Jakarta Timur,Kecamatan Pulo Gadung,0.0,1005000.0,0.0,0.0,0.0,Kos Putra,6.0,0,0,1,1,1,1,0,1,1,1,0,1,0,1,0,0,0,1,0,1,0,0,0,0,0,1,1,0,0
Jakarta Utara,Tanjung Priok,0.0,700000.0,0.0,0.0,0.0,Kos Campur,12.0,0,0,0,0,1,1,0,1,1,1,0,0,0,1,0,0,0,0,0,0,0,0,0,0,1,1,0,1,0
Jakarta Utara,Kecamatan Tanjung Priok,0.0,1300000.0,3.1,6.0,0.0,Kos Campur,12.0,0,1,0,0,0,1,1,0,0,0,0,1,1,0,0,1,1,1,0,1,0,0,0,0,0,1,0,0,0
Jakarta Utara,Tanjung Priok,0.0,1300000.0,1.3,1.0,3.0,Kos Campur,12.0,0,1,0,1,0,1,1,0,0,1,0,1,1,0,0,1,0,1,0,1,0,0,0,0,0,1,0,0,0
Jakarta Utara,Kecamatan Tanjung Priok,0.0,1100000.0,0.0,0.0,4.0,Kos Campur,5.0,0,1,0,1,1,1,0,0,0,1,0,1,0,1,0,1,0,1,1,1,0,0,0,1,0,1,0,0,0
Jakarta Timur,Kecamatan Cipayung,2.0,900000.0,0.0,0.0,0.0,Kos Putri,12.0,0,1,0,0,0,1,0,0,0,0,0,0,0,1,0,0,0,1,0,0,0,1,0,1,0,0,0,0,0
Jakarta Utara,Penjaringan,1.0,1700000.0,0.0,0.0,0.0,Kos Campur,12.0,0,1,1,1,1,1,0,1,1,1,1,1,0,1,1,1,1,1,1,1,1,0,1,1,1,1,0,0,0
Jakarta Barat,Grogol Petamburan,1.0,2225000.0,4.3,3.0,9.0,Kos Campur,12.0,0,1,1,1,0,1,1,0,1,1,1,1,1,0,0,1,1,1,1,0,1,0,1,0,0,0,1,0,0
Jakarta Pusat,Senen,0.0,1600000.0,0.0,0.0,0.0,Kos Campur,5.76,0,1,1,0,0,0,0,0,0,0,1,0,0,0,0,0,0,1,0,0,0,0,0,0,0,0,0,0,1
Jakarta Barat,Kecamatan Palmerah,2.0,2250000.0,5.0,2.0,14.0,Kos Campur,15.0,1,1,1,1,1,1,1,1,1,1,1,1,1,1,1,1,0,1,1,0,0,0,0,0,1,0,1,0,0
Jakarta Pusat,Kecamatan Cempaka Putih,0.0,2350000.0,0.0,0.0,0.0,Kos Putri,17.5,0,1,1,1,1,1,0,1,0,1,1,1,0,1,1,1,1,1,1,1,0,0,0,1,1,1,0,0,0
Jakarta Utara,Kelapa Gading,2.0,1050000.0,0.0,0.0,1.0,Kos Putra,6.6000000000000005,0,0,1,0,1,1,0,1,1,1,0,0,0,0,0,0,0,1,0,1,0,0,0,0,0,0,0,0,0
Jakarta Selatan,Kecamatan Mampang Prapatan,1.0,1100000.0,0.0,0.0,1.0,Kos Putri,6.0,0,1,1,1,1,0,0,1,0,1,0,0,0,0,0,1,0,1,1,1,0,1,0,0,0,1,0,0,0
Jakarta Utara,Kelapa Gading,0.0,1300000.0,0.0,0.0,4.0,Kos Campur,7.5,0,1,1,0,0,1,1,0,1,0,0,1,0,0,0,0,0,1,0,1,0,0,0,0,0,0,1,0,0
Jakarta Timur,Matraman,1.0,1650000.0,0.0,0.0,5.0,Kos Putri,9.0,0,1,0,1,1,1,0,1,0,1,1,1,1,1,0,0,0,1,1,1,1,0,1,1,0,1,0,0,1
Jakarta Barat,Kebon Jeruk,2.0,2000000.0,4.9,1.0,4.0,Kos Putri,7.199999999999999,0,1,1,1,1,1,1,1,1,1,1,1,0,1,1,1,1,1,0,1,0,0,0,1,0,0,0,0,1
Jakarta Timur,Pulo Gadung,0.0,1400000.0,0.0,0.0,4.0,Kos Putri,9.0,0,1,1,1,1,1,0,0,1,1,1,1,0,1,0,1,0,1,1,1,0,0,1,0,0,0,1,0,0
Jakarta Utara,Kecamatan Kelapa Gading,2.0,2500000.0,0.0,0.0,0.0,Kos Putri,12.0,0,1,1,1,1,1,1,1,1,1,1,1,0,1,1,1,1,1,1,1,1,0,1,1,0,0,1,0,1
Jakarta Timur,Pulo Gadung,0.0,1200000.0,0.0,0.0,0.0,Kos Campur,12.0,0,1,1,0,0,1,0,1,1,1,0,1,0,1,1,1,0,1,1,1,1,0,0,1,1,0,1,0,0
Jakarta Utara,Tanjung Priok,0.0,1100000.0,0.0,0.0,0.0,Kos Campur,12.0,0,1,0,0,1,0,0,0,0,0,0,1,0,1,0,0,0,1,0,0,0,0,0,1,0,0,0,0,0
Jakarta Utara,Kecamatan Tanjung Priok,1.0,1100000.0,0.0,0.0,2.0,Kos Campur,18.0,0,1,0,1,1,1,0,0,0,1,0,0,0,1,0,0,0,1,0,0,0,1,1,0,0,1,0,0,0
Jakarta Timur,Matraman,1.0,950000.0,0.0,0.0,0.0,Kos Putri,9.0,0,0,1,0,1,0,0,1,0,1,0,0,0,0,0,0,0,0,0,1,0,0,0,0,0,0,0,0,1
Jakarta Timur,Pulo Gadung,1.0,1200000.0,0.0,0.0,0.0,Kos Putri,9.0,1,1,0,1,1,1,0,1,1,1,0,0,1,1,0,0,0,1,1,0,0,1,0,0,0,0,0,1,0
Jakarta Timur,Pulo Gadung,1.0,1200000.0,0.0,0.0,0.0,Kos Putri,9.0,1,1,0,1,1,1,0,1,1,1,0,0,1,1,0,0,0,1,1,0,0,1,0,0,0,0,0,1,0
Jakarta Timur,Duren Sawit,1.0,1600000.0,0.0,0.0,0.0,Kos Campur,15.0,0,1,1,1,1,1,0,1,1,1,1,1,0,1,0,0,0,1,1,1,0,0,1,0,0,1,0,0,1
Jakarta Timur,Duren Sawit,1.0,1600000.0,0.0,0.0,0.0,Kos Campur,15.0,0,1,1,1,1,1,0,1,1,1,1,1,0,1,0,0,0,1,1,1,0,0,1,0,0,1,0,0,1
Jakarta Timur,Duren Sawit,1.0,1600000.0,0.0,0.0,0.0,Kos Campur,15.0,0,1,1,1,1,1,0,1,1,1,1,1,0,1,0,0,0,1,1,1,0,0,1,0,0,1,0,0,1
Jakarta Timur,Duren Sawit,1.0,1600000.0,0.0,0.0,0.0,Kos Campur,15.0,0,1,1,1,1,1,0,1,1,1,1,1,0,1,0,0,0,1,1,1,0,0,1,0,0,1,0,0,1
Jakarta Timur,Duren Sawit,1.0,1600000.0,0.0,0.0,0.0,Kos Campur,15.0,0,1,1,1,1,1,0,1,1,1,1,1,0,1,0,0,0,1,1,1,0,0,1,0,0,1,0,0,1
Jakarta Timur,Duren Sawit,1.0,1300000.0,0.0,0.0,1.0,Kos Putri,12.0,0,1,1,1,1,1,0,1,1,1,1,1,0,1,0,0,0,1,1,1,0,0,1,0,0,1,0,0,0
Jakarta Barat,Cengkareng,3.0,2300000.0,5.0,2.0,7.0,Kos Campur,16.0,0,1,1,1,1,1,1,1,1,1,1,1,1,0,0,1,1,1,1,1,1,0,1,0,1,1,0,0,0
Jakarta Utara,Kelapa Gading,3.0,2100000.0,5.0,1.0,7.0,Kos Campur,11.61,0,1,1,1,1,1,0,1,1,1,1,1,0,1,1,1,1,0,1,0,0,0,1,0,1,0,1,0,1
Jakarta Utara,Kelapa Gading,0.0,2400000.0,0.0,0.0,0.0,Kos Campur,11.61,0,1,1,1,1,1,0,1,1,1,1,1,0,1,1,1,1,0,1,1,0,0,1,0,1,0,1,0,0
Jakarta Utara,Kecamatan Kelapa Gading,1.0,1900000.0,0.0,0.0,1.0,Kos Campur,12.0,1,0,1,1,1,1,1,0,1,1,0,1,0,1,1,1,1,1,1,1,1,0,1,0,1,0,1,0,1
Jakarta Timur,Kecamatan Pulo Gadung,3.0,1250000.0,0.0,0.0,0.0,Kos Putri,9.0,1,0,1,1,1,1,0,1,1,1,1,1,0,1,0,0,0,1,1,1,0,1,0,0,0,1,0,1,0
Jakarta Timur,Kecamatan Pulo Gadung,3.0,1250000.0,0.0,0.0,0.0,Kos Putri,9.0,1,0,1,1,1,1,0,1,1,1,1,1,0,1,0,0,0,1,1,1,0,1,0,0,0,1,0,1,0
Jakarta Timur,Kecamatan Pulo Gadung,3.0,1250000.0,0.0,0.0,0.0,Kos Putri,9.0,1,0,1,1,1,1,0,1,1,1,1,1,0,1,0,0,0,1,1,1,0,1,0,0,0,1,0,1,0
Jakarta Timur,Kecamatan Pulo Gadung,3.0,1250000.0,0.0,0.0,0.0,Kos Putri,9.0,1,0,1,1,1,1,0,1,1,1,1,1,0,1,0,0,0,1,1,1,0,1,0,0,0,1,0,1,0
Jakarta Timur,Kecamatan Pulo Gadung,3.0,1250000.0,0.0,0.0,0.0,Kos Putri,9.0,1,0,1,1,1,1,0,1,1,1,1,1,0,1,0,0,0,1,1,1,0,1,0,0,0,1,0,1,0
Jakarta Timur,Jatinegara,1.0,1850000.0,5.0,1.0,5.0,Kos Putra,6.0,1,1,1,1,1,1,0,1,0,1,1,0,0,1,0,1,0,1,0,1,1,0,1,1,0,1,0,0,0
Jakarta Barat,Kecamatan Cengkareng,0.0,1500000.0,0.0,0.0,0.0,Kos Campur,9.0,0,1,1,0,1,1,0,1,0,0,1,1,0,1,1,1,0,1,0,1,1,0,0,1,0,0,0,0,0
Jakarta Barat,Kecamatan Kalideres,2.0,1400000.0,0.0,0.0,1.0,Kos Campur,9.0,0,1,0,1,1,1,0,1,0,1,1,1,0,1,1,0,0,1,0,0,0,0,0,1,0,0,0,0,0
Jakarta Utara,Kecamatan Kelapa Gading,2.0,2000000.0,0.0,0.0,0.0,Kos Putri,12.0,0,0,1,1,1,1,1,1,1,1,1,1,1,1,0,1,0,1,1,1,1,0,0,0,1,0,1,0,0
Jakarta Pusat,Kecamatan Johar Baru,1.0,1000000.0,0.0,0.0,0.0,Kos Campur,12.0,1,1,0,1,1,1,0,1,1,1,0,0,0,1,0,0,0,1,1,1,0,1,0,1,1,1,1,0,0
Jakarta Timur,Cakung,2.0,950000.0,0.0,0.0,0.0,Kos Putra,5.0,1,0,0,1,1,1,0,1,0,1,1,0,1,1,0,1,0,1,0,1,0,1,1,0,0,1,0,0,0
Jakarta Utara,Tanjung Priok,0.0,2500000.0,0.0,0.0,0.0,Kos Campur,7.5,0,1,1,1,0,1,1,0,0,0,1,1,1,1,1,1,1,1,0,0,0,0,1,1,1,0,0,1,0
Jakarta Utara,Tanjung Priok,0.0,2000000.0,0.0,0.0,0.0,Kos Campur,9.0,0,0,0,1,0,0,0,0,0,0,0,0,0,0,0,0,0,1,0,0,0,0,0,0,0,0,0,0,0
Jakarta Pusat,Cempaka Putih,0.0,1400000.0,4.5,2.0,2.0,Kos Campur,9.0,1,1,1,1,1,1,0,1,0,1,0,0,0,1,0,1,0,1,0,0,0,1,0,1,0,1,0,0,0
Jakarta Timur,Pulo Gadung,1.0,1200000.0,0.0,0.0,0.0,Kos Putra,13.75,0,1,0,0,0,1,0,0,0,1,0,0,0,1,0,0,0,1,0,1,0,0,0,0,0,1,0,0,1
Jakarta Timur,Pulo Gadung,1.0,1200000.0,0.0,0.0,0.0,Kos Putra,13.75,0,1,0,0,0,1,0,0,0,1,0,0,0,1,0,0,0,1,0,1,0,0,0,0,0,1,0,0,1
Jakarta Timur,Pulo Gadung,1.0,1200000.0,0.0,0.0,0.0,Kos Putra,13.75,0,1,0,0,0,1,0,0,0,1,0,0,0,1,0,0,0,1,0,1,0,0,0,0,0,1,0,0,1
Jakarta Timur,Pulo Gadung,1.0,1200000.0,0.0,0.0,0.0,Kos Putra,13.75,0,1,0,0,0,1,0,0,0,1,0,0,0,1,0,0,0,1,0,1,0,0,0,0,0,1,0,0,1
Jakarta Timur,Pulo Gadung,1.0,1200000.0,0.0,0.0,0.0,Kos Putra,13.75,0,1,0,0,0,1,0,0,0,1,0,0,0,1,0,0,0,1,0,1,0,0,0,0,0,1,0,0,1
Jakarta Timur,Kramat Jati,1.0,1800000.0,4.0,2.0,6.0,Kos Campur,12.0,1,1,0,1,1,1,0,1,0,1,0,1,0,1,1,0,0,1,0,0,0,0,0,1,0,1,0,0,0
Jakarta Utara,Tanjung Priok,0.0,2000000.0,0.0,0.0,6.0,Kos Campur,12.0,0,0,1,1,1,1,1,1,1,1,0,1,1,1,0,1,0,1,1,1,0,0,1,1,0,0,0,0,1
Jakarta Utara,Tanjung Priok,2.0,650000.0,0.0,0.0,8.0,Kos Campur,9.0,1,1,0,1,1,1,0,1,1,1,1,0,1,1,1,1,0,1,0,1,0,1,0,1,0,1,0,0,0
Jakarta Utara,Kelapa Gading,0.0,1850000.0,0.0,0.0,4.0,Kos Campur,12.0,0,1,1,1,1,1,0,1,1,1,0,1,0,1,0,1,0,1,1,1,1,0,0,0,0,0,1,0,1
Jakarta Utara,Kelapa Gading,2.0,1400000.0,0.0,0.0,0.0,Kos Campur,9.899999999999999,0,1,1,1,0,1,1,1,1,0,1,1,0,0,0,1,0,1,1,0,1,0,1,0,1,1,1,0,0
Jakarta Utara,Kelapa Gading,0.0,2500000.0,0.0,0.0,6.0,Kos Campur,16.0,0,1,1,1,0,1,1,1,1,1,1,1,1,0,0,1,1,1,1,1,1,0,1,0,1,0,0,0,0
Jakarta Barat,Grogol Petamburan,1.0,2600000.0,0.0,0.0,0.0,Kos Putri,14.28,0,1,1,1,1,1,0,1,1,1,1,1,1,1,1,1,1,1,1,1,0,0,1,0,1,1,1,0,0
Jakarta Timur,Duren Sawit,0.0,2500000.0,0.0,0.0,10.0,Kos Campur,25.0,0,1,1,1,1,1,0,1,0,1,1,1,1,1,0,1,0,1,0,1,0,0,1,1,0,1,0,0,0
Jakarta Utara,Tanjung Priok,2.0,1600000.0,0.0,0.0,0.0,Kos Campur,9.0,0,1,1,0,0,1,0,1,0,0,0,1,1,0,0,0,0,1,1,1,1,0,0,0,0,0,0,0,0
Jakarta Pusat,Kecamatan Senen,0.0,3200000.0,0.0,0.0,2.0,Kos Campur,16.0,0,1,1,1,1,1,0,1,1,1,1,1,1,1,1,1,1,1,1,1,0,0,0,1,1,0,1,0,0
Jakarta Pusat,Kecamatan Kemayoran,1.0,2400000.0,0.0,0.0,0.0,Kos Campur,12.0,0,1,1,1,1,1,0,1,1,1,1,1,0,1,1,1,1,1,1,1,0,0,0,1,0,0,1,0,1
Jakarta Timur,Kecamatan Pulo Gadung,0.0,1100000.0,0.0,0.0,0.0,Kos Putra,7.040000000000001,1,1,0,1,1,1,1,1,0,1,0,0,0,0,0,1,0,1,0,1,0,0,0,0,0,0,0,0,0
Jakarta Utara,Kecamatan Kelapa Gading,1.0,1600000.0,0.0,0.0,2.0,Kos Campur,9.0,0,0,0,0,0,0,0,0,0,0,0,0,0,0,0,0,0,0,0,0,0,0,0,0,0,0,0,0,0
Jakarta Selatan,Pasar Minggu,2.0,4200000.0,4.6,7.0,12.0,Kos Campur,19.25,1,1,1,1,1,1,1,1,1,0,1,1,1,0,0,1,1,1,1,0,1,0,1,0,1,0,1,0,0
Jakarta Utara,Kelapa Gading,0.0,1500000.0,0.0,0.0,3.0,Kos Campur,9.0,0,1,1,1,1,1,0,1,1,1,0,1,0,1,0,1,0,1,0,1,0,0,0,0,0,0,1,0,0
Jakarta Utara,Kecamatan Pademangan,1.0,1800000.0,0.0,0.0,1.0,Kos Campur,9.0,0,1,1,1,1,1,0,1,1,1,0,1,0,1,1,1,0,1,0,1,1,0,0,0,1,0,0,0,1
Jakarta Selatan,Kecamatan Kebayoran Baru,2.0,3000000.0,3.0,3.0,15.0,Kos Campur,16.0,0,1,1,1,1,1,1,1,1,1,1,1,1,0,0,1,1,1,1,1,1,0,1,0,1,1,0,0,1
Jakarta Utara,Koja,0.0,1600000.0,0.0,0.0,0.0,Kos Putri,12.0,0,1,1,1,1,1,0,1,0,1,1,1,0,1,0,1,0,1,1,1,1,0,1,1,0,1,0,1,0
Jakarta Pusat,Kecamatan Cempaka Putih,1.0,1100000.0,0.0,0.0,1.0,Kos Campur,9.0,0,1,0,1,1,1,0,1,1,1,0,1,0,1,0,0,0,1,0,1,0,0,0,0,0,1,0,0,1
Jakarta Barat,Grogol Petamburan,0.0,3800000.0,0.0,0.0,0.0,Kos Campur,12.0,0,1,1,1,1,1,1,1,1,0,1,1,1,1,1,1,1,1,1,1,1,0,0,0,1,0,0,0,0
Jakarta Barat,Kecamatan Kembangan,0.0,2750000.0,0.0,0.0,3.0,Kos Campur,16.0,0,1,1,1,1,1,1,1,1,0,1,1,1,1,0,1,1,1,0,0,1,0,1,0,1,0,0,0,0
Jakarta Timur,Pulo Gadung,1.0,1600000.0,0.0,0.0,0.0,Kos Campur,12.0,0,1,1,1,1,1,0,0,0,1,1,1,0,1,0,1,0,1,1,1,0,0,1,1,0,1,0,0,1
Jakarta Timur,Kramat Jati,0.0,650000.0,0.0,0.0,0.0,Kos Putri,9.0,0,0,0,0,1,1,0,1,0,1,0,0,0,0,0,1,0,1,0,1,0,0,0,0,0,0,0,1,0
Jakarta Barat,Cengkareng,0.0,2233000.0,4.8,4.0,13.0,Kos Campur,12.15,0,1,1,1,1,1,0,0,0,0,0,1,1,1,1,1,1,1,0,0,0,0,0,1,0,0,0,0,1
Jakarta Barat,Cengkareng,1.0,1975000.0,4.5,8.0,18.0,Kos Campur,8.399999999999999,0,1,1,1,1,1,0,0,0,0,0,1,0,1,1,1,1,1,0,0,0,0,0,1,0,0,0,0,1
Jakarta Barat,Cengkareng,2.0,1875000.0,4.5,20.0,57.0,Kos Campur,7.5,0,1,1,1,1,1,0,0,0,0,0,1,0,1,1,1,1,1,0,0,0,0,0,1,0,0,0,0,1
Jakarta Barat,Cengkareng,2.0,1957000.0,0.0,0.0,4.0,Kos Campur,16.0,0,1,1,1,1,1,1,1,0,0,1,1,0,1,1,1,1,1,0,0,0,0,1,0,0,0,0,0,1
Jakarta Barat,Cengkareng,3.0,1727000.0,0.0,0.0,6.0,Kos Campur,7.68,0,1,1,1,1,1,1,1,0,0,1,1,0,1,0,1,1,1,0,0,0,0,1,1,0,0,0,0,1
Jakarta Utara,Kecamatan Kelapa Gading,1.0,1865000.0,4.9,5.0,6.0,Kos Campur,10.5,0,0,1,1,1,1,1,0,0,0,1,1,0,1,1,1,1,1,1,1,1,0,1,0,0,0,0,0,1
Jakarta Utara,Kecamatan Kelapa Gading,2.0,1875000.0,4.8,60.0,102.0,Kos Campur,9.0,0,0,1,1,1,1,1,0,0,0,1,1,0,1,1,1,1,1,1,1,1,0,1,0,0,0,0,0,1
Jakarta Utara,Kecamatan Kelapa Gading,0.0,1725000.0,4.8,14.0,29.0,Kos Campur,6.8999999999999995,0,0,1,1,1,1,1,0,0,0,1,1,0,1,1,1,1,1,1,1,1,0,1,0,0,0,0,0,1
Jakarta Barat,Cengkareng,0.0,1830000.0,4.8,22.0,40.0,Kos Putri,6.8999999999999995,0,1,1,1,1,1,1,0,0,1,1,1,0,1,1,1,0,1,1,0,1,0,1,1,0,0,0,0,1
Jakarta Barat,Cengkareng,1.0,2525000.0,4.6,9.0,10.0,Kos Putri,18.0,0,1,1,1,1,1,0,1,0,0,1,1,1,1,0,1,1,1,0,0,0,0,1,0,0,0,0,0,1
Jakarta Barat,Cengkareng,2.0,1911000.0,4.4,13.0,21.0,Kos Putri,7.26,0,1,1,1,1,1,0,1,0,0,0,1,1,1,0,1,1,1,0,0,0,0,0,0,0,0,0,0,1
Jakarta Barat,Palmerah,0.0,2685000.0,5.0,1.0,7.0,Kos Campur,14.0,0,1,1,1,1,1,1,1,1,1,1,1,0,1,0,1,1,1,1,1,0,0,1,0,1,0,0,0,1
Jakarta Barat,Palmerah,0.0,2233000.0,4.3,6.0,25.0,Kos Campur,11.2,0,1,1,1,0,1,1,1,1,1,1,1,0,1,0,1,1,1,1,1,0,0,1,0,0,0,0,0,1
Jakarta Selatan,Cilandak,0.0,1652500.0,4.6,7.0,16.0,Kos Campur,8.32,0,1,1,1,1,1,0,1,0,0,0,1,0,1,0,1,0,1,0,1,0,0,0,0,0,0,0,0,1
Jakarta Selatan,Cilandak,0.0,1675000.0,4.9,3.0,6.0,Kos Campur,9.0,0,1,1,1,0,1,0,1,0,0,0,1,0,0,0,0,0,1,0,1,0,0,0,0,0,0,0,0,1
Jakarta Barat,Kali Deres,0.0,1875000.0,4.8,8.0,15.0,Kos Putri,12.8,0,1,1,1,1,1,1,1,0,0,1,1,0,1,1,1,0,1,1,1,1,0,1,1,0,0,0,0,0
Jakarta Barat,Kali Deres,1.0,1725000.0,4.6,11.0,18.0,Kos Putri,11.520000000000001,0,0,1,1,1,1,1,1,0,0,1,1,0,1,1,1,0,1,1,1,1,0,1,1,1,0,0,0,1
Jakarta Timur,Makasar,0.0,1406000.0,4.9,28.0,54.0,Kos Putra,5.28,0,1,1,1,1,1,1,1,0,1,1,1,0,1,0,1,0,1,0,1,0,0,1,1,0,1,0,0,1
Jakarta Timur,Makasar,1.0,1282500.0,4.9,19.0,32.0,Kos Putra,5.28,0,0,1,1,1,1,1,1,0,1,1,1,0,1,0,1,0,1,0,1,0,0,1,1,0,0,0,0,1
Jakarta Timur,Makasar,0.0,950000.0,4.8,21.0,27.0,Kos Putra,5.28,0,0,1,1,1,1,1,1,0,1,1,0,0,0,0,1,0,1,0,1,0,1,1,0,0,0,0,0,1
Jakarta Selatan,Pancoran,0.0,2141000.0,4.9,2.0,15.0,Kos Campur,12.25,0,1,1,1,1,1,1,0,0,1,1,1,1,1,1,1,1,1,0,1,1,0,1,1,1,0,0,0,1
Jakarta Selatan,Kecamatan Cilandak,1.0,2125000.0,4.9,21.0,38.0,Kos Campur,7.4399999999999995,1,1,1,1,1,1,1,1,0,1,1,1,0,1,1,1,0,1,1,1,0,0,1,1,0,1,0,0,0
Jakarta Timur,Pasar Rebo,1.0,1156600.0,4.9,3.0,6.0,Kos Putri,12.25,0,0,1,1,1,1,0,0,1,0,0,1,0,1,1,0,0,1,1,1,0,0,0,1,0,1,0,0,1
Jakarta Pusat,Tanah Abang,0.0,1995000.0,4.6,9.0,28.0,Kos Campur,12.96,1,1,1,1,1,1,1,1,0,1,1,1,0,1,0,1,0,1,1,1,1,0,1,0,0,0,0,0,1
Jakarta Pusat,Tanah Abang,0.0,1393000.0,4.6,21.0,49.0,Kos Campur,5.25,1,0,1,1,1,1,1,1,0,1,1,1,0,1,1,1,0,1,1,1,1,0,1,0,0,0,0,0,1
Jakarta Timur,Duren Sawit,0.0,1725000.0,4.9,5.0,11.0,Kos Putri,10.8,0,1,1,1,1,1,1,1,1,1,1,1,0,1,1,1,0,1,1,1,1,0,1,1,0,0,1,0,1
Jakarta Timur,Duren Sawit,0.0,1625000.0,4.9,18.0,41.0,Kos Putri,9.0,0,1,1,1,1,1,1,1,1,1,1,1,0,1,1,1,0,1,1,1,1,0,1,1,0,0,1,0,1
Jakarta Timur,Duren Sawit,0.0,1267000.0,4.1,3.0,4.0,Kos Putri,6.25,0,0,1,1,1,1,1,1,1,1,1,1,0,1,1,1,0,1,1,1,1,0,1,1,0,0,1,0,1
Jakarta Barat,Taman Sari,0.0,1621000.0,4.8,21.0,39.0,Kos Putra,42.0,0,1,1,1,1,1,0,0,0,1,1,1,0,1,0,1,0,1,0,0,0,0,0,0,0,0,0,0,1
Jakarta Barat,Taman Sari,0.0,1222000.0,4.8,27.0,38.0,Kos Putra,21.0,0,1,0,1,1,1,0,0,0,1,0,1,0,1,0,0,0,1,0,0,0,0,0,0,0,1,0,0,1
Jakarta Barat,Kebon Jeruk,0.0,1830000.0,4.8,5.0,17.0,Kos Campur,13.640000000000002,0,1,1,1,1,1,0,1,0,1,1,1,0,1,1,1,0,1,0,1,0,0,1,1,1,0,0,0,1
Jakarta Barat,Kebon Jeruk,0.0,1735000.0,4.8,12.0,31.0,Kos Campur,11.47,0,1,1,1,1,1,0,1,0,1,1,1,0,1,1,1,0,1,0,1,0,0,1,1,1,0,0,0,1
Jakarta Barat,Kebon Jeruk,0.0,1640000.0,4.8,8.0,18.0,Kos Campur,7.75,0,1,1,1,1,1,0,1,0,1,1,1,0,1,1,1,0,1,0,1,0,0,1,1,1,0,0,0,1
Jakarta Timur,Duren Sawit,0.0,1450000.0,4.9,5.0,9.0,Kos Putra,17.6,0,1,1,1,1,1,0,1,0,1,1,1,0,1,1,1,0,1,0,1,0,0,1,1,0,0,0,0,1
Jakarta Timur,Duren Sawit,0.0,1260000.0,4.8,6.0,18.0,Kos Putra,10.5,0,1,0,1,1,1,0,1,0,1,0,1,0,1,1,1,0,1,0,1,0,0,0,1,0,1,0,0,1
Jakarta Timur,Duren Sawit,0.0,1125000.0,4.6,1.0,4.0,Kos Putra,10.5,0,1,0,1,1,1,0,1,0,1,0,1,0,1,1,1,0,1,0,1,0,0,0,1,0,1,0,0,1
Jakarta Timur,Kramat Jati,2.0,1640000.0,4.8,71.0,133.0,Kos Putri,9.0,0,1,1,1,1,1,1,1,0,1,1,1,0,1,0,1,0,1,1,1,1,0,1,1,0,0,0,0,1
Jakarta Timur,Kramat Jati,0.0,1830000.0,4.9,68.0,112.0,Kos Putri,12.0,0,1,1,1,1,1,1,1,0,1,1,1,0,1,0,1,0,1,1,1,1,0,1,1,0,0,0,0,1
Jakarta Selatan,Kebayoran Lama,0.0,2125000.0,4.8,4.0,7.0,Kos Putra,7.5,1,1,1,1,1,1,1,1,0,1,1,1,0,1,0,1,0,1,0,1,0,0,1,1,0,1,0,0,0
Jakarta Selatan,Kebayoran Lama,0.0,1725000.0,4.8,8.0,15.0,Kos Putra,5.720000000000001,1,0,1,1,0,1,1,1,0,1,0,1,0,1,0,1,0,1,0,1,0,0,0,1,0,1,0,0,0
Jakarta Timur,Kecamatan Matraman,0.0,1267000.0,4.5,24.0,53.0,Kos Campur,9.0,1,1,0,0,1,1,0,1,0,0,0,1,1,1,0,0,0,1,1,0,0,0,0,1,0,1,0,0,1
Jakarta Pusat,Tanah Abang,0.0,3025000.0,5.0,1.0,6.0,Kos Putri,43.2,0,1,1,1,0,1,1,1,0,1,1,1,0,1,0,1,0,1,0,1,0,0,1,1,0,0,0,0,1
Jakarta Pusat,Tanah Abang,0.0,2725000.0,4.9,2.0,6.0,Kos Putri,19.25,0,1,1,1,0,1,1,1,0,1,1,1,0,1,0,1,0,1,0,1,0,0,1,1,0,0,0,0,0
Jakarta Pusat,Tanah Abang,0.0,2575000.0,4.9,9.0,15.0,Kos Putri,10.5,0,1,1,1,1,1,1,1,0,1,1,1,0,1,0,1,0,1,0,1,0,0,1,1,1,0,0,0,0
Jakarta Pusat,Tanah Abang,0.0,2325000.0,4.6,21.0,42.0,Kos Putri,7.5,0,1,1,1,1,1,1,1,0,1,1,1,0,1,0,1,0,1,0,1,0,0,1,1,1,0,0,0,1
Jakarta Selatan,Kecamatan Setiabudi,0.0,2495000.0,4.5,36.0,65.0,Kos Campur,9.0,1,1,1,1,1,1,1,0,0,0,1,1,0,1,0,1,0,1,0,0,0,0,1,0,1,0,0,0,1
Jakarta Barat,Grogol Petamburan,0.0,2050000.0,4.6,26.0,62.0,Kos Campur,9.899999999999999,1,1,1,1,0,1,1,1,1,1,1,1,0,0,0,1,1,1,1,0,0,0,1,0,1,0,0,0,1
Jakarta Barat,Grogol Petamburan,2.0,2500000.0,4.8,16.0,33.0,Kos Campur,9.899999999999999,1,1,1,1,0,1,1,1,1,1,1,1,0,0,0,1,1,1,1,0,0,0,1,0,1,0,0,0,1
Jakarta Timur,Pulo Gadung,0.0,2685000.0,4.5,3.0,5.0,Kos Putri,15.179999999999998,0,1,1,1,1,1,1,1,1,1,1,1,0,1,1,1,1,1,1,1,1,0,1,0,0,0,1,0,1
Jakarta Timur,Pulo Gadung,0.0,2375000.0,5.0,3.0,8.0,Kos Putri,12.209999999999999,0,1,1,1,1,1,1,1,1,1,1,1,0,1,1,1,1,1,1,1,1,0,1,0,0,0,1,0,1
Jakarta Timur,Pulo Gadung,0.0,2162500.0,4.8,10.0,14.0,Kos Putri,12.209999999999999,0,1,1,1,1,1,1,1,1,1,1,1,0,1,1,1,0,1,1,1,1,0,1,0,0,0,1,0,1
Jakarta Timur,Pulo Gadung,2.0,2067500.0,4.8,10.0,16.0,Kos Putri,12.209999999999999,0,1,1,1,1,1,1,1,1,1,1,1,0,1,1,1,0,1,1,1,1,0,1,0,0,0,1,0,1
Jakarta Selatan,Kebayoran Baru,0.0,3350000.0,4.6,1.0,12.0,Kos Campur,14.399999999999999,0,1,1,1,1,1,0,0,0,0,1,1,1,1,0,1,1,1,0,0,0,0,1,0,0,0,0,0,1
Jakarta Timur,Matraman,0.0,1526000.0,4.8,5.0,10.0,Kos Campur,7.800000000000001,0,1,1,1,1,1,1,1,0,1,1,1,0,1,0,1,0,1,0,0,0,0,1,0,0,1,0,0,1
Jakarta Timur,Matraman,0.0,1275000.0,4.5,5.0,14.0,Kos Campur,7.800000000000001,0,0,1,1,1,1,1,1,0,1,1,1,0,1,0,1,0,1,0,0,0,0,1,0,0,1,0,0,1
Jakarta Timur,Cakung,0.0,1700000.0,4.9,3.0,8.0,Kos Putri,10.8,0,1,1,1,1,1,0,1,1,1,1,1,0,1,1,1,1,1,1,1,1,0,1,1,0,0,1,0,1
Jakarta Timur,Cakung,0.0,1600000.0,4.8,5.0,9.0,Kos Putri,8.8,0,1,1,1,1,1,0,1,1,1,1,1,0,1,1,1,1,1,1,1,1,0,1,1,0,0,1,0,1
Jakarta Barat,Kecamatan Palmerah,2.0,2175000.0,4.9,9.0,15.0,Kos Campur,9.0,1,1,1,1,1,1,0,1,0,1,1,1,0,1,0,1,0,1,0,1,0,0,1,0,0,0,0,0,1
Jakarta Barat,Kebon Jeruk,0.0,1622500.0,4.8,21.0,35.0,Kos Campur,9.899999999999999,1,1,1,1,1,1,1,1,0,1,1,1,0,1,0,0,0,1,0,1,0,0,1,0,0,1,0,0,1
Jakarta Barat,Kebon Jeruk,1.0,1510000.0,4.8,4.0,9.0,Kos Campur,13.299999999999999,1,1,1,1,1,1,1,1,0,1,1,1,0,1,0,0,0,1,0,1,0,0,1,1,0,1,0,0,1
Jakarta Barat,Grogol Petamburan,0.0,1735000.0,4.4,7.0,35.0,Kos Campur,6.6000000000000005,0,1,1,1,1,1,0,1,1,1,1,1,0,1,0,1,0,1,1,1,0,0,0,0,0,0,1,0,1
Jakarta Barat,Grogol Petamburan,0.0,1640000.0,4.5,3.0,17.0,Kos Campur,6.6000000000000005,0,1,1,1,1,1,0,1,1,1,1,1,0,1,0,1,0,1,1,1,0,0,0,0,0,0,1,0,1
Jakarta Barat,Grogol Petamburan,0.0,1625000.0,4.4,3.0,19.0,Kos Campur,6.6000000000000005,0,1,1,1,1,1,0,1,1,1,1,1,0,1,0,1,0,1,1,1,0,0,0,0,0,0,1,0,1
Jakarta Selatan,Pasar Minggu,0.0,1953500.0,4.8,22.0,38.0,Kos Campur,20.0,0,1,1,0,1,1,1,1,0,1,1,1,0,1,0,1,0,1,0,1,0,0,1,0,1,0,0,0,1
Jakarta Selatan,Kebayoran Lama,0.0,2020000.0,4.8,4.0,8.0,Kos Campur,8.399999999999999,0,0,1,1,1,1,1,1,0,0,1,1,0,1,0,1,1,1,1,1,0,0,1,0,0,0,0,0,1
Jakarta Selatan,Pasar Minggu,0.0,1625000.0,5.0,19.0,46.0,Kos Putri,6.0,0,0,1,1,1,1,0,1,0,1,1,1,0,1,0,1,0,1,1,1,0,0,1,0,1,0,0,0,0
Jakarta Timur,Kramat Jati,0.0,2590000.0,4.9,9.0,21.0,Kos Putri,18.0,0,1,1,1,0,1,1,0,0,0,1,1,0,1,1,1,1,1,0,1,1,0,1,0,1,0,0,0,1
Jakarta Timur,Kramat Jati,1.0,1735000.0,5.0,1.0,1.0,Kos Putri,8.0,0,1,1,1,1,1,1,0,0,0,0,1,0,1,1,1,1,1,0,0,0,0,1,0,0,0,0,0,1
Jakarta Selatan,Cilandak,2.0,2995000.0,4.6,66.0,117.0,Kos Campur,15.75,0,1,1,1,0,1,1,1,0,1,1,1,1,0,0,1,1,1,1,1,1,0,1,0,1,0,0,0,1
Jakarta Barat,Grogol Petamburan,0.0,3025000.0,5.0,1.0,5.0,Kos Campur,13.5,0,1,1,1,1,1,1,1,0,0,1,1,0,1,1,1,0,1,1,1,1,0,1,1,0,0,0,0,1
Jakarta Barat,Grogol Petamburan,0.0,2233000.0,4.5,5.0,9.0,Kos Campur,12.0,0,1,1,1,1,1,1,1,0,0,1,1,0,1,1,1,0,1,1,1,1,0,1,1,0,0,0,0,1
Jakarta Barat,Grogol Petamburan,0.0,1925000.0,4.9,6.0,11.0,Kos Campur,9.0,0,1,1,1,1,1,1,1,0,0,1,1,0,1,1,1,0,1,1,1,1,0,1,1,0,0,0,0,1
Jakarta Pusat,Kemayoran,0.0,1900000.0,4.6,24.0,86.0,Kos Putri,11.7,0,1,1,1,1,1,0,1,0,1,0,1,0,1,0,1,0,1,1,1,1,0,0,1,0,0,0,0,1
Jakarta Timur,Duren Sawit,2.0,1925000.0,4.9,39.0,89.0,Kos Campur,13.5,0,1,1,1,1,1,1,0,0,1,1,1,0,1,1,1,0,1,1,1,0,0,1,0,0,0,0,0,1
Jakarta Timur,Duren Sawit,0.0,1925000.0,4.6,2.0,7.0,Kos Campur,12.0,0,1,1,1,1,1,1,0,0,1,1,1,0,1,1,1,0,1,1,1,0,0,1,0,0,0,0,0,1
Jakarta Timur,Duren Sawit,0.0,1735000.0,4.6,4.0,28.0,Kos Campur,9.0,0,1,1,1,1,1,1,0,0,1,1,1,0,1,1,1,0,1,1,1,0,0,1,0,0,0,0,0,1
Jakarta Timur,Makasar,1.0,1405000.0,5.0,1.0,1.0,Kos Campur,7.5,1,1,0,0,1,1,1,1,0,1,1,0,0,1,1,1,0,1,0,0,0,1,1,0,0,1,0,0,1
Jakarta Timur,Makasar,0.0,1640000.0,4.8,14.0,23.0,Kos Campur,7.5,1,1,0,0,1,1,1,1,0,1,1,1,0,1,1,1,0,1,0,0,0,0,1,0,0,1,0,0,1
Jakarta Selatan,Mampang Prapatan,3.0,3365000.0,4.6,29.0,66.0,Kos Campur,15.2,0,1,1,1,1,1,1,1,1,1,1,1,0,1,0,1,1,1,1,1,1,0,1,1,1,0,1,0,1
Jakarta Selatan,Cilandak,0.0,2525000.0,4.9,21.0,36.0,Kos Putri,8.959999999999999,0,1,1,1,1,1,1,0,0,1,1,1,0,1,1,1,0,1,1,1,1,0,1,1,1,0,0,0,0
Jakarta Timur,Pulo Gadung,2.0,2463000.0,4.9,3.0,6.0,Kos Campur,12.25,0,1,1,0,1,0,0,0,0,0,1,1,0,1,0,1,1,0,0,0,0,0,1,1,1,0,0,0,1
Jakarta Timur,Pulo Gadung,0.0,2775000.0,5.0,1.0,2.0,Kos Campur,12.25,0,1,1,1,1,1,1,1,1,1,1,1,0,1,0,1,1,1,1,1,1,0,1,1,1,0,0,0,1
Jakarta Pusat,Kecamatan Tanah Abang,0.0,2425000.0,4.5,25.0,45.0,Kos Putri,9.0,1,1,1,0,1,1,1,1,1,0,1,1,0,1,1,1,0,1,1,1,0,0,1,0,1,0,0,1,0
Jakarta Pusat,Kecamatan Tanah Abang,0.0,1975000.0,4.6,12.0,25.0,Kos Putri,9.0,1,0,1,0,1,1,1,1,1,0,1,1,0,1,1,1,0,1,1,1,0,0,1,0,0,0,0,1,0
Jakarta Pusat,Tanah Abang,0.0,1725000.0,0.0,0.0,2.0,Kos Putri,7.5,0,0,1,0,1,1,1,1,1,0,1,0,0,1,1,1,0,1,1,1,0,1,1,1,1,0,0,0,0
Jakarta Selatan,Pesanggrahan,0.0,2590000.0,5.0,1.0,3.0,Kos Putri,21.08,0,1,1,1,1,1,1,1,0,0,0,1,1,1,1,1,1,1,1,1,1,0,0,1,0,0,0,0,1
Jakarta Selatan,Pesanggrahan,0.0,2257500.0,4.4,2.0,13.0,Kos Putri,12.600000000000001,0,1,1,1,1,1,1,1,0,0,0,1,1,1,0,1,1,1,1,1,1,0,0,1,0,0,0,0,1
Jakarta Pusat,Senen,0.0,2509000.0,0.0,0.0,4.0,Kos Campur,12.0,0,1,1,1,1,1,0,1,0,1,1,1,1,1,1,1,0,1,0,0,1,0,1,0,1,0,0,0,1
Jakarta Pusat,Senen,0.0,1865000.0,4.1,1.0,14.0,Kos Campur,12.0,0,1,1,1,1,1,0,1,0,1,0,1,0,1,1,1,0,1,0,0,1,0,1,1,1,0,0,0,1
Jakarta Selatan,Kecamatan Kebayoran Lama,1.0,2055000.0,4.8,6.0,16.0,Kos Putri,6.0,0,0,1,1,1,1,1,1,0,0,1,1,0,1,0,1,1,1,1,1,1,0,1,1,1,0,0,0,1
Jakarta Selatan,Kecamatan Kebayoran Lama,0.0,2455000.0,4.6,4.0,5.0,Kos Putri,6.0,0,1,1,1,1,1,1,1,0,0,1,1,0,1,0,1,1,1,1,1,1,0,1,1,1,0,0,0,1
Jakarta Pusat,Kecamatan Tanah Abang,0.0,1525000.0,4.6,33.0,59.0,Kos Campur,12.25,0,0,1,1,1,1,0,0,0,0,1,1,0,1,1,1,0,1,0,1,0,0,0,1,0,0,0,0,1
Jakarta Pusat,Senen,0.0,1972500.0,4.9,9.0,48.0,Kos Putri,13.939999999999998,0,1,1,1,1,1,0,1,0,0,1,1,0,1,1,1,0,1,1,1,0,0,1,1,0,0,0,0,1
Jakarta Selatan,Pesanggrahan,0.0,1675000.0,5.0,2.0,4.0,Kos Putri,7.0,1,1,1,0,1,1,1,1,0,0,1,1,0,1,1,1,0,1,0,1,1,0,1,1,0,0,0,0,1
Jakarta Selatan,Pesanggrahan,2.0,1475000.0,4.9,11.0,25.0,Kos Putri,5.75,1,0,1,0,1,1,1,1,0,0,1,1,0,1,1,1,0,1,0,1,1,0,1,1,0,0,0,0,1
Jakarta Barat,Palmerah,0.0,1877500.0,4.4,13.0,24.0,Kos Campur,5.0,0,1,1,0,1,1,1,0,1,1,1,1,0,1,0,1,0,1,0,0,0,0,1,0,1,0,0,0,1
Jakarta Selatan,Kecamatan Kebayoran Baru,1.0,3245000.0,4.8,4.0,4.0,Kos Campur,15.0,0,1,1,1,1,1,1,1,0,0,0,1,0,1,1,1,1,1,1,1,1,0,0,1,0,0,0,0,1
Jakarta Utara,Cilincing,0.0,1260000.0,0.0,0.0,1.0,Kos Campur,9.0,0,1,1,1,1,1,1,0,0,1,0,1,0,1,0,0,0,1,0,0,0,0,0,0,0,1,0,0,1
Jakarta Utara,Cilincing,1.0,880000.0,4.4,11.0,27.0,Kos Campur,9.0,0,1,1,1,1,1,1,0,0,1,0,0,0,1,0,0,0,1,0,0,0,1,0,0,0,1,0,0,1
Jakarta Pusat,Sawah Besar,0.0,2425000.0,4.6,18.0,24.0,Kos Campur,14.700000000000001,0,1,1,1,1,1,1,1,0,0,1,1,1,1,1,1,1,1,0,1,0,0,1,0,1,0,0,0,1
Jakarta Pusat,Sawah Besar,0.0,2075000.0,4.6,58.0,122.0,Kos Campur,12.600000000000001,0,1,1,1,0,1,1,1,0,0,1,1,1,1,1,1,1,1,0,1,0,0,1,0,1,0,0,0,1
Jakarta Barat,Kembangan,0.0,2225000.0,0.0,0.0,1.0,Kos Campur,16.12,0,1,1,1,0,1,1,1,0,0,1,1,0,0,0,1,0,1,1,1,0,0,1,0,0,0,0,0,1
Jakarta Barat,Kembangan,1.0,1925000.0,4.9,9.0,26.0,Kos Campur,8.68,0,1,1,1,0,1,1,1,0,0,1,1,0,0,0,1,0,1,1,1,0,0,1,0,0,0,0,0,0
Jakarta Barat,Kembangan,0.0,1000000.0,4.6,14.0,25.0,Kos Campur,12.18,0,1,0,1,1,1,0,1,0,1,1,0,0,0,0,1,0,1,1,1,0,0,0,0,0,0,0,0,0
Jakarta Selatan,Kebayoran Lama,1.0,1825000.0,4.4,7.0,8.0,Kos Campur,9.799999999999999,0,1,1,1,1,1,0,0,1,1,1,1,0,1,1,1,0,1,0,1,1,0,1,1,0,0,1,0,0
Jakarta Selatan,Kebayoran Lama,0.0,1805000.0,4.5,7.0,16.0,Kos Putra,9.0,1,0,1,1,1,1,1,1,1,1,1,1,1,1,1,1,0,1,0,1,1,0,1,1,1,0,0,0,0
Jakarta Selatan,Tebet,0.0,2248000.0,0.0,0.0,2.0,Kos Putri,12.0,0,1,1,1,1,1,1,1,0,0,1,1,0,1,1,1,0,1,1,1,0,0,1,0,0,1,0,0,1
Jakarta Selatan,Tebet,0.0,1735000.0,4.8,14.0,35.0,Kos Putri,9.0,0,0,1,1,1,1,1,1,0,0,1,1,0,1,1,1,0,1,1,1,0,0,1,0,0,1,0,0,1
Jakarta Selatan,Kebayoran Lama,0.0,1395000.0,4.3,2.0,10.0,Kos Putri,12.0,0,0,0,0,0,1,0,1,1,1,1,1,0,0,0,1,0,1,0,0,0,0,1,0,0,0,0,0,1
Jakarta Selatan,Kecamatan Kebayoran Lama,0.0,1255000.0,4.6,11.0,24.0,Kos Putri,12.0,0,0,0,0,0,1,0,1,1,1,1,1,0,0,0,1,0,1,0,0,0,0,1,0,0,0,0,0,0
Jakarta Selatan,Kecamatan Kebayoran Lama,0.0,1425000.0,4.8,10.0,30.0,Kos Putri,12.0,0,0,0,0,0,1,0,1,1,1,1,1,0,0,0,1,0,1,0,0,0,0,1,0,0,0,0,0,1
Jakarta Selatan,Tebet,0.0,3153000.0,4.8,12.0,19.0,Kos Campur,11.2,0,1,1,1,1,1,1,0,1,0,1,1,1,1,0,1,1,1,1,1,1,0,1,0,1,0,0,0,1
Jakarta Selatan,Tebet,0.0,2685000.0,4.6,10.0,14.0,Kos Campur,11.2,0,1,1,1,1,1,1,0,1,0,1,1,1,1,0,1,1,1,1,1,1,0,1,0,1,0,0,0,1
Jakarta Selatan,Tebet,0.0,2685000.0,4.6,10.0,14.0,Kos Campur,9.0,0,0,0,0,0,0,0,0,0,0,0,0,0,0,0,0,0,0,0,0,0,0,0,0,0,0,0,0,1
Jakarta Timur,Kramat Jati,0.0,1875000.0,0.0,0.0,2.0,Kos Campur,10.5,0,1,1,1,1,1,1,0,0,0,1,1,0,1,0,1,0,1,0,0,0,0,1,0,0,0,0,0,1
Jakarta Selatan,Mampang Prapatan,0.0,2675000.0,4.9,9.0,13.0,Kos Campur,8.68,0,1,1,1,1,1,1,0,0,0,1,1,0,1,1,1,0,1,0,1,0,0,1,1,1,0,0,0,1
Jakarta Selatan,Mampang Prapatan,0.0,2525000.0,4.9,11.0,20.0,Kos Campur,10.639999999999999,0,1,1,1,1,1,1,0,0,0,1,1,0,1,1,1,0,1,0,1,0,0,1,1,1,0,0,0,1
Jakarta Selatan,Kecamatan Tebet,0.0,3825000.0,4.8,33.0,68.0,Kos Putri,12.96,0,1,1,0,1,1,1,1,1,0,1,1,1,1,0,1,1,1,1,1,0,0,1,0,1,0,0,0,0
Jakarta Selatan,Kecamatan Tebet,1.0,3525000.0,4.9,40.0,63.0,Kos Putri,9.899999999999999,0,1,1,0,1,1,1,1,1,0,1,1,1,1,1,1,1,1,1,1,0,0,1,0,1,0,0,0,0
Jakarta Selatan,Tebet,0.0,3225000.0,4.9,5.0,7.0,Kos Putri,12.0,0,0,1,1,1,1,1,1,1,0,1,1,0,1,1,1,1,1,1,1,0,0,1,0,1,0,0,0,0
Jakarta Pusat,Kecamatan Cempaka Putih,0.0,1925000.0,4.8,35.0,47.0,Kos Campur,12.0,0,1,1,1,1,0,1,1,1,0,1,1,0,1,1,1,0,1,1,1,0,0,1,1,0,0,0,0,0
Jakarta Pusat,Kecamatan Cempaka Putih,1.0,2115000.0,4.6,5.0,3.0,Kos Campur,12.8,0,1,1,1,0,0,1,1,1,0,1,1,0,0,0,1,0,1,1,1,0,0,1,0,0,0,0,0,0
Jakarta Pusat,Kecamatan Cempaka Putih,0.0,2225000.0,4.9,5.0,6.0,Kos Campur,14.0,0,1,1,1,1,0,1,1,1,0,1,1,0,1,1,1,0,1,1,1,0,0,1,1,0,0,0,0,0
Jakarta Selatan,Cilandak,0.0,2575000.0,4.6,20.0,31.0,Kos Campur,8.58,1,1,1,0,1,1,1,1,0,1,0,1,0,1,1,1,0,1,1,1,0,0,0,0,1,0,0,0,1
Jakarta Selatan,Cilandak,0.0,2845000.0,4.5,27.0,45.0,Kos Campur,14.0,1,1,1,0,1,1,1,1,0,1,0,1,1,1,1,1,0,1,1,1,0,0,0,0,1,0,0,0,1
Jakarta Selatan,Kebayoran Baru,0.0,3700000.0,5.0,2.0,8.0,Kos Campur,13.5,0,1,1,1,0,1,0,1,0,1,1,1,1,1,1,1,1,1,1,1,1,0,1,1,1,0,0,0,1
Jakarta Timur,Pulo Gadung,1.0,1450000.0,5.0,51.0,85.0,Kos Campur,10.5,0,0,1,0,1,1,1,1,0,1,0,1,1,1,0,1,0,1,0,1,0,0,0,1,0,1,0,0,1
Jakarta Selatan,Kebayoran Lama,0.0,1735000.0,4.8,5.0,14.0,Kos Putra,12.0,1,0,1,1,1,1,0,1,0,1,1,1,0,1,1,1,0,1,0,1,1,0,1,1,0,0,0,0,1
Jakarta Selatan,Cilandak,1.0,3682500.0,4.6,1.0,6.0,Kos Campur,20.0,0,1,1,0,0,1,1,1,0,1,1,1,1,1,1,1,1,1,1,1,1,0,1,1,1,0,0,0,1
Jakarta Barat,Taman Sari,0.0,2025000.0,4.0,4.0,5.0,Kos Campur,12.96,0,1,1,1,0,1,0,0,0,0,1,1,0,1,0,1,1,1,1,0,0,0,1,0,0,0,0,0,1
Jakarta Barat,Taman Sari,0.0,1925000.0,4.8,21.0,43.0,Kos Campur,10.56,0,1,1,1,0,1,0,0,0,0,1,1,0,1,1,1,1,1,1,0,0,0,1,0,1,0,0,0,1
Jakarta Barat,Taman Sari,0.0,1681000.0,4.5,6.0,10.0,Kos Campur,11.16,0,1,1,1,1,1,0,0,0,0,1,1,0,1,1,1,1,1,1,0,0,0,1,0,1,0,0,0,1
Jakarta Selatan,Kebayoran Baru,1.0,3625000.0,4.6,3.0,10.0,Kos Campur,18.0,0,1,1,1,1,1,0,1,0,0,1,1,1,1,0,1,1,1,1,1,1,0,1,0,1,0,0,0,0
Jakarta Timur,Kramat Jati,3.0,1635000.0,4.8,15.0,18.0,Kos Campur,7.5,1,1,1,1,1,1,1,1,1,1,1,1,1,1,0,1,0,1,1,1,0,0,1,0,0,0,1,0,1
Jakarta Timur,Kramat Jati,0.0,1592500.0,4.5,23.0,31.0,Kos Campur,7.5,1,1,1,1,1,1,1,1,1,1,1,1,1,1,0,1,0,1,1,1,0,0,1,0,0,0,1,0,1
Jakarta Timur,Kramat Jati,0.0,1037000.0,4.5,43.0,72.0,Kos Campur,7.5,1,1,1,1,0,1,1,1,1,1,0,0,1,1,0,1,0,1,1,1,0,0,1,0,0,1,1,0,1
Jakarta Timur,Kramat Jati,3.0,927500.0,4.6,21.0,40.0,Kos Campur,8.399999999999999,1,0,0,1,0,1,1,1,1,1,1,0,1,1,0,1,0,1,1,1,0,0,1,0,0,1,1,0,1
Jakarta Barat,Kecamatan Palmerah,0.0,1877500.0,4.6,48.0,90.0,Kos Campur,8.75,0,1,1,0,1,1,1,1,1,1,1,1,0,1,0,1,0,1,1,1,0,0,1,0,1,0,0,0,1
Jakarta Barat,Kecamatan Palmerah,0.0,1592500.0,4.6,49.0,81.0,Kos Campur,7.5,1,0,1,0,0,1,1,1,1,1,1,1,0,1,0,1,0,1,1,1,0,0,1,0,1,0,0,0,1
Jakarta Pusat,Cempaka Putih,1.0,1842000.0,4.8,31.0,50.0,Kos Campur,7.199999999999999,0,1,1,1,1,1,1,1,0,1,1,1,0,1,0,1,1,1,1,1,1,0,1,1,0,1,0,0,1
Jakarta Pusat,Cempaka Putih,0.0,1750000.0,4.8,27.0,45.0,Kos Campur,7.199999999999999,0,1,1,1,1,1,1,1,0,1,1,1,0,1,1,1,0,1,1,1,1,0,1,1,0,1,0,0,1
Jakarta Timur,Kecamatan Duren Sawit,0.0,1545000.0,4.9,43.0,56.0,Kos Campur,12.0,0,1,1,0,1,1,1,0,1,1,1,1,0,0,1,1,0,1,0,1,1,0,1,0,0,0,0,0,1
Jakarta Timur,Makasar,3.0,2115000.0,4.6,7.0,12.0,Kos Campur,16.0,1,1,1,1,1,1,1,1,0,0,1,1,0,1,0,1,0,1,0,0,0,0,1,0,1,1,0,0,1
Jakarta Timur,Makasar,0.0,1906000.0,4.6,18.0,34.0,Kos Campur,12.0,1,1,1,1,1,1,1,1,0,0,1,1,0,1,0,1,0,1,0,0,0,0,1,0,0,1,0,0,1
Jakarta Pusat,Sawah Besar,0.0,2691000.0,4.6,1.0,4.0,Kos Campur,9.610000000000001,0,1,1,1,1,1,1,0,0,1,1,1,1,1,1,1,1,1,1,1,1,0,1,1,1,0,0,0,1
Jakarta Pusat,Sawah Besar,0.0,3312000.0,4.8,4.0,7.0,Kos Campur,17.64,0,1,1,1,1,1,1,0,0,1,1,1,1,1,1,1,1,1,1,1,1,0,1,1,1,0,0,0,1
Jakarta Pusat,Sawah Besar,0.0,2992500.0,4.0,1.0,4.0,Kos Campur,10.5,0,1,1,1,1,1,1,0,0,1,1,1,1,1,0,1,1,1,1,1,1,0,1,1,1,0,0,0,1
Jakarta Timur,Duren Sawit,3.0,1592500.0,4.8,50.0,80.0,Kos Campur,12.0,0,1,1,0,1,1,1,1,0,1,1,1,0,1,0,1,0,1,1,1,1,0,1,0,0,0,0,0,1
Jakarta Timur,Duren Sawit,1.0,1830000.0,4.5,16.0,23.0,Kos Campur,14.0,1,1,1,1,1,1,1,1,1,1,1,1,0,1,1,1,0,1,1,1,1,0,1,0,0,0,1,0,1
Jakarta Utara,Kelapa Gading,0.0,1865000.0,0.0,0.0,1.0,Kos Putri,9.0,0,1,1,1,1,1,1,1,0,0,0,1,0,1,1,1,0,1,1,1,0,0,0,0,0,0,0,0,1
Jakarta Utara,Kelapa Gading,0.0,1875000.0,4.9,3.0,8.0,Kos Putri,7.199999999999999,0,1,1,1,1,1,1,1,0,0,0,1,0,1,1,1,0,1,1,1,0,0,0,0,0,0,0,0,1
Jakarta Utara,Kelapa Gading,1.0,1625000.0,4.8,11.0,14.0,Kos Putri,6.300000000000001,0,0,1,1,1,1,1,1,0,0,0,1,0,1,1,1,0,1,1,1,0,0,0,0,0,0,0,0,1
Jakarta Utara,Kelapa Gading,0.0,1525000.0,4.9,11.0,17.0,Kos Putri,5.76,0,0,1,1,1,1,1,1,0,0,0,1,0,1,1,1,0,1,1,1,0,0,0,0,0,0,0,0,1
Jakarta Selatan,Kecamatan Tebet,0.0,1925000.0,4.8,4.0,6.0,Kos Putra,9.0,1,1,1,1,1,1,1,1,0,1,1,1,0,1,0,1,0,1,0,1,1,0,1,1,1,0,0,0,1
Jakarta Selatan,Kecamatan Tebet,0.0,1925000.0,4.8,4.0,6.0,Kos Putra,9.0,0,0,0,0,0,0,0,0,0,0,0,0,0,0,0,0,0,0,0,0,0,0,0,0,0,0,0,0,0
Jakarta Selatan,Kecamatan Tebet,0.0,2025000.0,4.8,19.0,25.0,Kos Campur,12.0,1,1,1,1,0,1,1,1,0,1,0,1,0,1,0,1,0,1,0,1,1,0,1,1,0,0,0,0,1
Jakarta Selatan,Kebayoran Baru,1.0,4075000.0,4.8,16.0,29.0,Kos Campur,13.5,0,1,1,1,1,1,1,0,0,0,1,1,1,1,0,1,1,1,1,1,0,0,1,0,1,0,0,0,1
Jakarta Selatan,Kebayoran Baru,1.0,3025000.0,4.8,40.0,68.0,Kos Campur,13.5,0,1,1,1,1,1,1,0,0,0,1,1,1,1,0,1,1,1,1,1,0,0,1,0,1,0,0,0,1
Jakarta Selatan,Kecamatan Tebet,0.0,2187000.0,5.0,3.0,4.0,Kos Campur,9.0,1,1,1,1,1,1,1,1,0,1,1,1,0,1,1,1,0,1,0,0,0,0,0,0,0,0,0,0,1
Jakarta Timur,Matraman,1.0,2305000.0,4.3,5.0,21.0,Kos Putri,12.0,0,1,1,1,1,1,1,0,0,0,1,1,1,1,0,1,1,1,0,0,0,0,1,0,0,0,0,0,1
Jakarta Timur,Matraman,1.0,2275000.0,4.4,9.0,31.0,Kos Putri,8.100000000000001,0,1,1,1,1,1,1,0,0,0,1,1,1,1,1,1,1,1,0,0,0,0,1,0,0,0,0,0,1
Jakarta Timur,Matraman,2.0,2025000.0,4.5,16.0,31.0,Kos Putri,8.100000000000001,0,1,1,1,1,1,1,0,0,0,1,1,1,1,1,1,1,1,0,0,0,0,1,0,0,0,0,0,1
Jakarta Pusat,Menteng,0.0,2293000.0,0.0,0.0,8.0,Kos Campur,10.5,0,1,1,1,1,1,1,1,0,1,1,1,1,1,0,1,1,1,1,1,0,0,1,1,0,0,0,0,1
Jakarta Selatan,Pasar Minggu,0.0,1681000.0,4.3,1.0,14.0,Kos Campur,12.0,0,1,1,1,1,1,1,1,0,0,1,1,0,1,1,1,0,1,1,1,1,0,1,0,0,1,0,0,1
Jakarta Pusat,Menteng,1.0,3160000.0,4.3,5.0,6.0,Kos Campur,25.0,1,1,1,1,1,1,1,1,0,1,1,1,0,1,1,1,0,1,1,1,1,0,1,0,0,0,0,0,1
Jakarta Pusat,Menteng,1.0,2210000.0,4.6,20.0,28.0,Kos Campur,16.0,1,1,1,1,1,1,1,1,0,1,1,1,0,1,1,1,0,1,1,1,1,0,1,1,0,0,0,0,1
Jakarta Pusat,Menteng,0.0,1911000.0,4.0,1.0,2.0,Kos Campur,11.520000000000001,1,0,1,1,1,1,1,1,0,1,1,1,0,1,1,1,0,1,1,1,1,0,1,1,0,0,0,0,1
Jakarta Pusat,Menteng,0.0,1782500.0,4.6,3.0,7.0,Kos Campur,10.08,1,1,1,1,1,1,1,1,0,1,1,0,0,1,0,0,0,1,1,1,1,1,1,0,0,0,0,0,1
Jakarta Barat,Kebon Jeruk,0.0,1465000.0,4.1,9.0,34.0,Kos Campur,7.290000000000001,0,1,1,1,1,1,0,1,1,1,1,1,0,1,0,1,1,1,1,1,0,0,1,0,0,0,1,0,1
Jakarta Selatan,Pasar Minggu,1.0,3025000.0,4.8,3.0,6.0,Kos Campur,19.11,0,1,1,1,1,1,1,1,1,0,1,1,1,1,1,1,1,1,1,1,0,0,1,1,0,0,1,0,0
Jakarta Selatan,Pasar Minggu,2.0,2525000.0,4.8,13.0,26.0,Kos Campur,10.5,0,1,1,1,1,1,1,1,1,0,1,1,1,1,0,1,1,1,1,1,0,0,1,1,0,0,1,0,0
Jakarta Selatan,Pasar Minggu,0.0,2225000.0,5.0,3.0,9.0,Kos Campur,6.96,0,1,1,1,1,1,1,1,1,0,1,1,1,1,1,1,1,1,1,1,0,0,1,1,0,0,1,0,0
Jakarta Selatan,Cilandak,0.0,3325000.0,4.8,15.0,37.0,Kos Campur,9.0,0,1,1,1,1,1,1,1,0,0,1,1,0,0,0,1,1,1,1,1,1,0,1,0,0,0,0,0,1
Jakarta Timur,Duren Sawit,0.0,1235000.0,5.0,4.0,14.0,Kos Campur,10.240000000000002,0,0,1,0,1,1,1,1,1,1,1,1,0,1,0,1,0,1,0,0,0,0,1,1,0,1,0,1,1
Jakarta Pusat,Sawah Besar,0.0,1877500.0,4.9,15.0,30.0,Kos Campur,12.04,0,1,1,1,1,1,0,1,1,1,1,1,1,1,1,1,0,1,1,1,0,0,1,1,0,0,0,0,1
Jakarta Pusat,Sawah Besar,0.0,1592500.0,4.8,7.0,9.0,Kos Campur,6.09,0,0,0,1,1,1,0,1,1,1,1,1,1,1,1,0,0,1,1,1,0,0,1,0,0,1,0,0,1
Jakarta Selatan,Tebet,0.0,1895000.0,4.6,12.0,21.0,Kos Putra,6.21,0,1,1,0,0,1,1,1,1,1,1,1,0,1,0,0,1,1,1,1,1,0,1,0,0,0,0,0,1
Jakarta Selatan,Tebet,0.0,1725000.0,4.8,7.0,7.0,Kos Campur,6.0,0,1,1,0,0,1,1,1,1,1,1,1,0,1,0,0,1,1,1,1,1,0,1,0,0,0,0,0,1
Jakarta Pusat,Kecamatan Senen,0.0,1591250.0,4.8,7.0,16.0,Kos Campur,7.0,1,0,1,0,1,1,1,1,0,0,0,1,1,1,1,1,1,1,1,1,1,0,1,0,1,0,0,0,1
Jakarta Pusat,Kecamatan Senen,0.0,2113750.0,4.8,11.0,16.0,Kos Campur,10.5,1,1,1,0,1,1,1,1,0,0,1,1,1,1,1,1,1,1,1,1,1,0,1,0,1,0,0,0,1
Jakarta Pusat,Kecamatan Senen,0.0,2921250.0,5.0,14.0,24.0,Kos Campur,10.5,1,1,1,0,1,1,1,1,0,0,0,1,1,1,1,1,1,1,1,1,1,0,1,1,1,0,0,0,1
Jakarta Pusat,Kecamatan Senen,0.0,2369000.0,4.9,17.0,27.0,Kos Campur,10.5,1,1,1,0,1,1,1,1,0,0,1,1,1,1,1,1,1,1,1,1,1,0,1,0,1,0,0,0,1
Jakarta Pusat,Kecamatan Senen,0.0,3266000.0,4.9,11.0,23.0,Kos Campur,10.5,1,1,1,0,1,1,1,1,0,0,1,1,1,1,1,1,1,1,1,1,1,0,1,0,1,0,0,0,1
Jakarta Timur,Matraman,1.0,1875000.0,4.8,93.0,109.0,Kos Campur,9.52,0,1,1,1,1,1,1,1,0,1,1,1,1,1,1,1,0,1,1,1,0,0,1,1,0,0,0,0,0
Jakarta Selatan,Tebet,0.0,1900000.0,4.8,5.0,11.0,Kos Putri,10.240000000000002,0,1,1,1,1,1,0,1,0,1,1,1,0,1,0,1,0,1,1,1,0,0,1,1,0,0,0,0,1
Jakarta Timur,Cipayung,0.0,1589000.0,5.0,2.0,9.0,Kos Campur,15.0,0,1,1,1,1,1,0,0,0,1,1,1,0,1,1,1,0,1,0,0,0,0,0,0,0,0,0,0,1
Jakarta Timur,Cipayung,1.0,1405000.0,4.9,4.0,21.0,Kos Campur,11.7,0,1,1,1,1,1,0,0,0,1,1,1,0,1,1,1,0,1,0,0,0,0,0,0,0,0,0,0,1
Jakarta Timur,Cipayung,0.0,1260000.0,5.0,2.0,4.0,Kos Campur,15.0,0,1,1,1,1,1,0,0,0,1,1,0,0,1,1,1,0,1,0,0,0,0,0,0,0,0,0,0,1
Jakarta Timur,Cipayung,0.0,1070000.0,5.0,4.0,29.0,Kos Campur,11.7,0,1,1,1,1,1,0,0,0,1,1,0,0,1,1,1,0,1,0,0,0,0,0,0,0,0,0,0,1
Jakarta Selatan,Tebet,0.0,2072500.0,4.9,2.0,22.0,Kos Putra,12.0,0,1,1,1,1,1,1,0,0,1,1,1,0,1,1,0,0,1,1,1,1,0,1,1,0,1,0,0,1
Jakarta Timur,Kramat Jati,0.0,1497500.0,4.9,6.0,15.0,Kos Putri,8.75,0,1,1,1,1,1,0,1,1,1,1,1,1,1,0,1,0,1,0,0,1,0,1,1,0,0,0,0,1
Jakarta Barat,Kali Deres,0.0,1900000.0,5.0,1.0,5.0,Kos Campur,14.0,0,1,1,1,1,1,1,1,1,1,1,1,0,1,1,1,0,1,1,1,1,0,1,0,0,0,0,0,1
Jakarta Barat,Kali Deres,1.0,1725000.0,4.6,7.0,9.0,Kos Campur,9.620000000000001,0,1,1,1,1,1,1,1,1,1,1,1,0,1,0,1,0,1,1,1,1,0,1,0,0,0,0,0,0
Jakarta Barat,Kali Deres,0.0,1675000.0,4.6,18.0,43.0,Kos Campur,9.1,0,1,1,1,1,1,1,1,1,1,1,1,0,1,1,1,0,1,1,1,1,0,1,0,0,0,0,0,0
Jakarta Selatan,Jagakarsa,3.0,1687500.0,4.9,24.0,38.0,Kos Putri,12.0,0,1,1,1,1,1,1,0,0,1,1,1,0,1,0,0,0,1,0,1,1,0,1,1,0,0,0,1,1
Jakarta Selatan,Jagakarsa,0.0,1307500.0,5.0,2.0,5.0,Kos Putri,7.0,0,1,1,1,1,1,1,0,0,1,1,1,0,1,1,1,0,1,0,1,1,0,1,1,0,0,0,0,1
Jakarta Barat,Kecamatan Grogol petamburan,0.0,2405000.0,4.8,21.0,32.0,Kos Putri,9.0,1,1,1,0,1,1,1,1,1,1,1,1,1,1,1,1,1,1,1,1,1,0,1,1,1,0,0,0,0
Jakarta Barat,Grogol Petamburan,0.0,2025000.0,4.8,8.0,19.0,Kos Campur,8.51,0,1,1,1,1,1,0,1,0,1,1,1,0,1,0,1,1,1,1,1,0,0,1,0,0,0,0,0,1
Jakarta Barat,Grogol Petamburan,0.0,1825000.0,4.9,18.0,54.0,Kos Campur,8.51,0,1,1,1,1,1,0,1,0,1,1,1,0,1,0,1,1,1,1,1,0,0,1,0,0,0,0,0,1
Jakarta Barat,Grogol Petamburan,0.0,2450000.0,4.6,104.0,210.0,Kos Campur,13.5,0,1,1,0,0,1,1,1,1,1,1,1,1,0,0,1,1,1,1,0,0,0,1,0,1,0,0,0,0
Jakarta Barat,Grogol Petamburan,0.0,1750000.0,0.0,0.0,16.0,Kos Campur,13.5,0,0,1,0,0,1,1,1,1,1,1,1,1,0,0,1,1,1,1,0,0,0,1,0,1,0,0,0,0
Jakarta Barat,Grogol Petamburan,3.0,2630000.0,4.6,86.0,208.0,Kos Campur,12.15,0,1,1,1,0,1,1,1,1,1,1,1,1,0,0,1,1,1,1,1,0,0,1,0,0,0,0,0,0
Jakarta Barat,Grogol Petamburan,0.0,2730000.0,4.6,15.0,29.0,Kos Campur,13.5,0,1,1,1,0,1,1,1,1,1,1,1,1,0,0,1,1,1,1,1,0,0,1,0,0,0,0,0,0
Jakarta Selatan,Pesanggrahan,0.0,1681000.0,4.8,62.0,155.0,Kos Putra,5.52,0,1,1,1,1,1,0,1,0,0,1,1,0,1,1,1,0,1,1,1,1,0,1,0,1,0,0,0,1
Jakarta Utara,Kelapa Gading,1.0,3680000.0,0.0,0.0,0.0,Kos Putri,22.5,0,1,1,1,1,1,1,1,0,1,1,1,1,1,1,1,1,1,1,1,1,0,1,0,1,0,0,0,1
Jakarta Selatan,Tebet,0.0,1855000.0,4.8,21.0,68.0,Kos Campur,8.16,0,1,1,1,1,1,0,0,0,0,1,1,0,1,1,1,0,1,1,1,0,0,1,0,0,0,0,0,1
Jakarta Utara,Kelapa Gading,2.0,2944000.0,0.0,0.0,0.0,Kos Putri,15.040000000000001,0,1,1,1,1,1,1,1,0,1,1,1,1,1,1,1,1,1,1,1,1,0,1,0,1,0,0,0,1
Jakarta Selatan,Tebet,0.0,1495000.0,4.6,4.0,14.0,Kos Campur,9.0,0,0,0,0,0,0,0,0,0,0,0,0,0,0,0,0,0,0,0,0,0,0,0,0,0,0,0,0,0
Jakarta Utara,Kelapa Gading,1.0,2760000.0,4.9,2.0,3.0,Kos Putri,12.600000000000001,0,1,1,1,1,1,1,1,0,1,1,1,1,1,1,1,1,1,1,1,1,0,1,0,1,0,0,0,1
Jakarta Selatan,Tebet,0.0,1255000.0,0.0,0.0,2.0,Kos Campur,5.9799999999999995,0,1,1,1,1,1,0,1,0,0,1,1,0,1,0,1,0,1,1,1,0,0,0,0,0,0,0,0,1
Jakarta Pusat,Sawah Besar,0.0,1925000.0,4.8,48.0,81.0,Kos Campur,8.0,0,1,1,1,1,1,1,1,0,1,1,1,1,1,1,1,1,1,0,1,0,0,1,0,1,0,0,0,1
Jakarta Selatan,Tebet,0.0,1800000.0,4.1,8.0,15.0,Kos Campur,9.0,0,1,1,0,1,1,0,0,0,0,0,1,0,1,0,1,0,1,0,1,0,0,0,0,0,1,0,0,1
Jakarta Timur,Pulo Gadung,2.0,1735000.0,0.0,0.0,0.0,Kos Putri,7.920000000000001,1,0,1,1,1,1,0,1,1,1,1,1,1,1,1,1,0,1,1,1,0,0,0,1,0,1,0,0,1
Jakarta Timur,Pulo Gadung,2.0,1735000.0,0.0,0.0,0.0,Kos Putri,7.920000000000001,1,0,1,1,1,1,0,1,1,1,1,1,1,1,1,1,0,1,1,1,0,0,0,1,0,1,0,0,1
Jakarta Timur,Pulo Gadung,2.0,1735000.0,0.0,0.0,0.0,Kos Putri,7.920000000000001,1,0,1,1,1,1,0,1,1,1,1,1,1,1,1,1,0,1,1,1,0,0,0,1,0,1,0,0,1
Jakarta Timur,Pulo Gadung,2.0,1735000.0,0.0,0.0,0.0,Kos Putri,7.920000000000001,1,0,1,1,1,1,0,1,1,1,1,1,1,1,1,1,0,1,1,1,0,0,0,1,0,1,0,0,1
Jakarta Timur,Pulo Gadung,2.0,1735000.0,0.0,0.0,0.0,Kos Putri,7.920000000000001,1,0,1,1,1,1,0,1,1,1,1,1,1,1,1,1,0,1,1,1,0,0,0,1,0,1,0,0,1
Jakarta Timur,Pulo Gadung,0.0,1165000.0,4.8,5.0,9.0,Kos Putri,8.100000000000001,1,0,1,1,1,1,0,1,1,1,1,0,1,1,1,1,0,1,1,1,0,1,0,1,0,1,0,0,1
Jakarta Pusat,Kecamatan Tanah Abang,0.0,3375000.0,4.8,6.0,11.0,Kos Campur,15.75,0,1,1,1,0,0,1,1,0,0,1,1,1,0,0,1,1,1,1,1,1,0,1,0,0,0,0,0,1
Jakarta Pusat,Kecamatan Tanah Abang,0.0,3175000.0,4.6,43.0,76.0,Kos Campur,12.0,0,1,1,1,0,0,1,1,0,0,1,1,1,0,0,1,1,1,1,1,1,0,1,0,0,0,0,0,0
Jakarta Pusat,Kecamatan Tanah Abang,0.0,2825000.0,4.6,47.0,94.0,Kos Campur,9.0,0,1,1,1,0,0,1,1,0,0,1,1,1,0,0,1,1,1,1,1,1,0,1,0,0,0,0,0,0
Jakarta Selatan,Pancoran,0.0,3025000.0,4.6,4.0,3.0,Kos Campur,21.0,0,1,1,1,1,0,1,1,1,1,1,1,1,1,1,1,1,1,1,1,0,0,1,1,0,0,1,0,1
Jakarta Selatan,Cilandak,0.0,2545000.0,4.8,15.0,21.0,Kos Campur,12.0,0,1,1,1,1,1,1,1,0,1,1,1,1,1,0,1,0,1,0,1,0,0,1,0,0,0,0,0,1
Jakarta Timur,Pulo Gadung,0.0,1925000.0,5.0,3.0,6.0,Kos Campur,10.5,1,1,1,1,1,1,0,1,0,1,1,1,0,1,1,1,0,1,1,1,0,0,1,1,0,1,0,0,1
Jakarta Timur,Pulo Gadung,0.0,1545000.0,5.0,3.0,5.0,Kos Campur,10.5,1,0,1,1,1,1,0,1,0,1,1,1,0,1,1,1,0,1,1,1,0,0,1,1,0,1,0,0,1
Jakarta Timur,Pulo Gadung,0.0,1450000.0,4.8,3.0,7.0,Kos Campur,10.5,1,1,1,1,1,1,0,1,0,1,1,0,0,1,1,1,0,1,1,1,0,0,1,1,0,1,0,0,1
Jakarta Timur,Pulo Gadung,0.0,1212500.0,5.0,3.0,8.0,Kos Campur,10.5,1,0,1,1,1,1,0,1,0,1,1,0,0,1,0,1,0,1,1,1,0,0,1,0,0,0,0,0,1
Jakarta Timur,Duren Sawit,1.0,2275000.0,0.0,0.0,0.0,Kos Putri,25.0,0,1,1,1,1,1,1,1,0,1,0,1,0,1,0,1,0,1,1,1,1,0,0,1,1,0,0,0,1
Jakarta Timur,Duren Sawit,0.0,1645000.0,0.0,0.0,0.0,Kos Putri,14.0,0,0,1,1,1,1,1,1,0,1,0,1,0,1,1,1,0,1,1,1,1,0,0,1,0,0,0,0,1
Jakarta Timur,Duren Sawit,0.0,1645000.0,0.0,0.0,0.0,Kos Putri,14.0,0,0,1,1,1,1,1,1,0,1,0,1,0,1,1,1,0,1,1,1,1,0,0,1,0,0,0,0,1
Jakarta Timur,Duren Sawit,0.0,1645000.0,0.0,0.0,0.0,Kos Putri,14.0,0,0,1,1,1,1,1,1,0,1,0,1,0,1,1,1,0,1,1,1,1,0,0,1,0,0,0,0,1
Jakarta Timur,Duren Sawit,0.0,1645000.0,0.0,0.0,0.0,Kos Putri,14.0,0,0,1,1,1,1,1,1,0,1,0,1,0,1,1,1,0,1,1,1,1,0,0,1,0,0,0,0,1
Jakarta Timur,Duren Sawit,0.0,1645000.0,0.0,0.0,0.0,Kos Putri,14.0,0,0,1,1,1,1,1,1,0,1,0,1,0,1,1,1,0,1,1,1,1,0,0,1,0,0,0,0,1
Jakarta Timur,Duren Sawit,2.0,970000.0,0.0,0.0,4.0,Kos Putri,8.100000000000001,1,0,1,1,1,1,1,1,0,1,0,0,0,1,1,1,0,1,1,1,1,0,0,1,0,0,0,0,1
Jakarta Barat,Taman Sari,2.0,1865000.0,4.4,7.0,26.0,Kos Campur,16.799999999999997,0,1,1,1,0,1,1,1,0,0,1,1,1,0,0,1,1,1,0,1,0,0,0,0,0,0,0,0,1
Jakarta Barat,Taman Sari,0.0,2257500.0,5.0,1.0,9.0,Kos Campur,16.799999999999997,0,1,1,1,0,1,1,1,0,0,1,1,1,0,0,1,1,1,0,1,0,0,0,0,0,0,0,0,1
Jakarta Barat,Taman Sari,1.0,2647000.0,0.0,0.0,0.0,Kos Campur,16.799999999999997,0,1,1,1,0,1,1,1,0,0,1,1,1,0,0,1,1,1,0,1,0,0,0,0,0,0,0,0,1
Jakarta Barat,Kecamatan Grogol petamburan,2.0,2959800.0,4.8,7.0,12.0,Kos Campur,10.5,0,1,1,0,1,1,1,1,1,1,1,1,1,1,0,1,1,1,1,1,0,0,1,0,1,0,0,0,1
Jakarta Barat,Kecamatan Grogol petamburan,0.0,2705000.0,4.8,25.0,38.0,Kos Campur,9.0,0,1,1,0,1,1,1,1,1,1,1,1,1,1,1,1,1,1,1,1,0,0,1,0,1,0,0,0,1
Jakarta Barat,Kecamatan Grogol petamburan,0.0,1875000.0,4.9,17.0,27.0,Kos Campur,9.0,0,0,1,0,1,1,1,1,1,1,1,1,1,1,1,1,1,1,1,1,0,0,1,0,1,0,0,0,1
Jakarta Selatan,Kecamatan Jagakarsa,1.0,2400000.0,4.9,10.0,17.0,Kos Putri,9.0,0,0,0,0,0,0,0,0,0,0,0,0,0,0,0,0,0,0,0,0,0,0,0,0,0,0,0,0,1
Jakarta Selatan,Kecamatan Jagakarsa,1.0,2400000.0,4.9,10.0,17.0,Kos Putri,12.25,0,1,1,1,1,1,1,1,0,1,1,1,1,1,1,1,1,1,1,1,1,0,1,1,1,0,0,0,1
Jakarta Selatan,Setia Budi,0.0,2827500.0,4.8,25.0,43.0,Kos Campur,8.100000000000001,0,1,1,1,1,1,1,0,0,1,0,1,1,1,1,1,1,1,0,0,0,0,0,0,1,0,0,0,1
Jakarta Selatan,Setia Budi,2.0,3350000.0,4.6,24.0,35.0,Kos Campur,18.0,1,1,1,1,0,1,1,1,0,1,1,1,1,0,1,1,1,1,1,1,1,0,1,0,1,0,0,0,1
Jakarta Selatan,Pancoran,0.0,1855000.0,4.8,14.0,27.0,Kos Putra,10.639999999999999,0,1,0,0,1,1,0,1,0,0,1,1,0,1,1,1,0,1,1,1,0,0,1,1,0,1,0,0,0
Jakarta Selatan,Kecamatan Cilandak,3.0,3425000.0,4.6,106.0,205.0,Kos Campur,10.5,0,1,1,1,0,1,1,1,1,0,1,1,1,1,0,1,1,1,1,1,1,0,1,0,1,0,1,0,1
Jakarta Selatan,Kecamatan Cilandak,0.0,3625000.0,4.6,2.0,8.0,Kos Campur,19.25,0,1,1,1,1,1,1,1,1,1,1,1,1,1,1,1,1,1,1,1,1,0,1,0,1,0,1,0,0
Jakarta Barat,Kebon Jeruk,1.0,2175000.0,4.8,8.0,13.0,Kos Putri,40.0,0,1,1,1,1,1,1,0,0,1,1,1,0,1,0,1,0,1,0,0,0,0,1,0,1,0,0,0,1
Jakarta Barat,Kebon Jeruk,1.0,2075000.0,4.6,17.0,30.0,Kos Putri,36.0,0,1,1,1,1,1,1,0,0,1,1,1,0,1,0,1,0,1,0,0,0,0,1,0,1,0,0,0,1
Jakarta Selatan,Jagakarsa,0.0,1235000.0,4.4,1.0,2.0,Kos Campur,10.240000000000002,0,1,1,1,1,1,0,0,0,0,0,1,0,1,1,1,0,1,0,1,0,0,0,1,0,0,0,0,1
Jakarta Timur,Pulo Gadung,1.0,2115000.0,4.6,25.0,62.0,Kos Putri,12.0,0,1,1,1,1,1,0,1,0,1,1,1,1,1,1,1,1,1,1,1,1,0,1,1,0,0,0,0,1
Jakarta Timur,Pulo Gadung,0.0,1583000.0,4.6,17.0,29.0,Kos Putri,9.0,0,1,1,1,0,1,1,1,1,0,1,1,1,1,0,1,0,1,0,1,1,0,1,1,0,0,0,0,1
Jakarta Timur,Pulo Gadung,1.0,1678000.0,4.6,50.0,87.0,Kos Putri,12.0,0,1,1,1,0,1,1,1,1,0,1,1,1,1,0,1,0,1,0,1,1,0,1,1,0,0,0,0,1
Jakarta Barat,Kembangan,0.0,1545000.0,4.3,4.0,7.0,Kos Campur,6.0,0,1,1,0,1,1,0,0,0,1,0,1,0,0,0,1,0,1,0,1,0,0,0,0,0,0,0,1,1
Jakarta Barat,Kembangan,0.0,1375000.0,4.5,13.0,31.0,Kos Campur,6.0,0,1,0,0,1,1,0,0,0,1,0,1,0,0,0,1,0,1,0,1,0,0,0,0,0,0,0,1,1
Jakarta Barat,Kecamatan Kebon Jeruk,1.0,1451000.0,4.6,6.0,16.0,Kos Campur,12.0,0,0,1,1,1,1,0,0,0,1,1,1,0,1,0,1,0,1,1,1,0,0,1,1,0,1,0,0,1
Jakarta Barat,Kecamatan Kebon Jeruk,0.0,1184200.0,4.8,10.0,17.0,Kos Campur,8.75,0,0,1,1,1,1,0,0,0,1,1,1,0,1,1,1,0,1,1,1,0,0,1,1,0,1,0,0,1
Jakarta Pusat,Kecamatan Gambir,0.0,2025000.0,4.9,11.0,37.0,Kos Putri,9.0,0,1,1,0,1,1,1,1,1,0,1,1,1,1,1,1,0,1,1,1,0,0,1,1,0,0,0,0,1
Jakarta Selatan,Cilandak,0.0,3775000.0,4.8,57.0,111.0,Kos Campur,12.0,1,1,1,1,0,1,1,1,1,0,1,1,1,0,0,1,1,1,1,1,1,0,1,0,0,0,0,0,1
Jakarta Pusat,Tanah Abang,0.0,2210000.0,4.8,12.0,21.0,Kos Campur,8.0,0,1,1,1,1,1,1,1,1,1,1,1,1,1,1,1,0,1,1,1,1,0,1,1,0,0,0,0,1
Jakarta Barat,Kebon Jeruk,0.0,1432600.0,5.0,4.0,4.0,Kos Campur,8.46,0,0,1,1,1,1,1,1,1,1,1,1,1,1,0,1,1,1,1,1,1,0,1,0,0,0,1,0,1
Jakarta Selatan,Pesanggrahan,0.0,880000.0,4.8,5.0,12.0,Kos Campur,9.0,0,1,0,1,1,1,0,0,0,1,1,0,0,1,0,1,0,1,0,1,0,1,1,0,0,1,0,0,1
Jakarta Utara,Kelapa Gading,0.0,1775000.0,4.6,3.0,7.0,Kos Putri,10.5,0,0,1,1,1,1,0,0,0,1,1,1,0,1,1,1,1,1,1,1,1,0,1,0,0,0,0,0,1
Jakarta Utara,Kelapa Gading,0.0,1675000.0,5.0,6.0,12.0,Kos Putri,8.75,0,0,1,1,1,1,0,0,0,1,1,1,0,1,1,1,1,1,1,1,1,0,1,0,0,0,0,0,1
Jakarta Utara,Kelapa Gading,0.0,1675000.0,5.0,1.0,3.0,Kos Putri,7.5,0,0,1,1,1,1,0,0,0,1,1,1,0,1,1,1,1,1,1,1,1,0,1,0,0,0,0,0,1
Jakarta Utara,Kelapa Gading,0.0,1525000.0,0.0,0.0,2.0,Kos Putri,6.25,0,0,1,1,1,1,0,0,0,1,1,1,0,1,1,1,1,1,1,1,1,0,1,0,0,0,0,0,1
Jakarta Selatan,Pasar Minggu,0.0,1975000.0,4.8,15.0,27.0,Kos Putri,14.0,0,1,1,1,1,1,1,1,0,1,1,1,1,1,0,1,0,1,1,1,0,0,1,1,1,0,0,0,1
Jakarta Selatan,Kecamatan Tebet,0.0,2325000.0,4.6,18.0,32.0,Kos Putri,12.0,0,1,1,1,1,1,1,1,1,0,1,1,0,1,0,1,1,1,1,1,0,0,1,0,0,0,0,0,1
Jakarta Selatan,Tebet,0.0,2400000.0,4.6,14.0,23.0,Kos Putri,9.600000000000001,0,1,1,1,1,1,1,1,1,0,1,1,0,1,0,1,1,1,1,1,0,0,1,0,0,0,0,0,1
Jakarta Timur,Pulo Gadung,0.0,2115000.0,4.8,48.0,96.0,Kos Campur,9.0,0,1,1,1,1,1,1,1,1,1,1,1,0,1,0,1,1,1,0,1,0,0,1,0,0,0,1,0,1
Jakarta Timur,Pulo Gadung,0.0,2020000.0,4.5,28.0,53.0,Kos Campur,9.0,0,1,1,1,0,1,1,1,1,1,1,1,0,1,0,1,1,1,0,1,0,0,1,0,0,0,1,0,1
Jakarta Barat,Grogol Petamburan,0.0,1972500.0,0.0,0.0,3.0,Kos Campur,13.44,0,1,1,1,0,1,0,0,0,0,0,1,0,1,1,1,1,1,0,0,1,0,0,1,1,0,0,0,1
Jakarta Selatan,Kecamatan Mampang Prapatan,2.0,2800000.0,4.8,34.0,69.0,Kos Campur,17.5,0,1,1,0,1,1,0,1,0,0,1,1,1,1,1,1,1,1,0,1,1,0,1,0,0,1,0,0,1
Jakarta Selatan,Kecamatan Mampang Prapatan,1.0,3065000.0,4.8,15.0,27.0,Kos Campur,22.5,0,1,1,0,1,1,0,1,0,0,1,1,1,1,1,1,1,1,0,1,1,0,1,0,0,1,0,0,1
Jakarta Pusat,Kecamatan Senen,0.0,2025000.0,4.8,49.0,76.0,Kos Putri,13.5,0,1,1,1,1,1,1,1,0,1,1,1,0,1,1,1,0,1,1,1,0,0,1,1,1,0,0,0,0
Jakarta Pusat,Gambir,3.0,1875000.0,4.6,74.0,115.0,Kos Campur,8.75,0,1,1,0,1,0,0,0,0,0,1,1,0,1,1,1,0,0,0,0,0,0,1,0,1,0,0,0,0
Jakarta Pusat,Gambir,0.0,1735000.0,4.6,1.0,3.0,Kos Campur,8.75,0,0,1,1,1,1,0,1,0,0,1,1,0,0,1,1,0,1,0,0,0,0,1,1,0,0,0,0,1
Jakarta Pusat,Sawah Besar,0.0,3445000.0,0.0,0.0,0.0,Kos Campur,20.0,0,1,1,1,1,1,1,1,0,0,1,1,0,1,1,1,1,1,0,0,0,0,1,0,1,0,0,0,1
Jakarta Barat,Cengkareng,0.0,2141000.0,0.0,0.0,6.0,Kos Campur,12.16,0,1,1,1,1,1,1,0,0,1,1,1,1,1,1,1,1,1,0,0,0,0,1,1,0,0,0,0,1
Jakarta Barat,Cengkareng,0.0,1865000.0,4.9,1.0,39.0,Kos Campur,7.839999999999999,0,1,1,1,1,1,1,0,0,1,1,1,1,1,1,1,1,1,0,0,0,0,1,1,0,0,0,0,1
Jakarta Selatan,Cilandak,1.0,2325000.0,4.6,3.0,8.0,Kos Putra,17.34,0,1,1,1,0,1,0,1,0,1,1,1,0,0,0,1,0,1,0,1,1,0,1,0,0,0,0,0,0
Jakarta Selatan,Pancoran,0.0,2095000.0,5.0,1.0,3.0,Kos Putra,12.25,0,0,1,1,1,1,1,1,0,0,1,1,0,1,0,1,0,1,1,1,0,0,1,1,0,0,0,0,1
Jakarta Pusat,Cempaka Putih,0.0,2877000.0,4.6,4.0,9.0,Kos Campur,11.840000000000002,0,1,1,1,1,1,1,1,0,0,1,1,1,1,0,1,0,1,1,1,1,0,1,1,0,0,0,0,1
Jakarta Pusat,Cempaka Putih,0.0,2732500.0,4.9,3.0,5.0,Kos Campur,16.0,0,1,1,1,1,1,1,1,0,0,1,1,1,1,1,1,0,1,1,1,1,0,1,1,0,0,0,0,1
Jakarta Pusat,Cempaka Putih,0.0,2495000.0,4.6,24.0,40.0,Kos Campur,10.36,0,1,1,1,1,1,1,1,0,0,1,1,1,1,1,1,0,1,1,1,1,0,1,1,0,0,0,0,1
Jakarta Timur,Makasar,0.0,1782500.0,5.0,7.0,16.0,Kos Putra,13.5,0,1,1,1,1,1,0,0,1,1,1,1,0,1,1,1,0,1,1,1,0,0,1,1,1,0,0,0,1
Jakarta Timur,Makasar,0.0,525000.0,5.0,1.0,3.0,Kos Putra,7.5,0,0,1,1,1,1,0,0,1,1,0,0,0,1,1,0,0,1,1,1,0,1,0,1,0,0,0,0,1
Jakarta Barat,Taman Sari,0.0,1865000.0,4.9,73.0,130.0,Kos Campur,7.56,0,1,1,1,0,1,0,0,1,1,1,1,0,1,1,1,0,1,1,1,0,0,1,0,0,0,0,0,1
Jakarta Barat,Taman Sari,1.0,1773000.0,4.8,9.0,21.0,Kos Campur,6.72,0,1,0,1,0,1,0,0,1,1,1,1,0,1,1,1,0,1,1,1,0,0,1,0,0,0,0,0,1
Jakarta Barat,Taman Sari,0.0,1359000.0,4.8,5.0,8.0,Kos Campur,9.0,0,0,0,0,0,0,0,0,0,0,0,0,0,0,0,0,0,0,0,0,0,0,0,0,0,0,0,0,1
Jakarta Selatan,Pasar Minggu,1.0,2075000.0,4.8,26.0,53.0,Kos Putri,12.0,0,1,1,1,1,1,1,0,0,1,1,1,0,1,0,1,0,1,1,1,0,0,1,1,0,0,0,0,1
Jakarta Barat,Kebon Jeruk,0.0,1212500.0,4.6,42.0,84.0,Kos Campur,6.0,0,0,1,1,0,1,0,0,0,0,1,1,1,1,1,1,0,1,1,1,0,0,0,0,0,0,0,0,1
Jakarta Selatan,Kebayoran Lama,0.0,2020000.0,4.8,15.0,22.0,Kos Campur,7.5600000000000005,0,1,1,1,1,1,1,1,0,0,1,1,0,1,0,1,0,1,1,0,0,0,0,0,0,0,0,0,1
Jakarta Utara,Kelapa Gading,1.0,1610000.0,4.3,9.0,11.0,Kos Campur,9.0,0,1,1,0,0,1,0,0,1,0,1,1,0,0,0,1,0,1,1,1,0,0,1,0,0,0,0,0,1
Jakarta Utara,Kelapa Gading,0.0,1426000.0,4.6,9.0,13.0,Kos Campur,7.5,0,1,1,0,1,1,0,0,1,0,1,1,0,1,0,1,0,1,1,1,0,0,1,1,0,0,0,0,1
Jakarta Utara,Kelapa Gading,0.0,1150000.0,4.6,126.0,186.0,Kos Campur,5.0,0,0,1,0,0,1,0,0,1,0,0,1,0,1,1,1,0,1,1,1,0,0,0,1,0,0,0,0,1
Jakarta Utara,Kelapa Gading,1.0,966000.0,4.6,27.0,47.0,Kos Campur,5.0,0,0,1,0,0,1,0,0,1,0,0,1,0,0,0,1,0,1,1,1,0,0,0,0,0,0,0,0,1
Jakarta Selatan,Kebayoran Lama,1.0,3587500.0,4.4,2.0,7.0,Kos Campur,9.600000000000001,0,1,1,0,0,1,1,1,0,1,1,1,0,1,1,1,1,1,1,1,1,0,1,0,0,0,0,0,1
Jakarta Selatan,Kecamatan Mampang Prapatan,2.0,2780000.0,4.5,32.0,56.0,Kos Campur,12.0,0,1,1,0,0,0,1,1,1,1,1,1,1,1,1,1,1,1,1,1,1,0,1,1,1,0,0,0,1
Jakarta Selatan,MAMPANG PRAPATAN,1.0,2210000.0,4.5,11.0,22.0,Kos Campur,14.0,0,1,1,0,1,1,1,1,0,1,1,1,1,1,1,1,0,1,1,0,1,0,1,1,0,0,0,0,1
Jakarta Selatan,Kecamatan Mampang Prapatan,2.0,1830000.0,4.6,28.0,42.0,Kos Campur,12.0,0,1,1,0,1,1,1,1,0,1,1,1,1,1,1,1,0,1,1,0,1,0,1,1,0,0,0,0,1
Jakarta Barat,Palmerah,0.0,3875000.0,4.5,9.0,23.0,Kos Campur,32.64,0,1,1,1,0,0,0,0,1,0,0,0,0,0,0,1,1,1,0,0,0,0,0,0,0,0,1,0,1
Jakarta Barat,Palmerah,0.0,3675000.0,4.9,14.0,32.0,Kos Campur,21.0,0,1,1,1,1,1,0,0,1,0,1,1,1,0,0,1,1,1,1,0,0,0,1,0,0,0,1,0,1
Jakarta Selatan,Pesanggrahan,1.0,2775000.0,4.5,1.0,6.0,Kos Campur,30.0,0,1,1,1,1,1,1,1,0,0,1,1,0,1,0,1,1,1,1,1,0,0,1,0,0,0,0,0,0
Jakarta Selatan,Pesanggrahan,3.0,2075000.0,4.8,37.0,54.0,Kos Campur,9.600000000000001,0,1,1,1,1,1,1,1,0,0,1,1,0,1,0,1,1,1,1,1,0,0,1,0,0,0,0,0,0
Jakarta Pusat,Kemayoran,0.0,1735000.0,4.9,1.0,1.0,Kos Putri,9.25,0,1,1,1,1,1,0,0,0,1,0,1,0,1,1,1,0,1,0,0,0,0,0,0,0,0,0,0,1
Jakarta Pusat,Kemayoran,0.0,1592500.0,0.0,0.0,5.0,Kos Putri,6.75,1,0,1,1,1,1,0,0,0,1,0,1,0,1,1,1,1,1,0,0,0,0,0,0,1,1,0,1,1
Jakarta Pusat,Kemayoran,0.0,1545000.0,4.8,2.0,5.0,Kos Putri,9.25,0,1,1,1,1,1,0,0,0,1,0,1,0,1,1,1,0,1,0,0,0,0,0,0,0,0,0,0,1
Jakarta Pusat,Kemayoran,0.0,1260000.0,4.9,3.0,15.0,Kos Putri,7.5,0,0,1,1,1,1,0,0,0,1,0,1,0,1,1,1,0,1,0,0,0,0,0,0,0,0,0,0,1
Jakarta Selatan,Kebayoran Baru,1.0,3255000.0,4.9,4.0,10.0,Kos Putri,16.56,1,1,1,1,1,1,1,1,0,0,1,1,1,1,1,1,1,1,1,1,1,0,1,1,0,0,0,1,1
Jakarta Selatan,Kebayoran Baru,0.0,2732500.0,4.8,4.0,3.0,Kos Putri,14.100000000000001,1,1,1,1,1,1,1,1,0,0,1,1,1,1,1,1,1,1,1,1,1,0,1,1,0,0,0,0,1
Jakarta Selatan,Kebayoran Baru,0.0,2417000.0,4.6,3.0,7.0,Kos Putri,13.5,1,0,1,1,1,1,1,1,0,0,1,1,1,1,1,1,1,1,1,1,1,0,1,1,0,0,0,0,1
Jakarta Selatan,Kebayoran Baru,0.0,1830000.0,4.6,1.0,1.0,Kos Putri,9.0,1,0,1,1,1,1,1,1,0,0,0,1,1,1,1,1,1,1,1,1,1,0,1,1,0,0,0,0,1
Jakarta Selatan,Tebet,0.0,2025000.0,4.6,5.0,14.0,Kos Putri,7.5,0,1,1,1,1,1,0,1,0,0,0,1,1,1,1,1,1,1,1,0,0,0,0,1,0,0,0,0,1
Jakarta Timur,Duren Sawit,1.0,1260000.0,4.6,14.0,19.0,Kos Putri,9.0,1,0,1,0,1,1,1,1,0,1,1,1,1,1,1,1,1,1,1,1,1,0,1,1,1,1,0,0,1
Jakarta Timur,Matraman,0.0,2305000.0,5.0,2.0,5.0,Kos Campur,13.5,0,1,1,1,1,1,0,1,1,1,1,1,0,1,1,1,1,1,1,1,1,0,1,1,0,0,1,0,1
Jakarta Timur,Matraman,1.0,2125000.0,4.9,36.0,70.0,Kos Campur,9.0,0,1,1,1,1,1,0,1,1,1,1,1,0,1,1,1,1,1,1,1,1,0,1,1,0,0,1,0,1
Jakarta Timur,Matraman,0.0,2613750.0,4.9,2.0,4.0,Kos Campur,13.020000000000001,0,1,1,1,1,1,0,1,1,1,1,1,0,0,0,1,1,1,1,1,1,0,1,0,0,0,1,0,1
Jakarta Selatan,Tebet,0.0,2325000.0,4.6,7.0,18.0,Kos Putra,10.5,0,1,1,1,1,1,0,1,1,1,1,1,0,1,1,1,0,1,1,1,0,0,1,0,0,0,0,0,0
Jakarta Utara,Tanjung Priok,3.0,1592500.0,4.8,26.0,23.0,Kos Campur,12.6,0,1,0,1,0,1,1,1,0,1,1,1,0,1,1,1,0,1,0,1,0,0,1,0,1,1,0,0,1
Jakarta Utara,Tanjung Priok,0.0,1497500.0,4.8,46.0,55.0,Kos Campur,11.25,0,1,0,1,0,1,1,1,0,1,1,1,0,1,1,1,0,1,0,1,0,0,1,0,1,0,0,0,1
Jakarta Utara,Tanjung Priok,0.0,1117500.0,4.9,1.0,2.0,Kos Campur,12.24,0,1,0,1,1,1,1,1,0,1,1,0,0,1,0,1,0,1,0,1,0,0,1,0,1,1,0,0,1
Jakarta Utara,Tanjung Priok,0.0,1022500.0,4.8,10.0,12.0,Kos Campur,8.64,0,1,0,1,1,1,1,1,0,1,1,0,0,1,1,1,0,1,0,1,0,1,1,0,1,1,0,0,1
Jakarta Pusat,Kecamatan Senen,0.0,1805000.0,4.5,14.0,24.0,Kos Putra,11.61,1,1,1,1,0,1,0,0,0,1,1,1,0,1,0,1,0,1,1,0,0,0,0,1,0,1,0,0,0
Jakarta Pusat,Kecamatan Senen,0.0,1495000.0,4.8,51.0,76.0,Kos Putra,4.620000000000001,1,0,1,1,0,1,0,0,0,1,1,1,0,1,0,1,0,1,1,0,0,0,0,0,0,1,0,0,1
Jakarta Timur,Cipayung,2.0,1440000.0,4.8,4.0,17.0,Kos Putri,13.5,0,1,1,1,1,1,1,1,0,0,1,1,0,1,1,1,0,1,0,1,1,0,1,1,0,0,0,0,1
Jakarta Selatan,Tebet,0.0,2200000.0,4.6,61.0,108.0,Kos Campur,9.0,0,1,1,1,0,1,0,1,0,1,1,1,1,1,0,1,0,1,1,1,1,0,1,0,1,0,0,0,0
Jakarta Timur,Cakung,2.0,1727000.0,4.9,1.0,2.0,Kos Putri,10.5,1,0,1,1,1,1,1,1,1,1,1,1,0,1,1,1,0,1,1,1,1,0,1,1,0,0,1,0,1
Jakarta Pusat,Kemayoran,0.0,1545000.0,5.0,8.0,21.0,Kos Putri,6.25,0,0,1,1,1,1,0,1,0,1,1,1,0,1,0,1,0,1,0,0,0,0,1,1,0,0,0,0,1
Jakarta Pusat,Kemayoran,0.0,1307500.0,0.0,0.0,8.0,Kos Putri,6.25,0,0,1,1,1,1,0,1,0,1,1,1,0,1,0,1,0,1,0,0,0,0,1,1,0,0,0,0,1
Jakarta Pusat,Kemayoran,0.0,1225000.0,5.0,1.0,3.0,Kos Putri,6.0,0,0,1,1,0,1,0,1,0,1,1,1,0,1,0,1,0,1,0,0,0,0,1,1,0,0,0,0,1
Jakarta Selatan,Kecamatan Kebayoran Baru,0.0,2785000.0,0.0,0.0,0.0,Kos Campur,14.639999999999999,1,1,1,1,1,1,1,1,0,1,1,1,1,0,0,1,1,1,1,1,0,0,0,0,0,0,0,0,1
Jakarta Selatan,Kebayoran Baru,1.0,2685000.0,4.8,2.0,4.0,Kos Campur,11.9,1,1,1,1,1,1,1,1,0,1,1,1,1,0,0,1,1,1,1,1,0,0,1,0,0,0,0,0,1
Jakarta Selatan,Cilandak,2.0,2725000.0,4.6,23.0,45.0,Kos Campur,15.959999999999999,0,1,1,1,1,1,1,1,0,1,1,1,1,1,1,1,1,1,1,1,1,0,0,0,0,0,0,0,1
Jakarta Selatan,Jagakarsa,0.0,1275000.0,4.9,25.0,52.0,Kos Putri,11.2,0,1,1,1,1,1,0,0,0,1,1,0,0,1,0,1,0,1,0,1,0,0,0,0,0,0,0,0,1
Jakarta Selatan,Jagakarsa,0.0,1525000.0,4.9,10.0,14.0,Kos Putri,11.2,0,1,1,1,1,1,0,0,0,1,1,1,0,1,0,1,0,1,0,1,0,0,1,0,0,0,0,0,1
Jakarta Pusat,Johar Baru,3.0,2125000.0,4.8,32.0,50.0,Kos Putri,7.4399999999999995,0,1,1,1,1,1,1,1,0,1,1,1,0,1,1,1,1,1,1,0,0,0,1,1,0,0,0,0,1
Jakarta Timur,Duren Sawit,1.0,2425000.0,4.6,12.0,22.0,Kos Campur,9.450000000000001,0,1,1,1,1,1,1,1,0,0,1,1,1,1,1,1,1,1,1,1,1,0,1,1,1,0,0,0,0
Jakarta Pusat,Gambir,0.0,1331400.0,4.4,2.0,12.0,Kos Putri,5.44,0,0,1,1,1,1,0,0,1,1,1,1,0,1,1,1,0,1,1,1,0,0,0,0,0,1,0,0,1
Jakarta Timur,Jatinegara,0.0,1763500.0,0.0,0.0,0.0,Kos Campur,10.5,0,1,1,1,0,1,1,1,1,1,0,1,0,1,0,1,0,1,0,1,0,0,1,0,0,0,0,0,1
Jakarta Timur,Jatinegara,1.0,1497500.0,4.8,21.0,36.0,Kos Campur,10.5,0,1,1,1,1,1,1,1,1,1,0,1,0,1,0,0,0,1,0,1,0,0,1,0,0,1,0,0,1
Jakarta Utara,Kecamatan Kelapa Gading,0.0,2775000.0,4.8,54.0,88.0,Kos Campur,14.100000000000001,0,1,1,1,1,1,1,1,1,0,1,1,1,0,0,1,0,1,1,1,1,0,1,0,0,0,0,0,0
Jakarta Selatan,Mampang Prapatan,0.0,2225000.0,4.8,14.0,27.0,Kos Campur,8.100000000000001,0,1,1,1,1,1,0,1,0,0,1,1,1,1,1,1,1,1,0,0,0,0,1,1,0,0,0,0,0
Jakarta Barat,Kembangan,1.0,1809800.0,4.9,1.0,4.0,Kos Putri,7.839999999999999,0,0,1,1,1,1,1,1,0,0,1,1,1,1,1,1,1,1,0,0,0,0,1,1,0,0,0,0,1
Jakarta Barat,Kecamatan Grogol petamburan,0.0,1906000.0,4.8,10.0,16.0,Kos Putri,7.5,0,1,1,1,1,1,1,1,1,0,1,1,1,1,1,1,1,1,1,1,1,0,1,0,0,0,1,0,1
Jakarta Barat,Kecamatan Grogol petamburan,1.0,1792000.0,4.9,65.0,115.0,Kos Putri,6.0,0,1,1,1,1,1,1,1,1,0,1,1,1,1,1,1,1,1,1,1,1,0,1,0,0,0,1,0,1
Jakarta Utara,Pademangan,3.0,2070000.0,4.6,36.0,74.0,Kos Campur,5.28,0,1,1,1,1,1,0,1,1,1,1,1,0,1,0,1,1,1,0,1,1,0,1,1,1,0,1,0,1
Jakarta Barat,Taman Sari,1.0,1925000.0,4.8,7.0,13.0,Kos Campur,8.0,0,1,1,1,1,1,0,0,0,1,1,1,0,1,1,1,1,1,0,0,0,0,1,0,0,0,0,0,1
Jakarta Barat,Taman Sari,1.0,1625000.0,4.6,1.0,4.0,Kos Campur,9.0,0,0,0,0,0,0,0,0,0,0,0,0,0,0,0,0,0,0,0,0,0,0,0,0,0,0,0,0,0
Jakarta Barat,Taman Sari,0.0,1313000.0,4.4,4.0,5.0,Kos Campur,9.600000000000001,0,1,1,1,1,1,0,0,0,1,1,1,0,1,1,1,1,1,0,0,0,0,1,0,0,0,0,0,1
Jakarta Barat,Cengkareng,1.0,1402500.0,4.6,4.0,7.0,Kos Campur,11.309999999999999,0,1,1,1,0,1,0,1,0,1,0,1,0,1,0,1,0,1,0,1,0,0,0,0,0,0,0,0,1
Jakarta Barat,Kebon Jeruk,3.0,2049000.0,4.5,3.0,18.0,Kos Campur,12.899999999999999,0,1,1,1,1,1,1,1,0,1,1,1,0,1,0,1,1,1,0,0,0,0,1,1,0,0,0,0,1
Jakarta Barat,Kebon Jeruk,3.0,2475000.0,4.8,16.0,41.0,Kos Campur,12.0,0,1,1,1,0,1,1,1,1,0,1,1,0,0,0,1,0,1,1,1,1,0,1,0,1,0,0,0,0
Jakarta Barat,Kebon Jeruk,0.0,2525000.0,4.6,26.0,49.0,Kos Campur,12.0,0,1,1,1,0,1,1,1,1,0,1,1,0,0,0,1,0,1,1,1,1,0,1,0,1,0,0,0,0
Jakarta Barat,Kebon Jeruk,0.0,3085000.0,4.9,4.0,11.0,Kos Campur,20.0,0,1,1,1,0,1,1,1,1,0,1,1,1,0,0,1,0,1,1,1,1,0,1,0,1,0,0,0,0
Jakarta Selatan,Tebet,0.0,2185000.0,5.0,1.0,3.0,Kos Putri,15.0,0,1,1,1,1,1,0,1,0,1,1,1,0,1,1,1,0,1,1,1,0,0,1,1,0,1,0,0,1
Jakarta Timur,Kramat Jati,0.0,1402500.0,4.8,17.0,23.0,Kos Campur,8.32,0,1,1,1,1,1,0,1,0,0,0,1,0,1,0,1,0,1,0,0,0,0,0,0,0,1,0,0,1
Jakarta Timur,Kramat Jati,1.0,1355000.0,4.9,17.0,16.0,Kos Campur,7.5,0,1,1,1,1,1,0,1,0,0,0,1,0,1,0,1,0,1,0,0,0,0,0,0,0,1,0,0,1
Jakarta Utara,Kecamatan Kelapa Gading,1.0,1575000.0,4.9,6.0,6.0,Kos Putri,10.5,1,1,1,1,1,1,1,0,0,1,1,1,0,1,1,1,1,1,1,1,1,0,1,1,0,0,0,0,1
Jakarta Utara,Kecamatan Kelapa Gading,0.0,1775000.0,4.9,2.0,1.0,Kos Putri,16.5,1,1,1,1,1,1,1,0,0,1,1,1,0,1,1,1,1,1,1,1,1,0,1,1,0,0,0,0,1
Jakarta Utara,Kecamatan Kelapa Gading,0.0,1925000.0,4.9,2.0,1.0,Kos Putri,20.0,1,1,1,1,0,1,1,0,0,1,1,1,0,1,0,1,1,1,1,1,1,0,1,1,0,0,0,0,1
Jakarta Utara,Pademangan,3.0,2232500.0,4.9,1.0,2.0,Kos Campur,9.0,1,1,1,1,0,1,1,1,0,0,1,1,1,1,1,1,1,1,1,1,1,0,1,0,1,0,0,0,1
Jakarta Utara,Pademangan,0.0,2090000.0,4.1,2.0,2.0,Kos Campur,9.0,1,1,1,1,0,1,1,1,0,0,1,1,1,1,1,1,1,1,1,1,1,0,1,0,1,0,0,0,1
Jakarta Barat,Kecamatan Kembangan,1.0,1425000.0,4.9,16.0,26.0,Kos Putri,7.920000000000001,1,1,0,1,1,1,0,1,0,1,0,1,0,1,1,0,0,1,0,1,0,0,0,0,0,0,0,0,1
Jakarta Barat,Kecamatan Kembangan,0.0,1525000.0,4.6,9.0,11.0,Kos Putri,20.8,0,1,1,1,0,1,0,1,0,1,1,1,0,1,0,0,0,1,0,1,0,0,0,0,0,0,0,0,0
Jakarta Barat,Kecamatan Kembangan,0.0,1325000.0,4.8,7.0,13.0,Kos Putri,7.920000000000001,1,1,1,1,1,1,0,1,0,1,0,1,0,1,0,1,0,1,0,1,0,0,1,1,0,0,0,0,0
Jakarta Timur,Kramat Jati,0.0,2185000.0,4.3,3.0,6.0,Kos Campur,12.0,0,1,1,1,1,1,0,0,0,1,1,1,1,1,1,1,1,1,1,1,0,0,1,0,0,0,0,0,1
Jakarta Pusat,Tanah Abang,0.0,1640000.0,4.8,49.0,81.0,Kos Putri,6.0,0,1,1,0,1,1,1,0,0,1,0,1,0,1,1,1,0,1,1,1,1,0,0,0,0,1,0,0,1
Jakarta Pusat,Tanah Abang,0.0,1735000.0,4.6,19.0,26.0,Kos Putri,6.0,0,1,1,0,1,1,1,0,0,1,0,1,0,1,1,1,0,1,1,1,1,0,0,0,0,1,0,0,1
Jakarta Pusat,Tanah Abang,0.0,1782500.0,4.9,6.0,5.0,Kos Putri,12.0,0,1,0,0,1,1,1,0,0,1,0,1,0,1,1,1,0,1,1,1,1,0,0,0,0,1,0,0,1
Jakarta Timur,Duren Sawit,0.0,1543000.0,4.8,3.0,6.0,Kos Putri,8.75,0,1,1,0,1,1,0,1,0,0,1,1,0,1,1,1,0,1,1,1,0,1,1,1,0,0,0,0,1
Jakarta Timur,Duren Sawit,0.0,1225000.0,4.5,4.0,9.0,Kos Putri,6.0,0,0,1,0,1,1,0,1,0,0,1,1,0,1,1,1,0,1,1,1,0,0,1,1,0,0,0,0,1
Jakarta Selatan,Setia Budi,0.0,2285000.0,4.6,29.0,83.0,Kos Putri,7.0,0,1,1,1,1,1,0,1,0,1,0,1,0,1,1,1,0,1,1,1,1,0,0,0,0,0,0,0,1
Jakarta Selatan,Kecamatan Cilandak,0.0,2365000.0,4.5,30.0,54.0,Kos Campur,9.0,0,0,0,0,0,0,0,0,0,0,0,0,0,0,0,0,0,0,0,0,0,0,0,0,0,0,0,0,1
Jakarta Selatan,Cilandak,0.0,2905000.0,4.9,2.0,3.0,Kos Campur,24.0,0,1,1,0,1,1,1,1,0,0,1,1,1,1,1,1,1,1,0,1,0,0,1,1,1,0,0,0,1
Jakarta Barat,Kebon Jeruk,1.0,2115000.0,4.6,9.0,20.0,Kos Putri,18.0,0,1,1,1,1,1,0,0,1,1,1,1,0,1,0,1,1,1,1,1,0,0,1,1,0,0,0,0,1
Jakarta Barat,Kebon Jeruk,1.0,2020000.0,4.6,10.0,17.0,Kos Putri,14.0,0,1,1,1,1,1,0,0,1,1,1,1,0,1,0,1,1,1,1,1,0,0,1,1,1,0,0,0,1
Jakarta Barat,Kebon Jeruk,0.0,2020000.0,4.9,11.0,21.0,Kos Putri,12.0,1,1,1,1,1,1,1,1,1,0,1,1,0,1,0,1,1,1,1,1,1,0,1,0,1,0,0,0,1
Jakarta Barat,Kebon Jeruk,1.0,1925000.0,4.8,24.0,37.0,Kos Putri,8.75,0,1,1,1,0,1,1,1,1,0,1,1,0,1,0,1,1,1,1,1,1,0,1,0,1,0,0,0,1
Jakarta Pusat,Kecamatan Kemayoran,0.0,1129000.0,4.8,62.0,81.0,Kos Campur,9.0,0,0,1,0,1,1,1,0,0,1,1,1,0,1,1,1,0,1,0,1,0,0,1,0,0,1,0,0,1
Jakarta Pusat,Kecamatan Kemayoran,1.0,1125000.0,4.9,9.0,14.0,Kos Campur,5.0,0,0,1,0,1,1,1,0,0,1,1,1,0,1,1,1,0,1,0,1,0,0,1,0,0,1,0,0,1
Jakarta Selatan,SETIA BUDI,0.0,2400000.0,4.5,70.0,133.0,Kos Campur,12.0,0,1,1,1,1,1,1,1,1,0,1,1,0,1,0,1,1,1,0,1,0,0,1,1,1,0,0,0,1
Jakarta Selatan,SETIA BUDI,0.0,2825000.0,4.5,22.0,43.0,Kos Campur,10.799999999999999,0,1,1,1,1,1,1,1,1,0,1,1,1,1,0,1,1,1,0,1,0,0,1,1,1,0,0,0,1
Jakarta Barat,Kali Deres,1.0,1589000.0,4.3,2.0,18.0,Kos Campur,9.889999999999999,0,1,1,1,1,1,0,1,0,1,0,1,0,1,0,1,0,1,0,1,1,0,0,1,0,0,0,0,1
Jakarta Selatan,Mampang Prapatan,1.0,2780000.0,4.5,14.0,37.0,Kos Campur,10.8,0,1,1,1,1,1,1,1,0,0,1,1,0,1,1,1,1,1,1,1,1,0,1,1,1,0,0,0,1
Jakarta Selatan,Pasar Minggu,0.0,2637500.0,4.8,7.0,10.0,Kos Putri,10.5,0,1,1,1,1,1,1,1,0,1,1,1,1,1,0,1,1,1,1,1,1,0,1,1,1,0,0,0,1
Jakarta Selatan,Pasar Minggu,0.0,2400000.0,4.8,4.0,14.0,Kos Putri,8.75,0,1,1,1,1,1,1,1,0,1,1,1,1,1,0,1,1,1,1,1,1,0,1,1,1,0,0,0,1
Jakarta Pusat,Menteng,0.0,2275000.0,3.5,1.0,4.0,Kos Campur,8.64,0,0,1,1,1,1,0,0,0,1,1,1,1,1,1,1,0,1,1,1,0,0,0,0,0,1,0,0,1
Jakarta Pusat,Menteng,0.0,1825000.0,4.9,3.0,12.0,Kos Campur,7.5,0,0,1,1,1,1,0,0,0,1,1,1,1,1,1,1,0,1,1,1,0,0,0,1,0,1,0,0,1
Jakarta Selatan,Pasar Minggu,0.0,1125000.0,4.5,8.0,18.0,Kos Putra,6.300000000000001,1,0,1,1,1,1,1,0,0,1,1,0,0,1,0,0,0,1,0,1,1,0,1,1,0,0,0,0,1
Jakarta Barat,Taman Sari,0.0,2210000.0,4.8,21.0,36.0,Kos Putri,9.0,0,1,1,0,1,1,1,0,0,0,1,1,0,1,1,1,1,1,0,0,0,0,1,0,1,1,0,0,1
Jakarta Selatan,Cilandak,0.0,1875000.0,4.9,23.0,33.0,Kos Putri,9.600000000000001,0,1,1,1,1,1,1,0,0,1,1,1,0,1,0,1,0,1,1,1,0,0,1,0,0,0,0,0,0
Jakarta Selatan,Cilandak,0.0,1775000.0,4.9,24.0,35.0,Kos Putri,7.0,0,1,1,1,1,1,1,0,0,1,1,1,0,1,1,1,0,1,1,1,0,0,1,0,0,0,0,0,0
Jakarta Utara,Tanjung Priok,0.0,1465000.0,0.0,0.0,2.0,Kos Putri,12.0,0,1,1,1,1,1,0,1,0,1,0,1,0,1,0,1,0,1,0,0,0,0,0,1,0,1,0,0,1
Jakarta Utara,Tanjung Priok,0.0,1420000.0,5.0,1.0,11.0,Kos Putri,9.0,0,1,1,1,1,1,0,1,0,1,0,1,0,1,0,1,0,1,0,0,0,0,0,1,0,1,0,0,1
Jakarta Barat,Palmerah,1.0,2875000.0,4.6,4.0,13.0,Kos Putri,12.0,0,1,1,1,1,1,1,1,1,1,1,1,0,1,1,1,1,1,1,1,1,0,1,0,1,0,1,0,1
Jakarta Barat,Kebon Jeruk,0.0,1625000.0,4.6,3.0,5.0,Kos Campur,9.0,0,0,1,1,1,1,1,0,0,0,1,1,0,1,1,1,0,1,0,1,0,0,1,0,0,1,0,0,1
Jakarta Barat,Kebon Jeruk,0.0,1325000.0,4.4,3.0,3.0,Kos Campur,9.0,0,0,1,1,1,1,1,0,0,0,1,1,0,1,1,1,0,1,0,1,0,0,1,1,0,1,0,0,0
Jakarta Timur,Makasar,0.0,1267000.0,5.0,1.0,3.0,Kos Campur,10.240000000000002,0,0,1,1,1,1,1,1,1,1,0,1,0,1,1,0,0,1,1,1,0,0,0,1,0,1,0,0,1
Jakarta Selatan,Cilandak,0.0,2162500.0,4.6,1.0,6.0,Kos Campur,20.669999999999998,0,1,1,1,1,1,1,1,0,0,1,1,0,1,0,1,1,1,0,1,0,0,1,0,1,0,0,0,1
Jakarta Selatan,Kebayoran Lama,0.0,3274000.0,4.6,9.0,19.0,Kos Putri,11.78,1,1,1,1,0,1,1,1,0,0,1,1,1,1,1,1,1,1,1,1,1,0,1,1,1,0,0,0,1
Jakarta Pusat,Kemayoran,0.0,2325000.0,5.0,1.0,1.0,Kos Campur,10.8,0,1,1,1,0,1,1,0,0,0,0,1,1,1,1,1,1,1,0,0,0,0,0,0,1,0,0,0,1
Jakarta Pusat,Cempaka Putih,0.0,1225000.0,4.5,2.0,5.0,Kos Campur,10.08,0,1,1,0,1,1,0,1,0,1,1,0,0,1,1,1,0,1,0,1,0,1,1,1,0,0,0,0,1
Jakarta Pusat,Cempaka Putih,0.0,1175000.0,4.4,3.0,3.0,Kos Campur,7.839999999999999,0,1,0,0,1,1,0,1,0,1,0,0,0,1,1,0,0,1,0,1,0,0,1,1,0,1,0,0,1
Jakarta Pusat,Cempaka Putih,0.0,875000.0,0.0,0.0,5.0,Kos Campur,9.360000000000001,0,0,0,0,1,1,0,1,0,1,0,0,0,1,1,0,0,1,0,1,0,1,0,1,0,1,0,0,0
Jakarta Pusat,Cempaka Putih,0.0,1375000.0,4.6,3.0,3.0,Kos Campur,11.76,0,1,1,0,1,1,0,1,0,1,1,1,0,0,0,1,0,1,0,1,0,0,1,0,0,0,0,0,1
Jakarta Pusat,Gambir,1.0,2685000.0,4.9,10.0,12.0,Kos Campur,19.840000000000003,0,1,1,1,1,1,1,1,0,1,1,1,0,1,0,1,1,1,0,1,0,0,0,0,1,0,0,0,1
Jakarta Pusat,Gambir,1.0,2225000.0,4.6,20.0,51.0,Kos Campur,15.0,0,1,1,1,1,1,1,1,0,1,1,1,0,1,0,1,1,1,0,1,0,0,0,0,1,0,0,0,1
Jakarta Selatan,Pancoran,1.0,1735000.0,4.6,1.0,3.0,Kos Campur,8.32,0,1,1,1,1,1,0,0,0,0,1,1,0,1,1,1,0,1,1,1,1,0,1,1,0,0,0,0,1
Jakarta Timur,Pulo Gadung,3.0,1800000.0,0.0,0.0,0.0,Kos Putri,6.24,1,0,1,1,1,1,0,0,1,1,1,1,0,1,1,1,0,1,1,1,1,0,1,1,0,0,0,0,1
Jakarta Selatan,Jagakarsa,0.0,2025000.0,4.3,8.0,19.0,Kos Campur,10.5,0,1,1,1,1,1,1,1,1,1,1,1,1,1,1,1,1,1,1,1,0,0,1,0,1,0,1,0,1
Jakarta Timur,Pulo Gadung,0.0,2739000.0,5.0,6.0,22.0,Kos Campur,16.0,0,1,1,1,1,1,1,1,0,0,0,1,1,1,0,1,1,1,0,1,0,0,0,0,1,0,0,0,1
Jakarta Barat,Grogol Petamburan,0.0,1725000.0,5.0,3.0,15.0,Kos Putri,9.0,0,1,1,1,1,1,0,1,0,1,1,1,0,1,0,1,0,1,0,0,0,0,1,1,0,1,0,0,1
Jakarta Barat,Grogol Petamburan,0.0,945000.0,5.0,3.0,15.0,Kos Putri,9.0,0,0,1,1,1,1,0,1,0,1,1,0,0,1,0,1,0,1,0,0,0,1,1,1,1,1,0,0,1
Jakarta Selatan,Kecamatan Kebayoran Lama,0.0,2159400.0,4.8,15.0,37.0,Kos Putri,16.0,0,1,1,0,0,1,1,0,1,1,1,1,0,0,0,1,0,1,0,0,0,0,1,0,0,0,0,0,1
Jakarta Selatan,Kebayoran Baru,0.0,2325000.0,5.0,6.0,16.0,Kos Putra,9.0,0,0,1,1,1,1,1,1,0,1,1,1,0,1,1,1,1,1,0,0,0,0,1,1,0,0,0,0,0
Jakarta Selatan,Kebayoran Baru,0.0,2025000.0,4.8,4.0,8.0,Kos Putra,12.0,0,0,1,1,0,1,1,1,0,1,1,1,0,1,1,1,1,1,0,0,0,0,1,1,0,0,0,0,0
Jakarta Pusat,Kecamatan Gambir,0.0,1830000.0,4.8,47.0,78.0,Kos Campur,7.68,0,0,1,1,0,1,1,0,1,0,1,1,0,1,1,1,0,1,1,1,1,0,1,1,1,0,0,0,1
Jakarta Pusat,Gambir,0.0,1545000.0,4.9,17.0,25.0,Kos Putri,7.5,0,0,1,0,1,1,0,0,0,0,1,1,0,0,0,1,1,1,0,0,0,0,0,0,0,0,0,0,1
Jakarta Pusat,Gambir,0.0,1564000.0,4.8,93.0,143.0,Kos Campur,5.5,0,0,1,1,1,1,0,1,0,1,0,1,0,1,0,1,0,1,1,1,0,0,0,0,0,0,0,0,1
Jakarta Pusat,Gambir,1.0,1386600.0,4.5,7.0,11.0,Kos Campur,2.7,0,0,1,1,0,1,0,1,0,1,0,1,0,1,0,1,0,1,1,1,0,0,0,0,0,0,0,0,1
Jakarta Selatan,Pesanggrahan,0.0,1640000.0,4.6,11.0,21.0,Kos Campur,6.0,1,1,1,1,1,1,0,1,0,1,1,1,0,1,1,1,0,1,0,1,1,0,1,0,0,0,0,0,1
Jakarta Timur,Pulo Gadung,0.0,1425000.0,4.8,15.0,41.0,Kos Campur,9.990000000000002,0,1,1,1,0,1,1,0,1,0,0,1,0,0,0,1,0,1,0,0,0,0,0,0,0,0,0,0,1
Jakarta Selatan,Kecamatan Jagakarsa,1.0,2780000.0,4.8,5.0,14.0,Kos Putri,15.899999999999999,0,1,1,1,1,1,1,1,0,0,1,1,0,1,0,1,1,1,1,1,0,0,1,0,1,0,0,0,1
Jakarta Selatan,Kecamatan Jagakarsa,0.0,2162500.0,4.8,37.0,66.0,Kos Putri,9.0,0,0,0,0,0,0,0,0,0,0,0,0,0,0,0,0,0,0,0,0,0,0,0,0,0,0,0,0,1
Jakarta Selatan,Kecamatan Jagakarsa,1.0,1991500.0,4.8,21.0,29.0,Kos Putri,6.72,0,1,1,1,1,1,1,1,0,0,1,1,0,1,0,1,1,1,1,1,0,0,1,0,1,0,0,0,1
Jakarta Selatan,Kebayoran Lama,0.0,2575000.0,4.9,1.0,5.0,Kos Putri,15.0,1,1,1,0,1,1,1,1,0,1,1,1,0,1,0,1,1,1,0,1,0,0,1,1,1,0,0,0,1
Jakarta Selatan,Kebayoran Lama,1.0,2325000.0,4.6,36.0,73.0,Kos Putri,12.0,1,1,1,0,1,1,1,1,0,1,1,1,0,1,0,1,1,1,0,1,0,0,1,1,1,0,0,0,1
Jakarta Selatan,Kebayoran Lama,0.0,2925000.0,4.9,15.0,17.0,Kos Campur,13.799999999999999,0,1,0,0,1,1,1,1,0,1,1,1,1,1,0,1,1,1,0,1,0,0,1,0,0,0,0,0,1
Jakarta Selatan,Kebayoran Lama,3.0,2258000.0,4.6,102.0,245.0,Kos Campur,16.0,0,1,1,1,0,1,1,1,1,1,1,1,1,0,0,1,1,1,1,1,0,0,1,0,1,0,0,0,1
Jakarta Selatan,Kecamatan Kebayoran Lama,0.0,1865000.0,4.1,3.0,4.0,Kos Putri,25.0,1,0,1,1,1,1,0,1,1,1,0,1,1,1,1,1,1,1,1,1,0,0,0,1,1,1,0,0,1
Jakarta Selatan,Kecamatan Kebayoran Lama,0.0,1725000.0,4.4,8.0,14.0,Kos Putri,16.0,1,0,1,1,1,1,0,1,1,1,0,1,1,1,1,1,1,1,1,1,0,0,0,1,1,1,0,0,1
Jakarta Selatan,Kecamatan Kebayoran Lama,0.0,1225000.0,4.9,1.0,3.0,Kos Putri,6.0,1,0,1,1,0,1,0,1,1,1,0,1,1,1,1,1,1,1,1,1,0,0,0,1,1,1,0,0,1
Jakarta Selatan,Kecamatan Kebayoran Lama,0.0,3025000.0,4.8,34.0,57.0,Kos Campur,14.19,0,1,1,1,1,1,1,1,0,1,1,1,1,1,1,1,1,1,1,1,1,0,1,0,1,0,0,0,0
Jakarta Barat,Kecamatan Grogol petamburan,0.0,2400000.0,4.8,26.0,51.0,Kos Campur,9.0,0,1,1,1,1,1,1,1,1,0,1,1,1,1,1,1,1,1,1,1,1,0,1,1,1,0,0,1,1
Jakarta Barat,Kecamatan Grogol petamburan,3.0,2500000.0,4.8,117.0,222.0,Kos Campur,12.0,0,1,1,1,1,1,1,1,1,0,1,1,1,1,1,1,1,1,1,1,1,0,1,1,1,0,0,1,1
Jakarta Barat,Kecamatan Grogol petamburan,1.0,3000000.0,4.6,26.0,46.0,Kos Campur,16.0,0,1,1,1,1,1,1,1,1,0,1,1,1,1,0,1,1,1,1,1,1,0,1,1,1,0,0,1,1
Jakarta Barat,Kecamatan Grogol petamburan,0.0,3500000.0,4.8,9.0,13.0,Kos Campur,25.0,0,1,1,1,1,1,1,1,1,0,1,1,1,1,1,1,1,1,1,1,1,0,1,1,1,0,0,1,1
Jakarta Barat,Kecamatan Grogol petamburan,0.0,2800000.0,4.8,6.0,9.0,Kos Campur,16.0,0,1,1,1,1,1,1,1,1,0,1,1,1,1,1,1,1,1,1,1,1,0,1,1,1,0,0,1,1
Jakarta Selatan,Cilandak,0.0,2725000.0,4.6,6.0,13.0,Kos Campur,14.28,0,1,1,1,0,1,1,1,0,0,1,1,1,0,0,1,1,1,1,1,1,0,1,0,0,0,0,0,1
Jakarta Selatan,Kebayoran Lama,0.0,3350000.0,4.6,23.0,65.0,Kos Putri,9.0,0,0,0,0,0,0,0,0,0,0,0,0,0,0,0,0,0,0,0,0,0,0,0,0,0,0,0,0,1
Jakarta Barat,Kembangan,0.0,2352500.0,4.6,5.0,13.0,Kos Campur,15.540000000000001,0,1,1,1,1,1,1,1,0,0,1,1,1,1,0,1,1,1,1,1,1,0,1,0,1,0,0,0,1
Jakarta Barat,Kembangan,0.0,2542500.0,4.9,1.0,4.0,Kos Campur,15.540000000000001,0,1,1,1,1,1,1,1,0,0,1,1,1,1,0,1,1,1,1,1,1,0,1,0,1,0,0,0,1
Jakarta Barat,Kembangan,0.0,2780000.0,4.4,7.0,20.0,Kos Campur,15.540000000000001,0,1,1,1,1,1,1,1,0,0,1,1,1,1,0,1,1,1,1,1,1,0,1,0,1,0,0,0,1
Jakarta Selatan,Pasar Minggu,1.0,1820500.0,4.9,19.0,32.0,Kos Putri,13.5,0,1,1,0,1,1,1,0,0,0,0,1,1,1,0,1,0,1,0,0,0,0,1,0,1,0,0,0,1
Jakarta Selatan,Kebayoran Baru,0.0,3025000.0,4.9,15.0,28.0,Kos Putri,7.5,1,1,1,1,1,1,1,1,1,1,1,1,1,1,1,1,1,1,1,1,0,0,1,1,1,0,1,0,1
Jakarta Barat,Palmerah,0.0,1185000.0,4.3,8.0,10.0,Kos Campur,6.25,0,0,0,1,1,1,0,1,0,1,1,1,1,1,0,1,0,1,1,1,0,0,1,1,0,0,0,0,1
Jakarta Selatan,Kecamatan Tebet,1.0,1839500.0,4.6,58.0,92.0,Kos Putri,12.0,0,1,1,1,1,1,1,0,1,0,1,1,0,1,0,1,0,1,0,1,0,0,1,1,0,1,0,1,1
Jakarta Selatan,Cilandak,0.0,2825000.0,4.6,3.0,6.0,Kos Campur,10.240000000000002,0,1,1,1,1,1,1,0,0,1,1,1,0,1,0,1,1,1,0,1,0,0,1,0,1,0,0,0,1
Jakarta Selatan,Cilandak,0.0,2877000.0,4.9,2.0,3.0,Kos Campur,10.8,0,1,1,1,1,1,1,0,0,1,1,1,0,1,0,1,1,1,0,1,0,0,1,0,0,0,0,0,1
Jakarta Selatan,Cilandak,0.0,2877000.0,4.9,2.0,3.0,Kos Campur,9.0,0,0,0,0,0,0,0,0,0,0,0,0,0,0,0,0,0,0,0,0,0,0,0,0,0,0,0,0,1
Jakarta Pusat,Kemayoran,0.0,1450000.0,4.8,9.0,31.0,Kos Campur,8.75,0,0,1,1,1,1,0,1,0,1,1,1,0,1,1,0,0,1,0,0,0,0,1,1,0,1,0,0,1
Jakarta Selatan,Pesanggrahan,0.0,1545000.0,4.8,16.0,19.0,Kos Putra,16.0,1,0,1,1,1,1,0,1,0,1,0,1,1,1,0,1,0,1,1,1,0,0,0,1,0,0,0,0,1
Jakarta Barat,Kebon Jeruk,0.0,2305000.0,4.9,14.0,34.0,Kos Campur,17.5,0,1,1,1,1,1,0,0,0,0,1,1,0,1,1,1,1,1,1,1,0,0,1,0,0,0,0,0,0
Jakarta Pusat,Cempaka Putih,1.0,2325000.0,4.9,45.0,73.0,Kos Campur,15.0,0,1,1,0,0,1,1,1,1,1,0,1,0,0,0,1,0,1,0,1,0,0,0,0,0,0,0,0,1
Jakarta Selatan,Pasar Minggu,1.0,1825000.0,4.8,10.0,14.0,Kos Putri,8.8,1,0,1,1,1,1,1,1,0,0,1,1,1,1,1,1,0,1,0,0,1,0,1,0,1,0,0,0,1
Jakarta Barat,Kebon Jeruk,0.0,1754000.0,4.4,2.0,4.0,Kos Campur,20.0,0,1,1,1,0,1,1,1,0,1,1,1,1,0,0,1,0,1,1,1,1,0,1,0,0,0,0,0,1
Jakarta Selatan,SETIA BUDI,0.0,3105000.0,4.6,15.0,40.0,Kos Campur,12.209999999999999,0,1,1,1,1,1,1,1,1,1,1,1,1,1,1,1,1,1,1,1,1,0,1,1,1,0,1,0,1
Jakarta Timur,Makasar,0.0,1400000.0,4.8,3.0,5.0,Kos Putra,22.0,0,1,1,0,0,1,0,0,0,1,1,1,0,1,0,0,0,1,0,1,0,1,0,0,0,0,0,0,1
Jakarta Timur,Makasar,0.0,1200000.0,0.0,0.0,2.0,Kos Putra,8.58,0,0,1,0,1,1,0,0,0,1,1,1,0,1,0,0,0,1,0,0,0,0,1,1,0,0,0,0,1
Jakarta Timur,Makasar,2.0,1012000.0,4.8,14.0,19.0,Kos Putra,8.58,0,0,1,0,1,1,0,0,0,1,1,1,0,1,0,0,0,1,0,0,0,0,0,1,0,0,0,0,1
Jakarta Timur,Makasar,0.0,600000.0,4.8,3.0,4.0,Kos Putra,6.38,0,0,1,0,1,1,0,0,0,1,1,0,0,1,0,0,0,1,0,0,0,1,0,1,0,0,0,0,1
Jakarta Pusat,Gambir,1.0,2850000.0,4.6,2.0,15.0,Kos Campur,16.0,0,1,1,1,0,1,1,1,1,1,1,1,1,0,0,1,1,1,1,1,0,0,1,0,0,0,1,0,1
Jakarta Pusat,Gambir,1.0,2300000.0,0.0,0.0,3.0,Kos Campur,9.600000000000001,0,0,1,1,1,1,1,1,1,1,1,1,0,1,1,1,1,1,1,1,0,0,1,0,1,0,1,0,1
Jakarta Utara,Kelapa Gading,3.0,2141000.0,0.0,0.0,3.0,Kos Campur,10.240000000000002,0,1,1,1,1,1,1,1,1,1,1,1,1,1,0,1,1,1,1,1,1,0,1,0,0,0,0,0,1
Jakarta Utara,Kelapa Gading,0.0,2095000.0,0.0,0.0,4.0,Kos Campur,11.840000000000002,0,1,1,1,1,1,1,1,1,1,1,1,1,1,0,1,1,1,1,1,1,0,1,0,0,0,0,0,1
Jakarta Utara,Kelapa Gading,0.0,1957000.0,4.5,1.0,7.0,Kos Campur,10.240000000000002,0,1,1,1,1,1,1,1,1,1,1,1,1,1,0,1,1,1,1,1,1,0,1,0,0,0,0,0,1
Jakarta Selatan,Tebet,1.0,2325000.0,0.0,0.0,5.0,Kos Campur,9.0,0,1,1,1,1,1,0,1,0,1,1,1,0,1,1,1,0,1,1,1,1,0,1,1,0,0,0,0,1
Jakarta Pusat,Kecamatan Cempaka Putih,0.0,2985000.0,4.8,50.0,77.0,Kos Campur,15.75,1,1,1,1,1,1,1,1,0,0,1,1,0,1,0,1,1,1,1,1,1,0,1,0,1,0,0,0,0
Jakarta Pusat,Kecamatan Cempaka Putih,0.0,3505000.0,4.6,22.0,47.0,Kos Campur,17.5,1,1,1,1,1,1,1,1,0,0,1,1,0,1,0,1,1,1,1,1,1,0,1,0,1,0,0,0,1
Jakarta Pusat,Kecamatan Cempaka Putih,0.0,3815000.0,4.9,7.0,11.0,Kos Campur,21.0,1,1,1,1,1,1,1,1,0,0,1,1,0,1,0,1,1,1,1,1,1,0,1,0,1,0,0,0,1
Jakarta Selatan,Jagakarsa,2.0,1865000.0,0.0,0.0,0.0,Kos Putri,9.799999999999999,0,1,1,1,0,1,0,1,1,1,0,1,0,0,0,1,1,1,1,1,1,0,0,0,0,0,1,0,1
Jakarta Selatan,Jagakarsa,0.0,1545000.0,5.0,5.0,20.0,Kos Putri,8.959999999999999,0,1,1,1,0,1,0,1,1,1,0,1,0,0,0,1,0,1,1,1,1,0,0,0,0,0,1,0,1
Jakarta Selatan,Kecamatan Kebayoran Lama,0.0,2447500.0,4.9,4.0,7.0,Kos Putri,16.0,0,1,1,1,1,1,1,1,1,0,1,1,0,1,0,1,1,1,1,1,1,0,1,0,1,0,0,1,1
Jakarta Selatan,Kecamatan Cilandak,0.0,3325000.0,4.6,17.0,30.0,Kos Campur,14.4,0,1,1,1,1,1,1,1,0,0,1,1,1,1,1,1,1,1,0,0,0,0,1,1,0,0,0,0,1
Jakarta Selatan,Kecamatan Cilandak,0.0,3025000.0,4.6,34.0,67.0,Kos Campur,14.4,0,1,1,1,1,1,1,1,0,0,1,1,1,1,1,1,1,1,0,0,0,0,1,1,0,0,0,0,0
Jakarta Selatan,Pasar Minggu,0.0,1925000.0,4.4,1.0,13.0,Kos Putri,12.8,0,0,1,1,1,1,1,1,0,1,1,1,0,1,1,1,0,1,1,1,1,0,1,1,0,0,0,0,1
Jakarta Selatan,Kebayoran Baru,0.0,4205000.0,4.8,13.0,25.0,Kos Campur,15.0,1,1,1,1,1,1,1,1,0,1,1,1,1,1,1,0,1,1,1,1,1,0,1,0,1,0,0,0,1
Jakarta Selatan,Kebayoran Baru,2.0,3530500.0,4.8,7.0,8.0,Kos Campur,6.0,0,1,1,1,1,1,0,1,0,0,1,1,1,1,1,1,1,1,1,1,0,0,1,1,1,0,0,0,1
Jakarta Timur,Kecamatan Duren Sawit,0.0,1129000.0,4.9,9.0,13.0,Kos Putri,9.0,0,0,0,0,0,0,0,0,0,0,0,0,0,0,0,0,0,0,0,0,0,0,0,0,0,0,0,0,1
Jakarta Selatan,Kebayoran Lama,1.0,1675000.0,4.6,36.0,75.0,Kos Campur,10.5,0,1,1,0,1,1,1,1,1,1,1,1,1,1,1,1,1,1,0,1,0,0,1,0,0,0,0,0,0
Jakarta Pusat,Menteng,0.0,2070000.0,0.0,0.0,2.0,Kos Campur,7.290000000000001,0,1,1,1,1,1,0,0,0,0,1,1,0,1,1,1,0,1,0,0,0,0,1,1,0,0,0,0,1
Jakarta Selatan,Kecamatan Pancoran,0.0,2590000.0,4.6,16.0,28.0,Kos Putri,14.8,0,1,1,1,1,1,1,1,1,0,1,1,0,1,0,1,1,1,0,1,1,0,1,1,0,0,0,0,1
Jakarta Selatan,Kecamatan Pancoran,0.0,2325000.0,4.8,12.0,11.0,Kos Putri,10.0,0,1,1,1,1,1,1,1,1,0,1,1,0,1,0,1,1,1,0,1,1,0,1,1,0,0,0,0,1
Jakarta Utara,Kelapa Gading,0.0,1451000.0,4.0,1.0,1.0,Kos Campur,6.0,0,0,1,1,1,1,1,0,0,0,1,1,0,1,0,1,1,1,0,1,1,0,0,0,0,1,0,0,1
Jakarta Utara,Kelapa Gading,0.0,1267000.0,5.0,1.0,6.0,Kos Campur,6.0,0,0,1,1,0,1,1,0,0,0,1,1,0,1,0,1,1,1,0,1,1,0,0,0,0,1,0,0,1
Jakarta Utara,Kelapa Gading,1.0,1225000.0,5.0,1.0,2.0,Kos Campur,4.0,0,0,1,1,0,1,1,0,0,0,1,1,0,1,0,1,1,1,0,1,1,0,0,0,0,1,0,0,1
Jakarta Barat,Tambora,1.0,1700000.0,4.9,3.0,3.0,Kos Campur,9.0,0,1,1,1,0,1,0,0,0,1,1,1,0,1,1,1,1,1,1,1,1,0,1,0,0,0,0,0,1
Jakarta Barat,Tambora,1.0,1700000.0,4.9,3.0,3.0,Kos Campur,9.0,0,1,1,1,0,1,0,0,0,1,1,1,0,1,1,1,1,1,1,1,1,0,1,0,0,0,0,0,1
Jakarta Barat,Tambora,0.0,1500000.0,4.0,3.0,10.0,Kos Campur,9.0,0,1,1,1,0,1,0,0,0,1,0,1,0,1,1,1,1,1,1,1,1,0,0,0,0,0,0,0,1
Jakarta Selatan,Setiabudi,1.0,3065000.0,4.5,3.0,10.0,Kos Putra,17.479999999999997,0,1,1,1,1,1,1,1,1,1,1,1,1,1,0,1,1,1,1,1,0,0,1,0,1,0,1,0,1
Jakarta Selatan,Setiabudi,2.0,2780000.0,4.8,4.0,20.0,Kos Putra,14.719999999999999,0,1,1,1,1,1,1,1,1,1,1,1,1,1,0,1,1,1,1,1,0,0,1,0,1,0,1,0,1
Jakarta Selatan,Setiabudi,0.0,2495000.0,4.6,3.0,10.0,Kos Putra,16.72,0,1,1,1,1,1,1,1,1,1,1,1,1,1,0,1,1,1,1,1,0,0,1,0,1,0,1,0,1
Jakarta Selatan,Pasar Minggu,0.0,2360000.0,4.8,11.0,18.0,Kos Putri,12.0,0,1,1,1,1,1,1,1,0,1,1,1,1,1,1,1,1,1,1,1,0,0,1,1,1,0,0,0,1
Jakarta Selatan,Pasar Minggu,0.0,2025000.0,4.8,11.0,15.0,Kos Putri,10.0,0,1,1,1,1,1,1,1,0,1,1,1,1,1,1,1,1,1,1,1,0,0,1,1,1,0,0,0,1
Jakarta Selatan,Pesanggrahan,0.0,2125000.0,4.5,11.0,24.0,Kos Campur,15.0,0,1,1,1,1,1,0,1,0,1,1,1,0,1,0,1,0,1,0,0,0,0,1,1,1,0,0,0,0
Jakarta Barat,Palmerah,0.0,2275000.0,5.0,1.0,4.0,Kos Putra,10.240000000000002,1,1,1,0,1,1,0,1,1,0,1,1,1,1,0,0,0,1,1,1,1,0,1,1,0,1,1,0,0
Jakarta Barat,Palmerah,2.0,2175000.0,4.8,20.0,28.0,Kos Putra,8.959999999999999,1,1,1,0,1,1,0,1,1,0,1,1,1,1,1,0,0,1,1,1,1,0,1,1,0,1,1,0,0
Jakarta Barat,Palmerah,0.0,1400000.0,4.8,5.0,8.0,Kos Putra,4.32,1,0,1,0,1,1,0,1,1,0,1,0,1,1,0,0,0,1,1,1,1,0,1,1,0,1,1,0,0
Jakarta Selatan,Kebayoran Lama,0.0,2175000.0,4.9,9.0,14.0,Kos Campur,5.0,0,0,1,1,1,1,0,0,1,0,1,1,1,1,1,1,1,1,1,1,0,0,1,1,0,0,1,0,1
Jakarta Selatan,Setia Budi,0.0,2525000.0,4.8,23.0,99.0,Kos Putri,10.26,0,1,1,1,1,1,0,1,1,1,0,1,0,1,1,1,1,1,1,1,0,0,0,1,1,0,0,0,1
Jakarta Barat,Palmerah,0.0,950000.0,4.5,13.0,26.0,Kos Putri,6.0,0,0,1,1,1,1,0,0,0,1,0,0,0,1,0,1,0,1,0,1,0,0,0,0,0,1,0,0,0
Jakarta Timur,Cipayung,0.0,1500000.0,4.9,8.0,16.0,Kos Putri,6.72,1,1,1,1,1,1,1,1,0,0,1,1,0,1,1,1,0,1,1,1,0,0,1,1,0,0,0,0,1
Jakarta Pusat,Tanah Abang,0.0,2875000.0,4.1,6.0,21.0,Kos Campur,9.450000000000001,0,1,1,1,1,1,1,1,0,0,1,1,0,1,1,1,0,1,0,1,0,0,1,0,1,0,0,0,1
Jakarta Pusat,Tanah Abang,0.0,2400000.0,4.5,11.0,56.0,Kos Campur,9.450000000000001,0,1,1,1,1,1,1,1,0,0,1,1,0,1,0,1,0,1,0,1,0,0,1,0,0,0,0,0,1
Jakarta Pusat,Tanah Abang,0.0,1925000.0,4.6,2.0,15.0,Kos Campur,9.0,0,1,1,0,1,0,0,0,0,0,1,1,0,1,1,1,0,0,0,0,0,0,1,0,0,0,0,0,1
Jakarta Timur,Kecamatan Duren Sawit,0.0,1165000.0,4.9,29.0,53.0,Kos Putri,7.5,0,1,0,1,1,1,1,1,1,0,0,1,0,1,0,1,0,1,1,1,1,0,0,0,0,1,0,0,1
Jakarta Timur,Kecamatan Duren Sawit,0.0,1260000.0,4.8,7.0,13.0,Kos Putri,9.0,0,1,0,1,1,1,1,1,1,0,0,1,0,1,0,1,0,1,1,1,1,0,0,0,0,1,0,0,1
Jakarta Utara,Kecamatan Kelapa Gading,3.0,1645000.0,4.5,33.0,54.0,Kos Campur,8.75,0,1,1,1,0,1,1,1,0,0,1,1,0,1,1,1,1,1,1,1,1,0,1,1,0,0,0,0,0
Jakarta Selatan,Pasar Minggu,0.0,2635000.0,4.9,2.0,15.0,Kos Campur,18.0,0,1,1,1,1,1,1,1,0,1,1,1,0,1,0,1,1,1,1,1,0,0,1,0,0,0,0,0,1
Jakarta Selatan,Pasar Minggu,1.0,2455000.0,4.9,3.0,17.0,Kos Campur,15.75,0,1,1,1,1,1,1,1,0,1,1,1,0,1,0,1,1,1,1,1,0,0,1,0,0,0,0,0,1
Jakarta Selatan,Pasar Minggu,0.0,2095000.0,4.3,4.0,18.0,Kos Campur,13.5,0,1,1,1,1,1,1,1,0,1,1,1,0,1,0,1,1,1,1,1,0,0,1,0,0,0,0,0,1
Jakarta Selatan,Pasar Minggu,0.0,1825000.0,4.9,2.0,11.0,Kos Campur,11.25,0,1,1,1,1,1,1,1,0,1,1,1,0,1,0,1,1,1,1,1,0,0,1,0,0,0,0,0,1
Jakarta Utara,Tanjung Priok,2.0,1545000.0,4.4,11.0,46.0,Kos Campur,11.100000000000001,0,1,1,1,1,1,0,1,0,1,0,1,0,1,1,1,0,1,0,0,0,0,0,0,0,0,0,0,1
Jakarta Pusat,Gambir,0.0,2637500.0,4.9,2.0,6.0,Kos Campur,10.240000000000002,0,1,1,1,1,1,1,1,1,1,1,1,0,1,1,1,1,1,0,1,0,0,1,0,0,0,0,0,1
Jakarta Pusat,Gambir,0.0,2325000.0,4.4,8.0,30.0,Kos Campur,9.0,0,1,1,1,1,1,1,1,1,1,1,1,0,1,1,1,1,1,0,1,0,0,1,0,0,0,0,0,1
Jakarta Selatan,Kecamatan Kebayoran Baru,0.0,3575000.0,4.9,7.0,15.0,Kos Putri,16.0,1,1,1,1,1,1,1,1,1,0,1,1,0,1,1,1,1,1,1,1,1,0,1,0,1,0,1,0,1
Jakarta Utara,Kelapa Gading,2.0,1556800.0,0.0,0.0,0.0,Kos Putri,8.399999999999999,0,0,1,1,1,1,0,1,0,1,1,1,0,1,0,1,0,1,1,1,0,0,1,0,1,0,0,0,1
Jakarta Utara,Kelapa Gading,3.0,1391200.0,0.0,0.0,0.0,Kos Putri,8.399999999999999,0,0,1,1,1,1,0,1,0,1,0,1,0,1,0,1,0,1,1,1,0,0,0,0,1,0,0,0,1
Jakarta Barat,Grogol Petamburan,2.0,2225000.0,4.6,27.0,63.0,Kos Campur,8.19,0,1,1,1,1,1,0,1,0,1,1,1,0,1,0,1,1,1,1,1,0,0,1,0,0,0,0,0,1
Jakarta Barat,Grogol Petamburan,1.0,1975000.0,4.6,83.0,198.0,Kos Campur,8.19,0,1,1,1,1,1,0,1,0,1,1,1,0,1,1,1,1,1,1,1,0,0,1,0,0,0,0,0,1
Jakarta Timur,Duren Sawit,0.0,1656000.0,5.0,1.0,3.0,Kos Putri,8.75,0,1,1,1,1,1,0,1,1,1,1,1,0,1,0,1,0,1,0,1,0,0,1,0,0,0,0,0,1
Jakarta Timur,Duren Sawit,0.0,1656000.0,5.0,1.0,3.0,Kos Putri,9.0,0,0,0,0,0,0,0,0,0,0,0,0,0,0,0,0,0,0,0,0,0,0,0,0,0,0,0,0,1
Jakarta Timur,Duren Sawit,0.0,1656000.0,5.0,1.0,3.0,Kos Putri,8.75,0,1,1,1,1,1,0,1,1,1,1,1,0,1,0,1,0,1,0,1,0,0,1,0,0,0,0,0,1
Jakarta Timur,Duren Sawit,0.0,1656000.0,5.0,1.0,3.0,Kos Putri,8.75,0,1,1,1,1,1,0,1,1,1,1,1,0,1,0,1,0,1,0,1,0,0,1,0,0,0,0,0,1
Jakarta Pusat,Kecamatan Tanah Abang,0.0,1735000.0,4.9,10.0,11.0,Kos Putri,14.0,0,1,0,1,0,1,1,1,0,1,1,1,0,0,0,1,0,1,1,0,0,0,1,0,0,0,0,0,1
Jakarta Pusat,Kecamatan Tanah Abang,0.0,1625000.0,4.6,19.0,45.0,Kos Putri,12.0,0,1,0,1,0,1,1,1,0,1,1,1,0,0,0,1,0,1,1,0,0,0,1,0,0,0,0,0,1
Jakarta Barat,Kecamatan Grogol petamburan,0.0,1745400.0,4.6,10.0,23.0,Kos Campur,8.75,0,1,1,0,1,1,1,1,1,1,1,1,0,1,0,1,0,1,1,1,0,0,1,0,1,0,0,0,1
Jakarta Barat,Kecamatan Grogol petamburan,0.0,1525000.0,4.6,12.0,19.0,Kos Campur,8.75,0,0,1,0,1,1,1,1,1,1,1,1,0,1,0,1,0,1,1,1,0,0,1,0,0,0,0,0,1
Jakarta Barat,Kecamatan Grogol petamburan,2.0,1345000.0,4.6,59.0,128.0,Kos Campur,7.0,0,0,1,0,1,1,1,1,1,1,1,1,0,1,0,1,0,1,1,1,0,0,1,0,0,0,0,0,1
Jakarta Barat,Grogol Petamburan,0.0,2162500.0,4.8,29.0,59.0,Kos Campur,8.64,0,1,1,1,1,1,0,0,0,0,1,1,1,1,1,1,1,1,0,1,0,0,1,1,0,0,0,0,1
Jakarta Barat,Grogol Petamburan,0.0,2210000.0,4.8,10.0,16.0,Kos Campur,8.64,0,1,1,1,1,1,0,0,0,0,1,1,1,1,1,1,1,1,0,1,0,0,1,1,0,0,0,0,1
Jakarta Utara,Kecamatan Kelapa Gading,0.0,1925000.0,4.9,63.0,78.0,Kos Campur,6.72,0,1,1,1,0,1,0,0,1,1,1,1,0,1,0,1,0,1,0,1,0,0,0,1,1,0,1,0,1
Jakarta Timur,Pulo Gadung,0.0,2257500.0,4.5,2.0,6.0,Kos Campur,11.2,0,1,1,1,1,1,1,1,0,1,1,1,1,1,1,1,0,1,0,0,0,0,1,1,1,0,0,0,1
Jakarta Timur,Pulo Gadung,1.0,2162500.0,4.8,3.0,5.0,Kos Campur,10.5,0,1,1,1,0,1,1,1,0,1,1,1,1,0,0,1,1,1,0,0,0,0,1,0,0,0,0,0,1
Jakarta Selatan,Tebet,0.0,1225000.0,4.9,7.0,19.0,Kos Putra,6.6000000000000005,1,0,1,1,1,1,0,1,0,1,0,0,1,1,1,1,0,1,1,1,0,0,1,1,0,1,0,0,0
Jakarta Selatan,Tebet,0.0,2005000.0,4.6,5.0,10.0,Kos Putri,6.0,0,0,1,1,1,1,1,1,0,1,1,1,0,1,1,1,0,1,1,1,0,0,1,1,0,0,0,0,1
Jakarta Selatan,Tebet,0.0,3135000.0,4.9,3.0,4.0,Kos Putra,32.0,0,1,1,0,0,1,1,1,0,1,1,1,1,1,1,1,1,1,1,1,0,0,1,0,0,0,0,0,1
Jakarta Selatan,Tebet,0.0,2422500.0,4.6,2.0,4.0,Kos Putra,20.0,0,1,1,0,1,1,1,1,0,1,1,1,0,1,0,1,1,1,0,1,0,0,1,0,0,0,0,0,1
Jakarta Selatan,Tebet,0.0,2130000.0,5.0,8.0,23.0,Kos Putra,12.25,0,0,1,0,1,1,1,1,0,1,1,1,0,1,0,1,1,1,0,1,0,0,1,0,0,0,0,0,1
Jakarta Selatan,Kecamatan Mampang Prapatan,0.0,3875000.0,0.0,0.0,0.0,Kos Putri,21.0,1,1,1,0,1,1,1,1,1,1,1,1,1,1,1,1,1,1,1,1,0,0,1,1,1,0,0,0,0
Jakarta Selatan,Kecamatan Mampang Prapatan,0.0,2875000.0,4.9,11.0,25.0,Kos Putri,8.959999999999999,1,1,1,0,0,1,1,0,0,0,1,1,1,1,1,1,1,0,0,0,0,0,1,1,0,0,0,0,0
Jakarta Selatan,Kecamatan Mampang Prapatan,0.0,2475000.0,4.8,3.0,6.0,Kos Putri,12.0,1,0,1,0,1,1,1,1,1,1,1,1,1,1,1,1,1,1,1,1,0,0,1,1,1,0,0,0,0
Jakarta Selatan,Kecamatan Tebet,0.0,2352500.0,4.5,13.0,34.0,Kos Putri,16.0,0,1,1,0,1,0,1,1,1,1,1,1,1,1,1,1,0,1,1,1,0,0,1,0,1,0,0,0,1
Jakarta Pusat,Cempaka Putih,0.0,1805000.0,4.6,2.0,35.0,Kos Campur,12.8,0,1,1,1,1,1,1,0,0,0,1,1,0,1,1,1,1,1,1,1,0,0,1,1,1,0,0,0,1
Jakarta Utara,Kelapa Gading,0.0,2125000.0,4.9,14.0,18.0,Kos Campur,9.0,1,1,1,1,0,1,1,0,0,1,0,1,0,1,1,1,1,1,1,1,0,0,0,1,1,0,0,0,1
Jakarta Utara,Kelapa Gading,3.0,1945000.0,4.9,6.0,9.0,Kos Campur,7.5,1,1,1,1,0,1,1,0,0,1,0,1,0,1,1,1,1,1,1,1,0,0,0,1,1,0,0,0,1
Jakarta Utara,Kelapa Gading,3.0,1751000.0,4.8,5.0,7.0,Kos Campur,6.25,1,0,1,1,0,1,1,0,0,1,0,1,0,1,0,1,0,1,1,1,0,0,0,1,0,0,0,0,1
Jakarta Timur,Matraman,0.0,1545000.0,4.9,7.0,8.0,Kos Campur,6.25,1,1,1,0,1,1,1,0,0,1,1,1,0,1,1,0,0,1,0,0,0,0,0,0,0,0,0,0,1
Jakarta Timur,Matraman,0.0,1129000.0,4.6,8.0,11.0,Kos Campur,6.25,1,1,1,0,1,1,1,0,0,1,1,0,0,1,0,0,0,1,0,0,0,1,0,0,0,0,0,0,1
Jakarta Timur,Matraman,0.0,1037000.0,4.9,1.0,1.0,Kos Campur,6.25,1,0,1,0,1,1,1,0,0,1,1,0,0,1,0,0,0,1,0,0,0,1,0,0,0,0,0,0,1
Jakarta Timur,Matraman,0.0,1640000.0,0.0,0.0,0.0,Kos Campur,12.0,1,1,1,0,1,1,0,0,0,1,1,1,0,1,1,0,0,1,0,0,0,0,0,0,0,0,0,0,1
Jakarta Timur,Pulo Gadung,1.0,1710000.0,4.8,4.0,9.0,Kos Campur,10.8,1,1,1,1,1,1,0,1,1,0,1,1,0,1,1,1,0,1,1,1,1,0,0,0,0,0,1,0,1
Jakarta Timur,Pulo Gadung,0.0,1620000.0,0.0,0.0,0.0,Kos Campur,10.8,0,1,1,1,1,1,0,1,1,0,1,1,0,1,0,1,0,1,1,1,1,0,1,0,0,0,1,0,1
Jakarta Timur,Pulo Gadung,1.0,1530000.0,4.9,3.0,10.0,Kos Campur,12.92,1,1,1,1,1,1,0,1,1,0,1,1,0,1,1,1,0,1,1,1,1,0,1,0,0,0,1,0,1
Jakarta Timur,Pulo Gadung,0.0,1350000.0,4.9,1.0,3.0,Kos Campur,10.8,0,1,1,1,1,1,0,1,1,0,1,1,0,1,0,1,0,1,1,1,1,0,1,0,0,0,1,0,1
Jakarta Timur,Pulo Gadung,0.0,1440000.0,0.0,0.0,0.0,Kos Campur,10.8,1,1,1,1,1,1,0,1,1,0,1,1,0,1,0,1,0,1,1,1,1,0,1,1,0,0,1,0,1
Jakarta Barat,Grogol Petamburan,3.0,1925000.0,4.9,3.0,5.0,Kos Campur,6.6000000000000005,0,0,1,1,1,1,0,0,0,0,1,1,0,1,1,1,0,1,0,1,0,0,1,1,0,0,0,0,1
Jakarta Utara,Kelapa Gading,0.0,1807000.0,0.0,0.0,8.0,Kos Putri,10.5,0,1,1,1,1,1,0,1,1,1,1,1,0,1,1,1,1,1,1,1,1,0,1,0,1,0,1,0,1
Jakarta Selatan,Jagakarsa,1.0,1425000.0,4.8,35.0,81.0,Kos Putri,9.0,0,1,1,1,1,1,0,0,0,0,0,1,0,1,0,1,0,1,0,1,1,0,0,0,0,0,0,0,1
Jakarta Barat,Grogol Petamburan,0.0,1727000.0,5.0,2.0,8.0,Kos Campur,8.0,0,1,1,1,0,1,0,1,0,0,1,1,0,1,1,1,1,1,1,1,0,0,1,0,0,0,0,0,1
Jakarta Barat,Grogol Petamburan,2.0,1681000.0,4.5,5.0,21.0,Kos Campur,8.0,0,1,1,1,1,1,0,1,0,0,1,1,0,0,1,1,0,1,1,1,0,0,1,0,0,0,0,0,1
Jakarta Timur,Duren Sawit,1.0,1875000.0,4.0,1.0,4.0,Kos Putri,16.0,0,1,1,1,1,1,0,0,0,1,1,1,0,1,1,1,0,1,1,1,1,0,1,0,0,0,0,0,0
Jakarta Timur,Duren Sawit,1.0,1875000.0,4.0,1.0,4.0,Kos Putri,16.0,0,1,1,1,1,1,0,0,0,1,1,1,0,1,1,1,0,1,1,1,1,0,1,0,0,0,0,0,0
Jakarta Timur,Duren Sawit,1.0,1875000.0,4.0,1.0,4.0,Kos Putri,16.0,0,1,1,1,1,1,0,0,0,1,1,1,0,1,1,1,0,1,1,1,1,0,1,0,0,0,0,0,0
Jakarta Timur,Duren Sawit,1.0,1875000.0,4.0,1.0,4.0,Kos Putri,16.0,0,1,1,1,1,1,0,0,0,1,1,1,0,1,1,1,0,1,1,1,1,0,1,0,0,0,0,0,0
Jakarta Timur,Duren Sawit,1.0,1775000.0,4.9,7.0,10.0,Kos Putri,10.5,0,1,1,1,1,1,0,0,0,1,1,1,0,1,1,1,0,1,1,1,1,0,1,0,0,0,0,0,0
Jakarta Timur,Duren Sawit,1.0,1675000.0,4.9,11.0,25.0,Kos Putri,9.0,0,1,1,1,1,1,0,0,0,1,1,1,0,1,1,1,0,1,1,1,1,0,1,0,0,0,0,0,0
Jakarta Selatan,Pesanggrahan,1.0,2162500.0,4.8,15.0,35.0,Kos Putri,12.0,0,1,1,1,1,1,1,1,0,1,1,1,0,1,1,1,0,1,1,1,1,0,1,0,0,1,0,0,1
Jakarta Selatan,Pasar Minggu,0.0,3150000.0,4.9,11.0,24.0,Kos Campur,17.28,0,1,1,0,1,1,1,1,1,1,1,1,1,1,1,1,1,1,1,1,1,0,1,1,1,0,1,0,1
Jakarta Selatan,Pasar Minggu,0.0,2755000.0,4.9,10.0,11.0,Kos Campur,15.2,0,1,1,0,0,1,1,1,1,1,1,1,1,1,1,1,1,1,1,1,1,0,1,1,1,0,1,0,1
Jakarta Barat,Kecamatan Grogol petamburan,3.0,2900000.0,4.4,6.0,14.0,Kos Campur,9.0,0,1,1,0,1,1,1,1,0,0,1,1,1,1,0,1,0,1,0,1,1,0,1,0,1,0,0,0,1
Jakarta Barat,Kecamatan Grogol petamburan,0.0,2400000.0,4.6,109.0,224.0,Kos Campur,12.0,0,1,1,0,1,1,1,1,0,0,1,1,1,1,0,1,0,1,1,1,1,0,1,1,1,0,0,0,1
Jakarta Pusat,Kecamatan Menteng,0.0,3205000.0,4.8,13.0,21.0,Kos Campur,10.5,0,1,1,1,1,1,1,0,1,1,1,1,1,1,0,1,1,1,1,1,1,0,1,0,1,0,0,0,0
Jakarta Pusat,Kecamatan Menteng,1.0,3095000.0,4.6,39.0,63.0,Kos Campur,10.5,0,1,1,1,1,1,1,0,1,1,1,1,1,1,0,1,1,1,1,1,1,0,1,0,1,0,0,0,0
Jakarta Pusat,Kecamatan Menteng,0.0,2875000.0,4.6,16.0,36.0,Kos Campur,10.5,0,1,1,1,1,1,1,0,1,1,1,1,1,1,0,1,1,1,1,1,1,0,1,0,1,0,0,0,0
Jakarta Pusat,Tanah Abang,0.0,2722500.0,4.6,19.0,27.0,Kos Campur,9.0,0,1,1,1,1,1,0,1,0,0,1,1,0,1,1,1,1,1,1,1,1,0,1,1,0,0,0,0,1
Jakarta Pusat,Tanah Abang,0.0,2610000.0,4.6,20.0,39.0,Kos Campur,7.5,0,1,1,1,1,1,0,1,0,0,1,1,0,1,1,1,1,1,1,1,1,0,1,1,0,0,0,0,1
Jakarta Pusat,Tanah Abang,1.0,2295000.0,4.6,4.0,6.0,Kos Campur,6.25,0,1,1,1,1,1,0,1,0,0,1,1,0,1,1,1,1,1,1,1,1,0,1,1,0,0,0,0,1
Jakarta Utara,Kelapa Gading,1.0,2300000.0,0.0,0.0,4.0,Kos Putri,10.240000000000002,0,1,1,1,1,1,1,1,0,1,1,1,0,1,1,1,1,1,1,1,1,0,1,0,0,0,0,0,1
Jakarta Utara,Kelapa Gading,0.0,2116000.0,0.0,0.0,2.0,Kos Putri,10.240000000000002,0,1,1,1,1,1,1,1,0,1,1,1,0,1,1,1,1,1,1,1,1,0,1,0,0,0,0,0,1
Jakarta Pusat,Tanah Abang,0.0,2969000.0,0.0,0.0,0.0,Kos Campur,12.600000000000001,0,1,1,1,1,1,0,1,0,0,1,1,1,1,1,1,1,1,1,0,1,0,1,0,1,0,0,0,1
Jakarta Pusat,Sawah Besar,0.0,2693000.0,4.4,1.0,1.0,Kos Campur,12.0,0,1,1,1,1,1,0,1,0,1,0,1,1,1,0,1,1,1,1,1,0,0,0,0,0,0,0,0,1
Jakarta Barat,Taman Sari,0.0,1975000.0,4.6,19.0,42.0,Kos Campur,10.35,1,1,1,1,0,1,1,1,0,0,1,1,1,1,0,1,1,1,1,1,0,0,1,0,1,0,0,0,1
Jakarta Barat,Taman Sari,0.0,2685000.0,4.4,4.0,11.0,Kos Campur,21.830000000000002,0,1,1,1,1,1,1,0,0,1,1,1,0,1,1,1,1,1,0,0,0,0,1,1,1,0,0,0,1
Jakarta Barat,Taman Sari,2.0,2115000.0,4.8,7.0,21.0,Kos Campur,6.16,0,1,1,1,1,1,1,0,0,1,1,1,0,1,1,1,1,1,0,0,0,0,1,1,1,0,0,0,1
Jakarta Timur,Pasar Rebo,2.0,1497000.0,4.8,30.0,49.0,Kos Putri,9.0,0,0,0,0,0,0,0,0,0,0,0,0,0,0,0,0,0,0,0,0,0,0,0,0,0,0,0,0,1
Jakarta Selatan,Kecamatan Mampang Prapatan,0.0,2605000.0,4.6,11.0,19.0,Kos Putri,9.0,0,1,1,0,0,1,1,1,1,0,1,1,0,1,0,1,0,1,1,1,1,0,1,1,1,0,0,0,1
Jakarta Selatan,Kecamatan Mampang Prapatan,0.0,2582600.0,4.6,19.0,33.0,Kos Putri,10.5,1,1,1,0,1,1,1,1,1,0,1,1,0,1,0,1,0,1,1,1,1,0,1,1,1,0,0,0,1
Jakarta Pusat,Tanah Abang,0.0,2525000.0,4.6,44.0,57.0,Kos Putri,12.5,0,1,1,1,1,1,1,1,1,1,1,1,0,1,0,1,0,1,1,1,1,0,1,1,0,1,1,0,0
Jakarta Pusat,Tanah Abang,1.0,2075000.0,4.8,24.0,38.0,Kos Putri,12.0,0,0,1,1,1,1,1,1,1,1,1,1,0,1,0,1,0,1,1,1,1,0,1,1,0,0,0,0,1
Jakarta Selatan,Setia Budi,0.0,2825000.0,4.5,72.0,140.0,Kos Campur,16.0,0,1,1,1,0,1,1,1,1,1,1,1,0,0,0,1,1,1,0,1,0,0,1,0,1,0,1,0,1
Jakarta Pusat,Tanah Abang,0.0,1307500.0,4.9,12.0,20.0,Kos Putri,7.5,0,0,1,1,1,1,0,1,1,1,0,1,1,1,1,0,0,1,1,1,0,0,0,1,0,1,0,0,1
Jakarta Timur,Duren Sawit,0.0,1925000.0,5.0,1.0,2.0,Kos Putri,9.0,0,0,0,0,0,0,0,0,0,0,0,0,0,0,0,0,0,0,0,0,0,0,0,0,0,0,0,0,1
Jakarta Selatan,Mampang Prapatan,0.0,2005000.0,4.8,32.0,63.0,Kos Campur,20.0,0,1,1,1,1,1,1,0,0,1,0,1,0,1,1,1,0,1,0,1,0,0,0,1,0,0,0,0,1
Jakarta Timur,Pulo Gadung,0.0,1200000.0,0.0,0.0,0.0,Kos Putri,12.0,1,0,1,0,1,1,0,1,0,1,1,0,0,1,1,0,0,1,1,1,0,0,1,0,0,0,0,1,0
Jakarta Timur,Kecamatan Pulo Gadung,1.0,1200000.0,0.0,0.0,0.0,Kos Putri,8.0,1,0,1,1,1,1,0,1,1,1,1,1,0,1,1,0,0,1,1,1,0,0,1,1,0,0,0,1,0
Jakarta Utara,Tanjung Priok,1.0,1900000.0,5.0,5.0,9.0,Kos Campur,8.25,0,1,1,1,1,1,1,1,1,1,1,1,0,1,1,1,0,1,1,1,1,0,1,1,0,0,0,0,0
Jakarta Utara,Koja,2.0,2000000.0,0.0,0.0,0.0,Kos Campur,12.0,0,1,1,1,1,1,0,1,0,0,1,1,1,1,1,1,1,1,1,1,1,0,1,0,0,1,0,0,0
Jakarta Timur,Duren Sawit,2.0,1800000.0,0.0,0.0,0.0,Kos Campur,18.0,0,1,0,0,1,1,0,0,1,1,1,1,1,1,0,0,0,0,0,0,0,1,1,0,1,0,0,0,0
Jakarta Timur,Duren Sawit,2.0,1800000.0,0.0,0.0,0.0,Kos Campur,18.0,0,1,0,0,1,1,0,0,1,1,1,1,1,1,0,0,0,0,0,0,0,1,1,0,1,0,0,0,0
Jakarta Timur,Duren Sawit,2.0,1800000.0,0.0,0.0,0.0,Kos Campur,18.0,0,1,0,0,1,1,0,0,1,1,1,1,1,1,0,0,0,0,0,0,0,1,1,0,1,0,0,0,0
Jakarta Timur,Duren Sawit,2.0,1800000.0,0.0,0.0,0.0,Kos Campur,18.0,0,1,0,0,1,1,0,0,1,1,1,1,1,1,0,0,0,0,0,0,0,1,1,0,1,0,0,0,0
Jakarta Timur,Duren Sawit,2.0,1800000.0,0.0,0.0,0.0,Kos Campur,18.0,0,1,0,0,1,1,0,0,1,1,1,1,1,1,0,0,0,0,0,0,0,1,1,0,1,0,0,0,0
Jakarta Utara,Tanjung Priok,3.0,2500000.0,0.0,0.0,1.0,Kos Campur,12.0,0,1,1,1,1,1,1,1,0,0,0,1,1,1,1,1,1,1,0,0,1,0,0,0,1,0,0,0,0
Jakarta Utara,Tanjung Priok,0.0,2450000.0,0.0,0.0,7.0,Kos Campur,12.0,0,1,1,1,1,1,1,1,1,1,1,1,0,1,1,1,1,1,1,0,1,0,0,0,1,0,1,0,0
Jakarta Utara,Tanjung Priok,1.0,1650000.0,0.0,0.0,0.0,Kos Campur,12.0,0,0,1,0,1,1,0,0,0,0,1,1,0,0,1,1,0,0,0,1,0,0,1,1,0,0,0,0,1
Jakarta Utara,Tanjung Priok,0.0,950000.0,0.0,0.0,0.0,Kos Campur,12.5,1,1,0,0,0,1,0,1,0,1,0,0,0,1,0,0,0,1,0,1,0,1,0,0,0,1,0,0,0
Jakarta Barat,Kecamatan Kalideres,2.0,1400000.0,0.0,0.0,15.0,Kos Campur,9.0,0,0,1,1,0,1,0,1,1,1,1,1,0,1,1,1,0,1,1,1,0,0,1,1,0,0,0,0,0
Jakarta Barat,Kecamatan Grogol petamburan,0.0,2200000.0,0.0,0.0,2.0,Kos Campur,9.0,0,1,1,1,1,1,0,1,1,1,1,1,1,1,1,1,1,1,1,1,0,0,0,1,0,0,0,0,1
Jakarta Utara,Tanjung Priok,3.0,1500000.0,0.0,0.0,1.0,Kos Campur,12.0,0,1,0,1,0,1,0,0,0,0,0,1,0,0,0,1,0,1,0,0,0,0,0,0,0,1,0,0,1
Jakarta Utara,Kecamatan Penjaringan,2.0,1650000.0,0.0,0.0,1.0,Kos Putri,12.0,0,1,1,1,1,1,0,0,0,1,0,1,0,1,1,1,0,1,0,0,0,0,0,1,1,0,0,0,0
Jakarta Barat,Grogol Petamburan,3.0,3000000.0,0.0,0.0,0.0,Kos Campur,9.0,0,1,1,1,1,1,0,1,1,0,1,1,1,1,1,1,0,1,1,1,0,0,1,0,0,0,1,0,0
Jakarta Barat,Kecamatan Grogol petamburan,0.0,2500000.0,0.0,0.0,5.0,Kos Campur,9.0,0,1,1,1,1,1,1,1,1,1,1,1,1,1,1,1,0,1,1,1,0,0,1,0,0,0,1,0,0
Jakarta Timur,Pulo Gadung,1.0,3300000.0,5.0,3.0,0.0,Kos Campur,16.0,1,1,1,1,1,1,1,1,1,1,1,1,1,0,0,1,1,1,1,0,0,0,1,0,1,0,1,0,0
Jakarta Utara,Kecamatan Koja,1.0,1700000.0,0.0,0.0,0.0,Kos Campur,21.0,0,1,0,0,1,1,0,1,0,0,0,0,0,0,0,1,0,0,0,0,0,0,0,0,0,0,0,0,1
Jakarta Pusat,Menteng,0.0,1850000.0,0.0,0.0,0.0,Kos Putri,9.0,1,0,0,1,1,0,0,0,1,1,1,1,0,1,1,1,0,1,0,1,0,0,1,0,0,1,0,0,0
Jakarta Utara,Tanjung Priok,2.0,1300000.0,0.0,0.0,1.0,Kos Campur,9.0,0,1,1,1,0,1,0,1,0,0,0,1,1,1,0,1,0,1,1,1,1,1,0,0,0,1,0,0,0
Jakarta Utara,Kecamatan Kelapa Gading,1.0,1850000.0,0.0,0.0,0.0,Kos Campur,5.5,0,0,1,0,1,1,1,1,1,1,0,1,0,1,0,1,0,1,1,1,1,0,0,1,1,0,0,0,1
Jakarta Selatan,Kecamatan Kebayoran Lama,0.0,3850000.0,0.0,0.0,0.0,Kos Campur,17.5,0,1,1,1,1,1,1,1,1,1,1,1,1,1,1,1,1,1,0,1,1,0,0,1,1,0,0,0,1
Jakarta Utara,Kelapa Gading,0.0,1850000.0,3.6,2.0,21.0,Kos Campur,9.0,0,1,1,1,0,1,0,1,1,1,1,1,1,1,0,1,1,1,1,1,1,0,1,0,0,0,1,0,1
Jakarta Utara,Koja,0.0,1600000.0,0.0,0.0,0.0,Kos Campur,12.0,0,1,0,1,1,1,0,1,0,1,1,1,0,1,1,0,0,1,1,0,0,0,1,0,0,1,0,0,1
Jakarta Utara,Koja,1.0,1600000.0,0.0,0.0,1.0,Kos Campur,20.0,0,1,0,1,1,0,0,1,1,1,1,1,0,1,1,0,0,1,1,0,0,0,1,0,0,1,0,0,1
Jakarta Timur,Kramat jati,1.0,2400000.0,0.0,0.0,0.0,Kos Campur,21.0,0,1,1,1,1,1,1,0,1,1,1,1,1,0,1,1,1,1,0,0,0,0,1,0,1,0,0,0,0
Jakarta Timur,Kecamatan Pulo Gadung,0.0,1000000.0,0.0,0.0,0.0,Kos Campur,12.0,0,1,0,0,1,1,0,0,0,0,1,0,1,0,0,1,0,1,1,1,0,1,1,1,0,1,0,0,0
Jakarta Timur,Kecamatan Pulo Gadung,0.0,1000000.0,0.0,0.0,0.0,Kos Campur,12.0,0,1,0,0,1,1,0,0,0,0,1,0,1,0,0,1,0,1,1,1,0,1,1,1,0,1,0,0,0
Jakarta Timur,Kecamatan Pulo Gadung,0.0,1000000.0,0.0,0.0,0.0,Kos Campur,12.0,0,1,0,0,1,1,0,0,0,0,1,0,1,0,0,1,0,1,1,1,0,1,1,1,0,1,0,0,0
Jakarta Timur,Kecamatan Pulo Gadung,0.0,1000000.0,0.0,0.0,0.0,Kos Campur,12.0,0,1,0,0,1,1,0,0,0,0,1,0,1,0,0,1,0,1,1,1,0,1,1,1,0,1,0,0,0
Jakarta Timur,Kecamatan Pulo Gadung,0.0,1000000.0,0.0,0.0,0.0,Kos Campur,12.0,0,1,0,0,1,1,0,0,0,0,1,0,1,0,0,1,0,1,1,1,0,1,1,1,0,1,0,0,0
Jakarta Timur,Matraman,0.0,1400000.0,5.0,6.0,20.0,Kos Putra,12.0,1,1,0,0,0,0,0,1,1,1,0,1,0,0,0,0,0,0,0,1,0,0,1,0,0,0,0,1,0
Jakarta Barat,Grogol Petamburan,2.0,2300000.0,0.0,0.0,0.0,Kos Campur,9.0,0,1,1,1,1,1,0,0,1,1,1,1,1,0,1,1,1,1,1,1,1,0,0,0,1,0,0,0,1
Jakarta Timur,Duren Sawit,1.0,3000000.0,0.0,0.0,5.0,Kos Campur,40.0,0,1,1,1,1,1,1,1,1,0,1,1,1,1,1,1,1,1,1,1,1,0,0,1,1,0,0,0,0
Jakarta Barat,Kecamatan Kembangan,3.0,3050000.0,5.0,2.0,2.0,Kos Campur,28.0,0,1,1,1,1,1,1,1,1,1,1,1,1,1,1,1,1,1,1,1,1,0,0,0,1,0,1,0,0
Jakarta Barat,Kecamatan Grogol petamburan,0.0,775000.0,3.4,21.0,15.0,Kos Campur,9.0,0,0,0,0,0,1,0,0,1,1,0,1,0,0,0,0,0,1,0,0,0,0,0,0,0,1,0,0,0
Jakarta Barat,Kecamatan Grogol petamburan,0.0,775000.0,3.6,21.0,5.0,Kos Campur,9.0,0,0,0,0,0,1,0,0,1,1,0,1,0,0,0,0,0,1,0,0,0,0,0,0,0,1,0,0,0
Jakarta Utara,Kecamatan Tanjung Priok,0.0,1100000.0,3.9,1.0,6.0,Kos Campur,9.0,0,0,1,1,1,1,0,1,1,1,1,1,0,1,1,1,0,1,1,1,1,0,0,1,0,1,1,0,1
Jakarta Barat,Kecamatan Taman Sari,1.0,1850000.0,0.0,0.0,0.0,Kos Campur,8.8,0,1,0,1,1,1,0,1,1,0,0,1,0,1,1,1,1,1,1,1,1,0,0,1,0,0,0,0,1
Jakarta Barat,Cengkareng,1.0,2000000.0,0.0,0.0,0.0,Kos Campur,13.5,0,1,1,1,1,1,0,1,0,0,1,1,1,1,1,1,1,1,1,1,1,0,1,0,1,0,0,0,0
Jakarta Utara,Kelapa Gading,0.0,1499999.0,5.0,4.0,3.0,Kos Campur,12.0,0,0,1,0,1,1,1,1,1,1,1,1,0,1,1,1,0,1,1,1,0,0,1,1,1,0,0,0,0
Jakarta Utara,Koja,0.0,2500000.0,0.0,0.0,0.0,Kos Campur,17.5,0,1,1,1,1,1,1,1,1,1,1,1,1,1,1,1,1,1,1,1,0,0,0,0,0,1,0,0,0
Jakarta Selatan,Kecamatan Tebet,1.0,1200000.0,0.0,0.0,1.0,Kos Putri,12.0,0,1,1,1,1,1,0,0,0,1,0,1,0,1,0,0,0,1,0,1,0,1,0,1,0,0,0,0,0
Jakarta Barat,Kecamatan Taman Sari,2.0,3600000.0,4.5,1.0,19.0,Kos Campur,16.0,0,1,1,1,1,1,0,1,1,1,1,1,1,1,1,1,1,1,1,1,0,0,0,0,1,0,0,0,0
Jakarta Barat,Kecamatan Taman Sari,2.0,3500000.0,5.0,2.0,19.0,Kos Campur,16.0,0,1,1,1,1,1,0,1,1,1,1,1,1,1,1,1,1,1,1,1,0,0,0,0,1,0,0,0,1
Jakarta Barat,Kecamatan Taman Sari,2.0,3100000.0,4.9,1.0,14.0,Kos Campur,12.0,0,1,1,1,1,1,0,1,1,1,1,1,1,1,1,1,1,1,1,1,0,0,0,1,1,0,0,0,0
Jakarta Selatan,Kebayoran Lama,2.0,6800000.0,0.0,0.0,2.0,Kos Campur,25.0,1,1,1,1,1,1,1,1,1,0,1,1,1,0,0,1,1,1,1,1,1,0,1,0,1,0,0,0,0
Jakarta Timur,Kecamatan Cakung,0.0,1100000.0,5.0,1.0,12.0,Kos Campur,9.0,1,0,1,1,1,1,0,0,1,1,0,0,0,1,0,1,0,0,0,0,0,1,0,0,0,1,0,0,0
Jakarta Utara,Tanjung Priok,0.0,1400000.0,0.0,0.0,11.0,Kos Campur,6.0,0,1,1,1,1,1,0,0,1,1,0,1,0,1,1,1,0,1,1,1,1,0,0,0,1,0,1,0,1
Jakarta Barat,Kecamatan Kebon Jeruk,3.0,700000.0,0.0,0.0,0.0,Kos Campur,12.0,1,1,0,0,1,1,0,1,1,1,0,0,0,1,0,0,0,1,0,0,0,1,0,1,0,1,0,1,0
Jakarta Utara,Tanjung Priok,0.0,2500000.0,0.0,0.0,2.0,Kos Campur,9.0,0,1,1,1,1,1,0,1,1,1,1,1,1,0,0,1,0,1,1,1,0,1,1,0,1,0,0,0,1
Jakarta Utara,Tanjung Priok,0.0,2500000.0,0.0,0.0,2.0,Kos Campur,9.0,0,1,1,1,1,1,0,1,1,1,1,1,1,0,0,1,0,1,1,1,0,1,1,0,1,0,0,0,1
Jakarta Utara,Tanjung Priok,0.0,1800000.0,0.0,0.0,2.0,Kos Campur,9.0,1,1,1,1,1,1,0,1,1,1,0,1,1,1,1,1,0,0,1,1,0,1,0,1,0,0,0,0,1
Jakarta Barat,Kali Deres,1.0,2100000.0,5.0,1.0,1.0,Kos Campur,12.0,0,1,1,1,1,1,0,1,1,1,0,1,1,1,0,1,1,1,1,1,0,0,1,1,0,0,1,0,0
Jakarta Utara,Kecamatan Tanjung Priok,1.0,4600000.0,0.0,0.0,0.0,Kos Campur,12.0,0,1,1,0,1,1,1,1,1,1,0,0,0,0,0,0,0,0,0,1,0,0,0,0,0,0,0,1,0
