region,room_availability_bs,price,rating,rating_count,transaction_count,tipe_kos,room_area,is_discount,is_electricity,is_kamar_mandi_dalam,is_kloset_duduk,fac_keamanan,fac_sirkulasi_udara,fac_parkir_motor,fac_parkir_mobil,fac_ruang_bersama,fac_layanan_kebersihan,fac_area_jemur,is_full_furnished,fac_ac,fac_tv,fac_bantal,fac_cermin,fac_shower,fac_air_panas,fac_wifi,fac_kulkas,fac_dapur,fac_dispenser,fac_kipas_angin,fac_kursi,fac_guling,fac_wastafel,fac_ember_mandi,fac_mesin_cuci,fac_bak_mandi
Jakarta Barat,1.00,3100000.00,0.00,0.00,0.00,Kos Campur,12.00,1,0,1,1,1,1,1,0,1,1,1,1,1,1,1,1,1,1,1,1,1,1,0,0,0,0,0,0,0
Jakarta Utara,0.00,700000.00,0.00,0.00,0.00,Kos Putra,9.00,0,1,0,0,1,1,0,0,0,1,1,1,0,0,1,1,0,0,0,1,1,0,1,0,0,0,0,0,0
Jakarta Selatan,0.00,3500000.00,4.00,5.00,22.00,Kos Campur,15.00,0,0,1,1,1,0,1,0,1,1,1,1,1,1,1,1,1,1,1,1,1,1,0,1,1,1,0,0,0
Jakarta Selatan,0.00,3800000.00,0.00,0.00,13.00,Kos Campur,16.00,1,0,1,0,1,1,1,0,0,0,0,0,1,1,1,1,1,1,1,1,1,1,0,0,1,1,0,0,0
Jakarta Selatan,0.00,4000000.00,3.60,1.00,12.00,Kos Campur,27.60,1,0,1,1,1,1,1,1,1,1,1,1,1,1,1,1,1,1,1,1,1,1,0,0,1,1,0,0,0
Jakarta Utara,0.00,3500000.00,0.00,0.00,0.00,Kos Campur,20.00,0,0,1,1,1,1,1,0,1,0,0,1,1,1,1,1,1,1,1,1,1,1,0,0,0,1,0,0,0
Jakarta Utara,0.00,2200000.00,5.00,1.00,2.00,Kos Campur,12.00,0,0,1,1,1,1,1,0,1,0,0,1,1,0,1,1,1,0,1,1,1,1,0,1,1,1,0,0,0
Jakarta Utara,3.00,800000.00,0.00,0.00,0.00,Kos Campur,6.00,0,1,0,0,0,0,0,0,0,0,0,0,0,0,0,0,0,0,0,0,0,0,1,0,0,0,1,0,0
Jakarta Barat,2.00,2180000.00,4.60,31.00,81.00,Kos Campur,8.00,1,0,1,1,1,0,1,0,1,1,1,1,1,0,1,1,1,1,1,1,1,1,0,1,1,1,1,0,0
Jakarta Barat,1.00,880000.00,0.00,0.00,0.00,Kos Putri,12.00,0,0,1,0,0,0,1,0,1,0,1,0,0,0,0,0,0,0,1,0,1,0,1,0,0,0,1,0,0
Jakarta Utara,1.00,1600000.00,0.00,0.00,4.00,Kos Putri,12.00,0,0,1,1,1,1,1,0,1,1,1,1,1,0,0,0,1,0,1,1,0,0,0,0,0,0,0,1,0
Jakarta Utara,2.00,1450000.00,0.00,0.00,0.00,Kos Campur,12.00,1,1,0,0,0,0,1,1,1,0,0,0,1,0,0,0,1,0,0,1,1,0,0,0,0,0,1,0,0
Jakarta Timur,2.00,1400000.00,0.00,0.00,1.00,Kos Putri,12.00,0,0,1,0,0,0,1,0,0,1,1,1,1,0,0,0,0,0,0,0,0,0,0,1,0,0,0,0,0
Jakarta Timur,2.00,1400000.00,0.00,0.00,1.00,Kos Putri,12.00,0,0,1,0,0,0,1,0,0,1,1,1,1,0,0,0,0,0,0,0,0,0,0,1,0,0,0,0,0
Jakarta Timur,2.00,1400000.00,0.00,0.00,1.00,Kos Putri,12.00,0,0,1,0,0,0,1,0,0,1,1,1,1,0,0,0,0,0,0,0,0,0,0,1,0,0,0,0,0
Jakarta Timur,2.00,1400000.00,0.00,0.00,1.00,Kos Putri,12.00,0,0,1,0,0,0,1,0,0,1,1,1,1,0,0,0,0,0,0,0,0,0,0,1,0,0,0,0,0
Jakarta Timur,0.00,1850000.00,0.00,0.00,0.00,Kos Putri,12.00,1,0,1,1,1,1,1,0,1,1,1,1,1,0,1,1,1,1,1,1,1,1,0,1,0,0,0,0,0
Jakarta Timur,0.00,1850000.00,0.00,0.00,0.00,Kos Putri,12.00,1,0,1,1,1,1,1,0,1,1,1,1,1,0,1,1,1,1,1,1,1,1,0,1,0,0,0,0,0
Jakarta Timur,0.00,1850000.00,0.00,0.00,0.00,Kos Putri,12.00,1,0,1,1,1,1,1,0,1,1,1,1,1,0,1,1,1,1,1,1,1,1,0,1,0,0,0,0,0
Jakarta Utara,1.00,2100000.00,0.00,0.00,0.00,Kos Campur,12.00,0,0,1,0,1,1,1,0,0,0,1,1,1,0,1,1,1,0,1,0,0,0,0,1,0,1,0,0,0
Jakarta Utara,1.00,2200000.00,3.40,1.00,1.00,Kos Campur,16.00,0,0,1,1,1,1,1,0,0,0,1,1,1,0,1,1,1,1,1,0,0,0,0,1,0,1,0,0,0
Jakarta Utara,0.00,1500000.00,0.00,0.00,2.00,Kos Campur,9.00,1,0,1,1,1,0,1,0,0,0,0,1,1,0,1,0,1,0,1,0,0,0,1,0,0,1,0,0,0
Jakarta Timur,1.00,2200000.00,0.00,0.00,0.00,Kos Putri,13.50,0,0,1,1,0,0,1,0,1,0,1,0,1,0,0,0,1,0,0,0,0,1,0,0,0,0,1,0,0
Jakarta Timur,3.00,1500000.00,0.00,0.00,0.00,Kos Putri,9.00,0,0,1,1,1,1,1,0,1,0,1,0,1,0,1,0,1,0,1,0,0,0,0,0,0,0,0,0,0
Jakarta Utara,0.00,1400000.00,0.00,0.00,0.00,Kos Putri,9.00,0,0,1,1,1,0,1,0,1,1,1,1,1,1,1,0,0,0,1,1,1,0,0,0,1,0,1,0,0
Jakarta Timur,1.00,1500000.00,0.00,0.00,2.00,Kos Putri,12.00,0,0,1,1,1,1,1,0,1,0,1,1,1,1,1,1,1,0,1,1,0,0,0,0,1,0,0,0,0
Jakarta Timur,1.00,1500000.00,0.00,0.00,2.00,Kos Putri,12.00,0,0,1,1,1,1,1,0,1,0,1,1,1,1,1,1,1,0,1,1,0,0,0,0,1,0,0,0,0
Jakarta Timur,1.00,1500000.00,0.00,0.00,2.00,Kos Putri,12.00,0,0,1,1,1,1,1,0,1,0,1,1,1,1,1,1,1,0,1,1,0,0,0,0,1,0,0,0,0
Jakarta Timur,1.00,1500000.00,0.00,0.00,2.00,Kos Putri,12.00,0,0,1,1,1,1,1,0,1,0,1,1,1,1,1,1,1,0,1,1,0,0,0,0,1,0,0,0,0
Jakarta Timur,1.00,1500000.00,0.00,0.00,2.00,Kos Putri,12.00,0,0,1,1,1,1,1,0,1,0,1,1,1,1,1,1,1,0,1,1,0,0,0,0,1,0,0,0,0
Jakarta Barat,0.00,2600000.00,0.00,0.00,3.00,Kos Campur,16.00,0,0,1,1,1,0,1,1,1,1,1,1,1,1,0,0,1,1,1,1,1,0,0,1,0,0,0,0,0
Jakarta Barat,1.00,2400000.00,4.40,4.00,3.00,Kos Campur,12.00,0,0,1,1,1,0,1,1,1,1,1,1,1,1,0,0,1,1,1,1,1,0,0,1,0,0,0,0,0
Jakarta Pusat,0.00,1325000.00,4.30,11.00,23.00,Kos Putri,7.92,1,0,0,1,1,1,1,0,0,1,1,0,1,0,1,0,1,0,1,0,1,0,0,0,0,0,0,0,0
Jakarta Timur,0.00,855000.00,0.00,0.00,0.00,Kos Campur,7.29,1,1,0,1,1,0,1,1,1,1,1,1,0,1,1,0,0,0,1,0,1,1,0,0,1,0,1,0,0
Jakarta Pusat,1.00,1235000.00,4.80,7.00,8.00,Kos Putra,17.60,1,0,0,1,1,0,1,0,1,0,0,1,1,0,0,0,0,0,1,0,1,0,0,1,0,0,0,0,0
Jakarta Pusat,0.00,1140000.00,4.80,4.00,9.00,Kos Putra,12.00,1,0,0,1,1,1,1,0,1,0,1,1,1,0,0,0,0,0,1,0,1,0,1,1,0,0,0,0,0
Jakarta Pusat,0.00,760000.00,4.80,21.00,35.00,Kos Putra,9.00,1,0,0,1,1,1,1,0,1,0,1,0,0,0,1,0,0,0,1,0,1,0,0,0,0,0,0,0,1
Jakarta Selatan,0.00,927500.00,4.80,9.00,17.00,Kos Campur,6.44,1,0,0,1,1,0,1,1,1,0,1,0,0,0,0,0,0,0,1,0,1,0,0,0,0,0,0,0,0
Jakarta Pusat,0.00,1083000.00,5.00,4.00,8.00,Kos Putri,5.67,1,1,0,1,1,1,1,0,1,0,1,1,0,1,1,0,1,0,1,1,1,0,1,1,0,0,1,0,1
Jakarta Pusat,0.00,1037000.00,4.80,6.00,12.00,Kos Putri,4.41,1,1,0,1,1,0,1,0,1,0,1,1,0,1,1,0,1,0,1,1,1,0,1,1,0,0,1,0,1
Jakarta Pusat,0.00,975000.00,4.80,13.00,19.00,Kos Putri,5.04,1,1,0,1,1,0,1,0,1,0,1,1,0,1,1,0,1,0,1,1,1,0,1,1,0,0,1,0,1
Jakarta Pusat,0.00,925000.00,4.50,7.00,10.00,Kos Putri,4.50,1,1,0,1,1,0,1,0,1,0,1,1,0,1,1,0,1,0,1,1,1,0,1,1,0,0,1,0,1
Jakarta Barat,0.00,1725000.00,4.60,8.00,27.00,Kos Campur,14.40,1,0,1,1,1,0,1,0,1,0,1,0,1,0,0,0,1,0,1,0,1,0,0,0,0,0,0,0,0
Jakarta Barat,1.00,825000.00,4.60,32.00,80.00,Kos Putra,9.25,1,1,0,1,1,0,1,0,1,0,1,0,0,0,0,0,1,0,1,0,1,0,0,0,0,0,0,0,0
Jakarta Timur,1.00,1355000.00,0.00,0.00,0.00,Kos Campur,10.00,1,0,1,1,1,1,1,0,0,0,0,0,1,0,1,1,1,0,1,0,0,0,0,0,0,0,0,0,0
Jakarta Timur,1.00,1355000.00,0.00,0.00,0.00,Kos Campur,10.00,1,0,1,1,1,1,1,0,0,0,0,0,1,0,1,1,1,0,1,0,0,0,0,0,0,0,0,0,0
Jakarta Timur,1.00,1355000.00,0.00,0.00,0.00,Kos Campur,10.00,1,0,1,1,1,1,1,0,0,0,0,0,1,0,1,1,1,0,1,0,0,0,0,0,0,0,0,0,0
Jakarta Timur,1.00,1355000.00,0.00,0.00,0.00,Kos Campur,10.00,1,0,1,1,1,1,1,0,0,0,0,0,1,0,1,1,1,0,1,0,0,0,0,0,0,0,0,0,0
Jakarta Timur,1.00,1355000.00,0.00,0.00,0.00,Kos Campur,10.00,1,0,1,1,1,1,1,0,0,0,0,0,1,0,1,1,1,0,1,0,0,0,0,0,0,0,0,0,0
Jakarta Pusat,0.00,1380000.00,0.00,0.00,1.00,Kos Putri,9.00,1,1,0,0,0,0,1,0,0,0,0,0,1,0,1,0,0,0,1,0,1,0,0,0,0,0,0,0,0
Jakarta Pusat,0.00,1196000.00,0.00,0.00,0.00,Kos Putri,10.80,1,1,1,1,0,0,1,0,0,0,0,0,0,0,1,0,0,0,1,0,1,0,0,0,0,0,0,0,0
Jakarta Pusat,0.00,1300000.00,5.00,3.00,8.00,Kos Putri,9.00,1,1,1,1,0,0,1,0,0,0,0,0,0,0,1,0,0,0,1,0,1,0,0,0,0,0,0,0,0
Jakarta Pusat,0.00,1100000.00,4.90,40.00,85.00,Kos Putri,9.00,1,1,0,0,0,1,1,0,0,0,0,0,0,0,1,0,0,0,1,0,1,0,0,0,0,0,0,0,0
Jakarta Barat,0.00,1279000.00,0.00,0.00,15.00,Kos Campur,9.00,1,0,1,0,1,1,1,0,0,0,1,1,0,0,1,0,1,0,1,0,0,0,0,0,0,0,1,0,0
Jakarta Selatan,0.00,2025000.00,0.00,0.00,2.00,Kos Putri,14.00,1,0,0,1,1,1,1,0,1,1,1,1,1,1,0,0,1,0,1,1,1,0,0,1,0,0,0,0,0
Jakarta Selatan,0.00,1875000.00,0.00,0.00,2.00,Kos Putri,12.00,1,0,0,1,1,1,1,0,1,1,1,1,1,1,0,0,1,0,1,1,1,0,0,1,0,0,0,0,0
Jakarta Selatan,0.00,1681000.00,5.00,2.00,1.00,Kos Putri,8.00,1,0,1,1,1,1,1,0,1,1,1,1,1,1,0,0,1,0,1,1,1,0,0,1,0,0,0,0,0
Jakarta Selatan,0.00,1725000.00,5.00,3.00,10.00,Kos Putri,6.90,1,0,0,1,1,1,1,0,1,1,1,1,1,1,0,0,1,0,1,1,1,0,0,1,0,0,0,0,0
Jakarta Selatan,0.00,1725000.00,4.60,9.00,10.00,Kos Campur,6.00,0,1,1,1,0,1,1,0,0,1,1,1,1,0,1,1,1,0,1,1,1,0,0,1,1,0,0,0,0
Jakarta Selatan,0.00,1725000.00,4.80,13.00,18.00,Kos Putri,12.00,0,0,0,0,0,1,1,1,1,0,1,1,1,0,1,1,0,0,1,0,1,0,0,1,1,0,0,0,1
Jakarta Selatan,1.00,1375000.00,4.80,65.00,128.00,Kos Putri,12.00,0,1,0,0,0,1,1,1,1,0,1,1,0,0,1,1,0,0,1,0,1,0,0,1,1,0,0,0,1
Jakarta Timur,3.00,811440.00,5.00,3.00,8.00,Kos Campur,9.00,1,1,0,0,0,1,1,0,1,1,1,0,0,0,1,0,0,0,1,1,1,0,1,0,0,0,0,1,1
Jakarta Selatan,2.00,1225000.00,4.80,13.00,24.00,Kos Putri,12.00,0,1,1,0,1,1,1,0,0,0,1,1,1,0,1,0,0,0,1,0,1,0,0,1,1,0,1,0,0
Jakarta Pusat,0.00,1525000.00,4.60,11.00,34.00,Kos Putra,5.00,0,1,0,1,0,0,1,0,0,0,1,1,1,0,1,0,1,0,1,0,0,0,0,1,1,0,1,0,0
Jakarta Timur,0.00,853000.00,4.90,2.00,5.00,Kos Putri,8.80,1,0,0,1,1,1,1,0,1,1,1,1,0,0,1,0,0,0,1,0,1,0,1,1,0,0,0,0,1
Jakarta Timur,0.00,853000.00,4.90,2.00,5.00,Kos Putri,8.80,1,0,0,1,1,1,1,0,1,1,1,1,0,0,1,0,0,0,1,0,1,0,1,1,0,0,0,0,1
Jakarta Timur,0.00,853000.00,4.90,2.00,5.00,Kos Putri,8.80,1,0,0,1,1,1,1,0,1,1,1,1,0,0,1,0,0,0,1,0,1,0,1,1,0,0,0,0,1
Jakarta Timur,0.00,853000.00,4.90,2.00,5.00,Kos Putri,8.80,1,0,0,1,1,1,1,0,1,1,1,1,0,0,1,0,0,0,1,0,1,0,1,1,0,0,0,0,1
Jakarta Timur,0.00,975000.00,4.30,4.00,1.00,Kos Campur,9.00,1,0,1,0,1,1,1,0,0,0,0,0,0,0,1,0,0,0,1,0,0,0,0,0,0,0,0,0,0
Jakarta Pusat,1.00,1525000.00,4.60,22.00,49.00,Kos Campur,10.00,0,0,0,1,1,1,1,0,0,1,1,1,1,0,1,1,1,0,1,1,1,0,0,1,0,0,0,1,0
Jakarta Pusat,0.00,1275000.00,4.50,7.00,14.00,Kos Campur,10.00,0,0,0,1,1,1,1,0,0,1,1,0,0,0,1,1,1,0,1,1,1,0,0,0,0,0,0,1,0
Jakarta Utara,1.00,1615000.00,5.00,1.00,1.00,Kos Campur,16.65,1,0,1,0,1,1,1,0,1,0,1,1,1,0,1,0,1,0,1,0,1,0,1,1,1,0,1,0,0
Jakarta Utara,0.00,1140000.00,0.00,0.00,6.00,Kos Campur,12.00,1,0,1,0,1,1,1,0,1,0,1,1,0,0,1,0,1,0,1,0,1,0,1,1,1,0,1,0,0
Jakarta Utara,1.00,1012000.00,4.60,4.00,19.00,Kos Campur,8.75,1,0,1,0,1,1,1,0,1,0,1,1,0,0,1,0,1,0,1,0,1,0,1,1,1,0,1,0,0
Jakarta Utara,2.00,1450000.00,0.00,0.00,0.00,Kos Campur,8.75,1,0,1,0,1,1,1,0,1,0,1,1,1,0,1,0,1,0,1,0,1,0,0,1,0,0,1,0,0
Jakarta Timur,1.00,775000.00,4.90,3.00,8.00,Kos Putra,80.00,1,1,1,0,1,1,1,0,0,0,1,0,0,0,1,0,0,0,1,0,1,0,0,0,1,0,1,0,0
Jakarta Barat,0.00,927500.00,4.90,13.00,36.00,Kos Putra,9.00,1,0,0,0,1,1,1,0,0,0,1,1,0,0,1,0,0,0,1,0,0,0,1,1,0,0,1,0,0
Jakarta Barat,0.00,1070000.00,4.80,51.00,80.00,Kos Campur,6.00,1,1,0,0,0,1,1,0,1,0,1,1,0,0,1,0,0,0,1,0,0,0,0,1,0,0,1,0,1
Jakarta Barat,0.00,1307500.00,4.80,4.00,6.00,Kos Campur,6.00,1,1,1,0,0,1,1,0,1,0,1,1,0,0,1,0,0,0,1,0,0,0,0,1,0,0,1,0,0
Jakarta Pusat,2.00,1313000.00,4.60,3.00,4.00,Kos Putri,9.00,1,0,0,1,0,1,0,0,0,0,0,0,1,0,1,0,1,0,0,0,0,0,0,0,1,0,1,0,0
Jakarta Pusat,2.00,991000.00,4.60,9.00,13.00,Kos Putri,9.00,1,1,0,1,1,1,1,0,0,0,1,0,0,0,1,0,1,0,1,0,0,0,1,0,1,0,1,0,0
Jakarta Timur,0.00,799250.00,4.60,35.00,63.00,Kos Campur,6.25,1,1,0,0,0,1,1,0,0,0,1,1,0,0,1,0,0,0,1,0,1,0,0,0,0,0,1,0,0
Jakarta Pusat,1.00,1450000.00,4.40,4.00,7.00,Kos Campur,12.00,1,0,1,1,1,1,1,0,1,0,1,1,1,0,1,1,1,0,1,0,1,0,0,0,0,0,1,0,0
Jakarta Pusat,0.00,1355000.00,5.00,1.00,2.00,Kos Campur,9.00,1,0,1,1,1,1,1,0,1,0,1,1,1,0,1,0,1,0,1,0,1,0,0,0,0,0,1,0,0
Jakarta Pusat,3.00,1325000.00,4.80,3.00,9.00,Kos Campur,10.20,1,0,0,1,1,1,1,0,1,0,1,1,1,1,1,0,1,0,1,0,1,0,0,0,0,0,1,0,0
Jakarta Pusat,0.00,1212500.00,4.90,6.00,18.00,Kos Campur,10.50,1,0,1,0,1,1,1,0,1,0,1,1,1,0,1,0,0,0,1,0,1,0,0,0,0,0,1,0,0
Jakarta Pusat,0.00,825000.00,5.00,1.00,14.00,Kos Campur,7.50,1,0,0,0,1,1,1,0,1,0,1,0,0,0,1,0,0,0,1,0,1,0,0,0,0,0,1,0,0
Jakarta Pusat,1.00,875000.00,5.00,3.00,6.00,Kos Putra,8.40,1,1,0,1,0,1,1,0,0,0,1,0,0,0,1,0,0,0,1,0,0,0,0,0,1,0,1,0,0
Jakarta Utara,0.00,1313000.00,4.90,1.00,1.00,Kos Campur,10.08,1,0,1,0,1,1,1,0,0,0,0,0,0,0,1,0,0,0,1,0,0,0,0,0,0,0,0,0,0
Jakarta Utara,0.00,1221000.00,4.30,3.00,3.00,Kos Campur,12.96,1,0,1,0,1,1,1,0,0,0,0,0,0,0,1,0,0,0,1,0,0,0,0,0,0,0,0,0,0
Jakarta Utara,0.00,945000.00,5.00,1.00,4.00,Kos Campur,10.08,1,0,0,0,1,1,1,0,0,0,0,0,0,0,1,0,0,0,1,0,0,0,0,0,0,0,0,0,0
Jakarta Utara,0.00,2605000.00,4.90,1.00,4.00,Kos Campur,4.80,0,0,1,1,1,1,1,1,1,0,1,1,1,0,1,1,1,1,1,0,1,0,0,1,1,1,0,0,0
Jakarta Barat,0.00,1129000.00,4.80,12.00,25.00,Kos Campur,8.10,1,0,0,1,1,0,1,1,0,0,1,1,1,0,0,0,0,0,1,0,1,0,0,1,0,0,1,0,0
Jakarta Barat,2.00,1345000.00,4.80,16.00,42.00,Kos Putra,10.80,1,0,0,1,1,1,1,1,1,0,1,1,1,0,1,0,1,0,1,0,1,1,0,0,1,1,0,0,0
Jakarta Pusat,0.00,1325000.00,4.60,4.00,7.00,Kos Putra,12.00,1,1,1,1,1,1,1,0,1,0,1,0,0,0,1,1,1,0,1,0,0,0,1,0,1,0,0,0,0
Jakarta Pusat,0.00,875000.00,5.00,3.00,9.00,Kos Putra,9.00,1,1,0,0,1,1,1,0,1,0,1,0,0,0,1,1,0,0,1,0,0,0,1,0,1,1,0,0,0
Jakarta Selatan,0.00,1350000.00,5.00,15.00,29.00,Kos Putri,8.91,0,1,1,0,1,1,1,0,0,0,1,0,0,0,1,0,0,0,1,0,1,0,0,0,0,0,0,0,0
Jakarta Pusat,2.00,1355000.00,4.50,12.00,24.00,Kos Putra,7.00,1,0,0,0,1,1,1,0,0,0,1,1,1,0,1,0,1,0,1,0,0,0,0,0,0,0,1,0,0
Jakarta Timur,0.00,927500.00,4.80,8.00,19.00,Kos Putra,5.67,1,1,0,0,1,1,1,1,1,0,1,1,0,0,1,0,0,0,1,0,1,0,1,1,1,0,1,0,0
Jakarta Timur,1.00,1165000.00,5.00,1.00,2.00,Kos Putra,9.00,1,1,1,0,1,0,1,1,1,0,1,0,0,0,1,0,0,0,1,0,1,0,1,0,1,1,1,0,0
Jakarta Pusat,0.00,1900000.00,4.80,19.00,39.00,Kos Campur,12.25,1,0,1,1,1,1,1,1,1,1,0,1,1,0,1,1,1,1,1,0,1,0,0,1,1,1,0,0,0
Jakarta Pusat,0.00,1650000.00,4.80,14.00,19.00,Kos Campur,9.00,1,0,1,1,1,1,1,1,1,1,0,1,1,0,1,0,1,1,1,0,1,0,0,1,1,1,1,0,0
Jakarta Pusat,1.00,1187500.00,4.60,45.00,76.00,Kos Campur,12.25,1,0,1,1,1,1,1,1,1,1,0,1,1,0,1,0,1,1,1,0,1,0,0,1,1,1,0,0,0
Jakarta Selatan,0.00,1405000.00,4.90,3.00,10.00,Kos Campur,8.50,1,0,1,1,1,0,1,0,0,0,0,1,1,0,1,0,1,0,1,1,1,1,0,0,0,1,0,0,0
Jakarta Selatan,0.00,1165000.00,4.80,4.00,10.00,Kos Campur,9.57,1,0,0,1,1,1,1,0,0,1,1,1,0,0,1,0,1,0,1,0,1,0,0,1,0,0,1,0,0
Jakarta Timur,0.00,855000.00,4.40,1.00,10.00,Kos Campur,8.64,1,1,0,0,1,1,1,0,0,0,0,0,0,0,1,0,0,0,1,0,1,0,0,0,0,0,1,0,0
Jakarta Pusat,0.00,1212500.00,4.50,2.00,5.00,Kos Campur,14.00,1,1,1,0,1,1,1,0,0,0,1,0,0,0,1,1,0,0,1,1,1,0,0,0,0,1,0,0,0
Jakarta Pusat,0.00,875000.00,4.60,27.00,50.00,Kos Campur,6.25,1,1,0,0,1,1,1,0,0,0,1,0,0,0,1,1,0,0,1,1,1,0,0,0,0,0,1,0,1
Jakarta Timur,0.00,1105000.00,0.00,0.00,4.00,Kos Campur,7.29,1,0,0,0,0,0,1,0,0,0,0,0,1,0,1,1,0,0,1,0,1,0,0,0,0,0,1,0,0
Jakarta Timur,2.00,835000.00,0.00,0.00,2.00,Kos Campur,7.29,1,0,0,0,0,0,1,0,0,0,0,0,0,0,1,0,0,0,1,0,1,0,1,0,0,0,1,0,0
Jakarta Selatan,0.00,725000.00,4.90,25.00,44.00,Kos Putra,4.40,1,1,0,0,1,1,1,0,0,0,1,1,0,0,1,1,0,0,1,0,1,0,1,0,1,0,1,0,0
Jakarta Selatan,0.00,1022500.00,4.40,6.00,10.00,Kos Campur,7.50,1,0,1,0,1,0,1,0,0,0,0,0,0,0,0,0,0,0,1,0,0,0,1,0,0,0,0,0,0
Jakarta Selatan,2.00,900000.00,4.60,18.00,29.00,Kos Putri,8.75,1,1,0,1,0,1,1,0,1,1,1,0,0,0,1,1,1,0,1,0,1,0,0,0,0,0,0,0,0
Jakarta Pusat,0.00,1475000.00,4.60,11.00,23.00,Kos Putri,8.96,1,1,0,0,0,1,1,0,1,1,1,1,0,1,1,1,0,0,1,1,1,1,1,0,1,0,1,0,0
Jakarta Pusat,0.00,1640000.00,4.80,15.00,34.00,Kos Putri,9.00,1,0,0,0,0,0,0,0,0,0,0,0,0,0,0,0,0,0,0,0,0,0,0,0,0,0,0,0,0
Jakarta Pusat,0.00,1865000.00,4.80,9.00,15.00,Kos Putri,13.50,1,0,1,0,0,0,1,0,1,1,1,1,1,1,1,1,0,0,1,1,1,1,0,0,1,0,1,0,0
Jakarta Barat,1.00,870500.00,4.90,35.00,55.00,Kos Campur,5.00,1,1,0,0,0,0,1,1,0,0,1,0,0,0,1,0,1,0,1,0,0,0,1,0,0,0,0,0,0
Jakarta Barat,0.00,805000.00,4.80,23.00,40.00,Kos Campur,3.20,1,1,0,0,0,0,1,1,0,0,1,0,0,0,1,0,1,0,1,0,0,0,1,0,0,0,0,0,0
Jakarta Pusat,1.00,1975000.00,0.00,0.00,0.00,Kos Campur,8.64,1,1,0,1,1,1,1,0,1,1,1,1,1,0,1,1,0,0,1,1,0,1,0,0,1,0,1,0,0
Jakarta Pusat,0.00,1725000.00,0.00,0.00,0.00,Kos Campur,5.50,1,1,0,1,1,1,1,0,1,1,1,1,0,0,1,1,0,0,1,1,0,1,1,0,1,0,1,0,0
Jakarta Pusat,1.00,1975000.00,4.60,4.00,13.00,Kos Campur,20.00,1,0,1,0,0,1,1,1,1,0,1,0,1,0,1,0,0,0,1,0,1,0,0,0,1,0,1,0,0
Jakarta Pusat,0.00,1690000.00,4.80,12.00,23.00,Kos Campur,9.00,1,0,1,0,0,1,1,1,1,0,1,0,1,0,1,0,0,0,1,0,1,0,0,0,1,0,1,0,0
Jakarta Pusat,3.00,1357500.00,4.80,35.00,57.00,Kos Campur,9.00,1,0,1,0,0,1,1,1,1,0,1,0,0,0,1,0,0,0,1,0,1,0,0,0,1,0,1,0,0
Jakarta Pusat,2.00,1025000.00,4.80,21.00,37.00,Kos Campur,9.00,1,0,0,0,0,1,1,1,1,0,1,0,0,0,1,0,0,0,1,0,1,0,0,0,1,0,1,0,0
Jakarta Pusat,1.00,1045000.00,4.80,46.00,84.00,Kos Campur,9.00,1,1,0,0,1,1,1,1,1,1,0,0,0,0,1,0,1,0,1,0,1,0,1,0,1,1,1,0,1
Jakarta Pusat,2.00,1140000.00,4.60,42.00,65.00,Kos Campur,12.00,1,1,0,0,1,1,1,1,1,1,0,0,0,0,1,0,1,0,1,0,1,0,1,0,1,1,1,0,1
Jakarta Pusat,0.00,1710000.00,4.50,12.00,22.00,Kos Campur,9.00,1,1,1,0,1,1,1,1,1,1,0,0,1,0,1,0,1,0,1,0,1,0,0,0,1,1,1,0,1
Jakarta Pusat,2.00,902500.00,4.60,20.00,35.00,Kos Campur,9.00,1,1,0,0,1,0,1,1,1,1,0,0,0,0,1,0,1,0,1,0,1,0,1,0,1,1,1,0,1
Jakarta Pusat,0.00,1757500.00,4.60,19.00,35.00,Kos Campur,12.00,1,1,1,0,1,1,1,1,1,1,0,0,1,0,1,0,1,0,1,0,1,0,0,0,1,1,1,0,1
Jakarta Selatan,0.00,1307500.00,4.80,4.00,8.00,Kos Putri,6.72,1,0,0,1,0,1,1,1,0,1,0,0,0,0,1,1,0,0,1,0,1,0,0,0,0,0,0,0,0
Jakarta Selatan,1.00,925000.00,4.90,6.00,12.00,Kos Putra,10.50,1,1,0,0,0,0,1,0,1,0,1,1,0,0,1,0,0,0,1,0,1,0,1,1,1,0,1,0,0
Jakarta Timur,0.00,855000.00,5.00,5.00,13.00,Kos Putri,6.75,1,0,0,0,1,1,1,0,1,0,1,0,0,0,1,1,1,0,1,0,0,0,0,0,1,0,1,0,0
Jakarta Timur,0.00,1355000.00,4.50,3.00,6.00,Kos Campur,5.95,1,0,1,1,1,1,1,0,1,0,1,0,1,0,1,1,0,0,1,0,1,0,0,0,1,0,0,0,0
Jakarta Timur,0.00,1355000.00,4.50,3.00,6.00,Kos Campur,5.95,1,0,1,1,1,1,1,0,1,0,1,0,1,0,1,1,0,0,1,0,1,0,0,0,1,0,0,0,0
Jakarta Timur,0.00,1355000.00,4.50,3.00,6.00,Kos Campur,5.95,1,0,1,1,1,1,1,0,1,0,1,0,1,0,1,1,0,0,1,0,1,0,0,0,1,0,0,0,0
Jakarta Timur,0.00,1355000.00,4.50,3.00,6.00,Kos Campur,5.95,1,0,1,1,1,1,1,0,1,0,1,0,1,0,1,1,0,0,1,0,1,0,0,0,1,0,0,0,0
Jakarta Timur,0.00,1165000.00,3.50,1.00,4.00,Kos Campur,8.75,1,0,1,0,0,1,1,0,0,0,1,0,0,0,1,1,0,0,1,0,0,0,0,0,1,0,1,0,0
Jakarta Timur,1.00,975000.00,4.90,3.00,15.00,Kos Campur,8.75,1,0,1,0,0,1,1,0,0,0,1,0,0,0,1,1,0,0,1,0,0,0,0,0,1,0,1,0,0
Jakarta Pusat,1.00,1625000.00,0.00,0.00,2.00,Kos Putri,10.24,1,0,1,0,1,1,1,0,1,0,1,0,1,0,1,0,0,0,1,0,0,0,0,0,0,0,0,0,0
Jakarta Pusat,1.00,1125000.00,4.90,3.00,7.00,Kos Putri,10.24,0,0,1,0,1,1,1,0,1,0,1,0,0,0,1,0,0,0,1,0,0,0,0,0,0,0,0,0,0
Jakarta Pusat,0.00,825000.00,5.00,4.00,6.00,Kos Putri,6.00,0,0,1,0,1,1,1,0,1,0,1,0,0,0,1,0,0,0,1,0,0,0,0,0,0,0,0,0,0
Jakarta Barat,1.00,991000.00,4.90,18.00,27.00,Kos Campur,4.86,1,0,0,1,0,1,1,0,1,1,0,1,0,0,1,0,0,0,1,0,0,0,0,1,1,0,1,0,0
Jakarta Barat,2.00,1425000.00,4.60,6.00,8.00,Kos Campur,11.00,1,0,0,1,0,0,1,0,1,1,0,1,1,0,1,1,0,0,1,0,0,0,0,1,1,0,1,0,0
Jakarta Timur,0.00,1165000.00,5.00,1.00,3.00,Kos Putri,11.47,1,1,0,1,1,1,1,0,0,0,1,0,1,0,1,0,0,0,1,0,0,0,0,1,1,0,1,0,0
Jakarta Selatan,1.00,1325000.00,4.40,16.00,27.00,Kos Putra,5.10,1,1,0,1,1,1,1,1,1,0,1,1,0,1,1,1,1,0,1,1,1,1,1,1,0,1,1,0,0
Jakarta Pusat,0.00,1212500.00,4.60,24.00,59.00,Kos Campur,5.67,1,0,0,0,1,1,1,0,0,0,0,0,1,0,1,1,0,0,1,0,0,0,0,0,0,0,1,0,0
Jakarta Pusat,0.00,1203000.00,4.80,9.00,12.00,Kos Campur,8.00,1,0,0,0,1,1,1,1,0,0,1,0,1,0,1,0,1,0,1,0,1,0,0,0,0,0,0,0,0
Jakarta Pusat,0.00,1298000.00,4.90,6.00,10.00,Kos Campur,8.00,1,0,0,0,1,1,1,1,0,0,1,0,1,0,1,0,1,0,1,0,1,0,0,0,0,0,0,0,0
Jakarta Pusat,0.00,1535500.00,4.80,50.00,95.00,Kos Campur,8.00,1,0,0,0,1,1,1,1,0,0,1,0,1,0,1,0,1,0,1,0,1,0,0,0,0,0,0,0,0
Jakarta Pusat,0.00,1583000.00,4.80,16.00,25.00,Kos Campur,8.00,1,0,0,0,1,1,1,0,0,0,1,0,1,0,1,0,1,0,1,0,1,0,0,0,0,0,0,0,0
Jakarta Pusat,0.00,1733100.00,0.00,0.00,0.00,Kos Campur,16.20,1,0,0,1,1,0,1,0,0,1,1,1,1,0,1,0,0,0,1,0,0,0,0,1,0,0,1,0,0
Jakarta Pusat,0.00,1323000.00,0.00,0.00,7.00,Kos Campur,8.64,1,0,0,1,1,0,1,0,0,1,1,1,1,0,0,0,0,0,1,0,0,0,0,1,0,0,1,0,0
Jakarta Pusat,1.00,923000.00,0.00,0.00,1.00,Kos Campur,8.64,1,0,0,1,1,0,1,0,0,1,1,1,0,0,1,0,0,0,1,0,0,0,0,1,0,0,1,0,0
Jakarta Timur,0.00,1355000.00,4.40,3.00,3.00,Kos Putri,7.00,1,1,1,0,1,1,1,0,1,0,1,0,1,1,1,0,1,0,1,1,1,1,0,0,1,0,1,0,0
Jakarta Timur,0.00,927500.00,4.80,39.00,53.00,Kos Putri,5.00,1,1,1,0,1,1,1,0,1,0,1,0,0,1,1,0,1,0,1,1,1,1,0,0,1,0,0,0,0
Jakarta Selatan,0.00,2685000.00,5.00,3.00,5.00,Kos Putri,10.50,1,1,1,1,1,0,1,1,0,0,0,1,1,1,1,1,1,1,1,0,1,1,0,1,1,1,0,0,0
Jakarta Selatan,0.00,1830000.00,4.90,4.00,12.00,Kos Putri,9.00,1,1,0,1,1,1,1,1,0,0,0,1,1,1,1,1,1,1,1,0,1,1,0,1,1,1,0,0,0
Jakarta Selatan,1.00,1735000.00,5.00,5.00,8.00,Kos Putri,9.00,1,1,0,1,1,1,1,1,0,0,0,1,1,1,1,1,1,1,1,0,1,1,0,1,1,1,0,0,0
Jakarta Timur,1.00,1117500.00,0.00,0.00,1.00,Kos Campur,6.00,1,0,0,0,1,1,1,0,1,0,1,0,1,0,1,0,0,0,1,1,1,0,0,0,1,0,1,0,0
Jakarta Timur,0.00,1022500.00,4.60,18.00,28.00,Kos Campur,9.00,1,0,1,0,1,1,1,0,1,0,1,0,1,0,1,1,0,0,1,1,1,0,0,0,1,0,1,0,0
Jakarta Timur,0.00,880000.00,4.60,21.00,27.00,Kos Campur,5.60,1,0,0,0,1,1,1,0,1,0,1,0,1,0,1,0,0,0,1,1,1,0,0,0,1,0,1,0,0
Jakarta Pusat,0.00,807500.00,4.50,1.00,14.00,Kos Campur,4.25,1,1,0,0,1,1,1,0,0,0,1,0,0,0,1,0,0,0,1,0,0,0,0,0,0,0,1,0,0
Jakarta Pusat,3.00,712500.00,4.60,5.00,31.00,Kos Campur,4.25,1,1,0,0,1,1,1,0,0,0,1,0,0,0,1,0,0,0,1,0,0,0,0,0,0,0,1,0,0
Jakarta Timur,1.00,1225000.00,5.00,3.00,11.00,Kos Putri,13.26,0,0,1,0,1,0,1,0,0,1,1,1,0,0,0,0,0,0,1,0,1,0,0,0,0,0,1,0,0
Jakarta Timur,0.00,925000.00,4.50,3.00,7.00,Kos Putri,9.00,0,0,0,0,1,0,1,0,0,1,1,1,0,0,0,0,0,0,1,0,1,0,0,0,0,0,0,0,1
Jakarta Pusat,0.00,1275000.00,4.40,10.00,30.00,Kos Campur,8.68,1,0,1,0,0,0,1,0,0,0,0,0,0,0,1,0,0,0,1,0,0,0,0,0,1,0,1,0,0
Jakarta Selatan,0.00,1200000.00,4.50,7.00,15.00,Kos Campur,12.25,0,1,1,0,1,1,1,0,1,0,0,1,0,0,1,1,0,0,1,0,0,0,0,0,0,0,1,0,0
Jakarta Selatan,2.00,700000.00,4.90,33.00,63.00,Kos Putri,7.84,1,1,0,0,1,1,1,1,1,1,0,1,0,1,1,0,1,0,1,0,1,0,0,1,0,0,1,0,0
Jakarta Barat,0.00,1155000.00,4.80,47.00,71.00,Kos Campur,9.00,0,0,1,1,1,1,1,0,1,0,1,0,0,0,1,0,0,0,1,1,1,0,1,0,0,0,1,0,0
Jakarta Barat,0.00,761000.00,4.80,8.00,12.00,Kos Campur,6.00,1,1,0,0,0,1,1,1,0,0,0,0,0,0,1,0,0,0,1,0,0,0,0,0,0,0,1,0,0
Jakarta Barat,2.00,738000.00,4.60,13.00,25.00,Kos Campur,4.00,1,1,0,0,0,1,1,1,0,0,0,0,0,0,1,0,0,0,1,0,0,0,0,0,0,0,1,0,0
Jakarta Pusat,0.00,1625000.00,4.60,10.00,26.00,Kos Putri,15.75,1,0,1,0,1,0,1,0,1,1,1,0,1,0,0,0,1,0,1,0,0,0,0,0,0,0,0,0,0
Jakarta Pusat,1.00,1425000.00,4.90,3.00,5.00,Kos Putri,15.75,0,0,1,0,1,0,1,0,1,1,1,0,0,0,0,0,1,0,1,0,0,0,0,0,0,0,0,0,0
Jakarta Selatan,0.00,1425000.00,4.90,3.00,5.00,Kos Putri,18.00,0,1,1,0,1,1,1,0,1,1,1,1,0,0,1,1,0,0,1,0,0,0,0,0,1,1,1,0,0
Jakarta Selatan,0.00,1315000.00,0.00,0.00,2.00,Kos Putri,10.50,0,1,1,0,1,1,1,0,1,1,1,1,0,0,1,1,0,0,1,0,0,0,0,0,1,0,1,0,0
Jakarta Selatan,0.00,1225000.00,4.80,7.00,17.00,Kos Putri,9.00,0,1,1,0,1,1,1,0,1,1,1,1,0,0,1,0,0,0,1,0,0,0,0,0,1,0,1,0,0
Jakarta Pusat,0.00,2125000.00,5.00,4.00,7.00,Kos Putri,11.84,1,0,1,1,1,1,1,0,0,0,1,1,1,0,1,1,1,0,1,0,0,0,0,0,0,1,0,0,0
Jakarta Pusat,0.00,2025000.00,4.90,2.00,4.00,Kos Putri,9.60,1,0,1,1,1,1,1,0,0,0,1,1,1,0,1,1,1,0,1,0,0,0,0,0,0,1,0,0,0
Jakarta Pusat,2.00,1451000.00,5.00,6.00,7.00,Kos Putri,10.24,1,0,0,0,1,0,1,0,0,0,1,0,1,0,0,0,0,0,1,0,0,0,0,0,0,0,0,0,0
Jakarta Barat,1.00,1275000.00,4.80,2.00,4.00,Kos Putri,7.13,1,0,0,1,1,1,1,0,1,0,1,1,1,1,1,0,1,0,1,1,1,0,0,1,1,0,1,0,0
Jakarta Pusat,1.00,1825000.00,4.60,14.00,33.00,Kos Campur,12.00,1,1,1,1,1,1,1,0,1,0,0,1,1,0,1,0,0,0,1,0,0,0,0,1,0,0,0,0,1
Jakarta Pusat,0.00,1405000.00,4.80,29.00,55.00,Kos Campur,9.00,1,1,1,0,1,1,1,0,1,0,0,1,0,0,1,0,0,0,1,0,0,0,0,1,0,0,0,0,0
Jakarta Timur,1.00,1273000.00,4.80,15.00,24.00,Kos Campur,7.50,1,0,0,1,1,1,1,1,0,1,1,1,1,0,1,0,1,0,1,0,0,0,0,1,0,0,1,0,0
Jakarta Timur,0.00,1085160.00,4.60,16.00,23.00,Kos Campur,7.50,1,0,0,1,1,1,1,1,0,1,1,1,1,0,1,0,1,0,1,0,0,0,1,1,0,0,1,0,0
Jakarta Timur,3.00,974000.00,4.40,16.00,19.00,Kos Campur,6.25,1,0,0,1,1,1,1,1,0,1,1,0,0,0,1,0,1,0,1,0,0,0,0,1,0,0,1,0,0
Jakarta Timur,1.00,674000.00,4.10,6.00,6.00,Kos Campur,6.25,1,0,0,1,1,0,1,1,0,1,1,0,0,0,0,0,1,0,1,0,0,0,0,1,0,0,0,0,0
Jakarta Barat,0.00,950000.00,4.80,22.00,45.00,Kos Campur,10.50,0,0,1,0,0,1,1,0,1,0,0,0,0,0,1,0,0,0,1,0,0,0,0,0,1,0,0,0,0
Jakarta Timur,0.00,855000.00,4.80,4.00,14.00,Kos Putra,7.50,1,1,0,0,0,1,1,0,0,1,1,1,0,0,1,1,0,0,1,1,1,0,1,0,0,0,1,0,0
Jakarta Timur,3.00,1217900.00,5.00,1.00,1.00,Kos Putra,8.00,1,0,0,1,0,1,1,0,0,1,1,1,1,0,1,1,0,0,1,1,1,0,0,0,0,0,1,0,0
Jakarta Timur,1.00,1220840.00,4.40,1.00,1.00,Kos Putra,8.00,1,0,1,0,0,1,1,0,0,1,1,1,1,0,1,1,0,0,1,1,1,0,0,0,0,0,1,0,0
Jakarta Barat,0.00,1300000.00,0.00,0.00,0.00,Kos Campur,9.00,0,0,0,1,1,1,1,0,1,1,1,1,1,0,0,0,1,1,1,0,1,0,0,1,0,1,0,1,0
Jakarta Utara,0.00,1850000.00,0.00,0.00,0.00,Kos Campur,9.00,1,0,1,1,1,1,1,1,1,1,1,1,1,0,1,1,1,0,1,1,1,0,0,0,1,0,0,0,0
Jakarta Barat,2.00,2000000.00,0.00,0.00,3.00,Kos Putri,9.00,1,0,1,1,1,1,1,0,1,1,0,1,1,0,1,1,1,1,1,1,1,0,0,1,1,0,0,0,0
Jakarta Timur,0.00,2100000.00,0.00,0.00,0.00,Kos Campur,21.00,1,0,1,0,1,1,1,0,1,0,1,0,0,0,0,0,1,0,0,0,1,0,0,0,0,1,0,0,0
Jakarta Timur,1.00,2480000.00,0.00,0.00,1.00,Kos Putri,12.00,1,0,1,1,1,1,1,0,1,1,1,1,1,0,1,0,1,1,1,1,1,0,0,1,1,1,0,1,0
Jakarta Barat,1.00,1750000.00,0.00,0.00,0.00,Kos Campur,7.50,1,0,0,1,1,0,1,1,1,1,1,1,1,0,1,0,1,0,1,1,1,1,0,1,1,1,0,0,0
Jakarta Utara,1.00,1550000.00,5.00,3.00,7.00,Kos Campur,6.00,0,0,0,0,1,0,1,0,1,1,1,1,1,0,1,1,1,1,0,1,1,1,0,1,0,0,0,0,0
Jakarta Utara,2.00,1650000.00,0.00,0.00,6.00,Kos Campur,9.00,1,0,0,0,1,0,1,0,1,1,1,1,1,0,1,1,1,1,1,1,1,1,0,1,0,0,0,0,0
Jakarta Utara,3.00,1300000.00,0.00,0.00,0.00,Kos Campur,9.00,0,0,1,1,1,1,1,1,0,1,0,0,1,1,1,1,1,1,1,0,0,1,0,0,0,1,0,0,0
Jakarta Barat,1.00,1500000.00,4.10,2.00,19.00,Kos Campur,12.00,0,0,0,1,1,0,1,1,1,1,0,1,1,1,0,0,1,0,1,1,1,1,0,1,0,1,0,0,0
Jakarta Utara,0.00,750000.00,0.00,0.00,1.00,Kos Campur,6.00,0,0,0,0,0,0,1,0,0,1,1,0,0,0,1,0,0,0,1,0,0,0,0,0,0,0,1,0,0
Jakarta Utara,1.00,1300000.00,0.00,0.00,0.00,Kos Putra,12.00,0,0,0,1,1,1,1,1,1,0,1,1,1,0,1,1,1,0,1,1,1,0,0,1,1,0,1,0,0
Jakarta Utara,1.00,900000.00,0.00,0.00,0.00,Kos Putra,12.00,0,0,0,1,1,1,1,1,1,0,1,1,0,0,1,1,1,0,1,1,1,0,1,0,1,0,1,0,0
Jakarta Utara,2.00,1650000.00,0.00,0.00,0.00,Kos Campur,7.00,1,0,1,1,1,0,1,1,1,0,0,1,1,0,0,1,1,0,1,0,0,0,0,1,0,1,0,0,0
Jakarta Timur,0.00,1500000.00,0.00,0.00,1.00,Kos Putri,3.00,0,1,0,1,1,0,1,0,1,1,1,1,1,0,1,1,1,1,1,1,1,0,0,1,1,1,1,0,0
Jakarta Timur,3.00,1350000.00,4.90,72.00,97.00,Kos Campur,16.00,0,0,1,0,1,1,1,0,1,1,1,1,0,0,1,0,0,0,1,0,0,1,1,1,1,1,1,0,0
Jakarta Utara,0.00,2000000.00,0.00,0.00,5.00,Kos Campur,12.00,0,0,1,1,1,1,1,0,1,1,1,1,1,0,1,0,1,1,1,1,1,0,0,1,1,0,1,1,0
Jakarta Barat,1.00,1980000.00,5.00,6.00,30.00,Kos Campur,6.00,1,0,1,1,1,0,1,0,1,1,1,1,1,0,1,1,1,1,1,1,1,1,0,1,1,1,0,0,0
Jakarta Barat,2.00,2499000.00,0.00,0.00,0.00,Kos Campur,12.00,0,0,1,1,1,1,1,1,0,1,1,1,1,1,1,0,1,1,1,1,1,1,0,0,0,0,0,1,0
Jakarta Timur,1.00,1500000.00,0.00,0.00,0.00,Kos Putri,9.00,0,0,1,1,0,0,0,0,1,0,1,1,1,0,1,1,1,0,1,1,1,0,0,0,1,0,1,0,0
Jakarta Timur,1.00,1800000.00,0.00,0.00,1.00,Kos Putri,8.75,0,0,0,1,1,1,1,1,1,0,1,1,1,0,1,0,1,0,1,1,1,0,0,1,0,1,0,0,0
Jakarta Timur,1.00,1500000.00,0.00,0.00,0.00,Kos Putri,5.40,1,0,0,1,1,1,1,0,0,1,1,1,1,0,1,1,1,0,1,1,1,0,0,0,1,0,0,0,0
Jakarta Utara,3.00,2300000.00,0.00,0.00,5.00,Kos Putri,9.00,1,1,1,1,0,0,0,0,0,1,1,1,1,0,0,0,1,1,1,0,0,0,0,1,0,1,0,0,0
Jakarta Timur,2.00,1350000.00,0.00,0.00,1.00,Kos Campur,15.68,1,0,1,0,1,1,1,0,1,0,1,0,0,0,0,0,0,1,0,0,1,0,0,0,0,1,1,0,0
Jakarta Timur,2.00,1350000.00,0.00,0.00,1.00,Kos Campur,15.68,1,0,1,0,1,1,1,0,1,0,1,0,0,0,0,0,0,1,0,0,1,0,0,0,0,1,1,0,0
Jakarta Timur,2.00,1350000.00,0.00,0.00,1.00,Kos Campur,15.68,1,0,1,0,1,1,1,0,1,0,1,0,0,0,0,0,0,1,0,0,1,0,0,0,0,1,1,0,0
Jakarta Timur,1.00,1200000.00,4.90,3.00,0.00,Kos Putra,9.00,0,0,0,1,1,1,1,0,0,1,1,0,1,0,1,0,1,0,0,1,1,1,1,1,0,0,1,0,0
Jakarta Timur,1.00,1200000.00,4.90,3.00,0.00,Kos Putra,9.00,0,0,0,1,1,1,1,0,0,1,1,0,1,0,1,0,1,0,0,1,1,1,1,1,0,0,1,0,0
Jakarta Timur,1.00,1200000.00,4.90,3.00,0.00,Kos Putra,9.00,0,0,0,1,1,1,1,0,0,1,1,0,1,0,1,0,1,0,0,1,1,1,1,1,0,0,1,0,0
Jakarta Timur,1.00,1200000.00,4.90,3.00,0.00,Kos Putra,9.00,0,0,0,1,1,1,1,0,0,1,1,0,1,0,1,0,1,0,0,1,1,1,1,1,0,0,1,0,0
Jakarta Timur,1.00,1200000.00,4.90,3.00,0.00,Kos Putra,9.00,0,0,0,1,1,1,1,0,0,1,1,0,1,0,1,0,1,0,0,1,1,1,1,1,0,0,1,0,0
Jakarta Utara,0.00,1950000.00,0.00,0.00,0.00,Kos Campur,9.00,1,0,1,1,1,1,1,1,1,0,1,1,1,0,1,0,1,0,1,1,1,1,0,1,0,0,0,0,0
Jakarta Barat,2.00,2599999.00,5.00,1.00,9.00,Kos Campur,10.50,0,0,1,1,1,1,1,0,1,1,1,1,1,1,1,0,1,1,1,1,0,1,0,0,0,1,1,1,0
Jakarta Timur,2.00,1399000.00,5.00,4.00,5.00,Kos Campur,9.00,0,1,1,1,1,1,1,0,1,1,1,1,1,1,1,1,1,0,1,1,1,0,0,0,0,0,0,0,0
Jakarta Utara,3.00,1800000.00,0.00,0.00,0.00,Kos Campur,6.00,0,1,1,1,1,0,1,0,1,1,1,1,1,0,1,0,1,0,1,1,1,1,1,1,0,1,1,1,0
Jakarta Pusat,1.00,1500000.00,0.00,0.00,0.00,Kos Campur,5.52,1,1,1,1,0,0,1,0,0,0,0,1,0,0,1,1,1,0,1,1,1,0,0,0,0,1,0,0,0
Jakarta Pusat,1.00,1500000.00,0.00,0.00,0.00,Kos Campur,5.52,1,1,1,1,0,0,1,0,0,0,0,1,0,0,1,1,1,0,1,1,1,0,0,0,1,1,0,0,0
Jakarta Pusat,1.00,2200000.00,0.00,0.00,0.00,Kos Campur,9.00,1,1,0,1,0,0,1,0,0,0,0,1,1,0,1,1,1,0,1,1,1,0,0,1,1,1,0,0,0
Jakarta Utara,2.00,2000000.00,0.00,0.00,0.00,Kos Campur,7.50,1,0,1,1,1,1,1,0,1,1,1,1,1,0,1,1,1,1,1,1,1,0,0,1,1,0,0,1,0
Jakarta Timur,0.00,2250000.00,0.00,0.00,0.00,Kos Putri,12.00,1,0,1,1,1,1,1,0,1,1,1,1,1,0,1,1,1,0,1,1,1,0,0,0,1,0,0,0,0
Jakarta Timur,0.00,2250000.00,0.00,0.00,0.00,Kos Putri,12.00,1,0,1,1,1,1,1,0,1,1,1,1,1,0,1,1,1,0,1,1,1,0,0,0,1,0,0,0,0
Jakarta Timur,0.00,2250000.00,0.00,0.00,0.00,Kos Putri,12.00,1,0,1,1,1,1,1,0,1,1,1,1,1,0,1,1,1,0,1,1,1,0,0,0,1,0,0,0,0
Jakarta Timur,0.00,2250000.00,0.00,0.00,0.00,Kos Putri,12.00,1,0,1,1,1,1,1,0,1,1,1,1,1,0,1,1,1,0,1,1,1,0,0,0,1,0,0,0,0
Jakarta Timur,0.00,2250000.00,0.00,0.00,0.00,Kos Putri,12.00,1,0,1,1,1,1,1,0,1,1,1,1,1,0,1,1,1,0,1,1,1,0,0,0,1,0,0,0,0
Jakarta Timur,1.00,1750000.00,0.00,0.00,0.00,Kos Putri,12.00,1,0,1,1,1,1,1,0,1,1,1,1,1,0,1,1,1,0,1,1,1,1,0,1,1,0,0,0,0
Jakarta Pusat,0.00,3000000.00,3.10,3.00,1.00,Kos Campur,12.00,1,1,1,1,0,0,1,1,1,1,1,1,1,1,0,0,1,0,1,1,1,0,0,1,0,0,0,1,1
Jakarta Utara,0.00,1600000.00,0.00,0.00,0.00,Kos Campur,9.00,0,0,0,1,0,0,1,1,1,1,1,1,1,1,0,0,1,0,1,1,1,0,0,1,0,1,0,0,0
Jakarta Utara,0.00,1300000.00,4.40,6.00,17.00,Kos Putri,9.00,0,0,1,1,1,1,1,0,0,0,1,1,0,0,1,0,0,0,1,1,1,1,0,1,0,0,1,0,0
Jakarta Utara,0.00,2550000.00,3.10,1.00,1.00,Kos Putri,9.10,0,1,0,1,0,0,0,0,1,1,0,1,1,1,0,0,0,0,1,1,1,0,0,1,0,1,1,0,0
Jakarta Utara,0.00,2350000.00,0.00,0.00,0.00,Kos Putri,14.43,0,0,0,1,0,1,0,0,1,1,1,1,1,1,0,0,1,0,1,1,1,1,0,1,0,1,0,0,0
Jakarta Barat,0.00,1500000.00,0.00,0.00,12.00,Kos Putri,9.00,0,0,1,1,1,0,1,0,1,1,1,1,1,1,1,0,1,0,1,1,1,0,0,1,1,0,0,1,0
Jakarta Timur,0.00,1200000.00,0.00,0.00,0.00,Kos Campur,12.00,0,0,1,1,1,1,1,0,0,0,1,1,1,0,1,0,0,0,1,1,1,1,0,1,1,0,1,0,0
Jakarta Utara,3.00,1050000.00,4.00,1.00,10.00,Kos Campur,6.25,1,0,0,1,1,1,1,0,0,1,1,1,1,0,1,0,1,0,1,1,1,0,0,0,1,1,0,1,0
Jakarta Utara,0.00,899000.00,4.30,9.00,51.00,Kos Campur,4.00,0,0,0,1,1,1,1,0,0,1,1,1,1,0,1,0,1,0,1,1,1,0,0,0,1,1,0,1,0
Jakarta Utara,1.00,1950000.00,0.00,0.00,0.00,Kos Campur,8.75,1,0,1,1,1,1,1,0,0,0,0,1,1,0,1,1,1,1,1,0,1,1,0,1,0,1,0,0,0
Jakarta Utara,2.00,1200000.00,0.00,0.00,2.00,Kos Campur,21.00,0,0,0,1,1,1,1,0,0,0,1,0,1,0,1,0,1,0,0,0,0,0,0,0,0,0,0,0,0
Jakarta Selatan,0.00,1200000.00,0.00,0.00,3.00,Kos Campur,12.00,0,1,1,1,1,1,1,1,1,0,1,1,1,1,1,1,1,0,1,0,1,0,0,0,1,1,1,0,1
Jakarta Pusat,0.00,3750000.00,0.00,0.00,0.00,Kos Campur,12.00,1,0,1,1,1,1,1,1,1,1,1,1,1,1,1,1,1,1,1,1,1,0,0,0,0,1,0,0,0
Jakarta Pusat,0.00,4000000.00,0.00,0.00,0.00,Kos Campur,12.00,0,0,1,1,1,1,1,1,1,1,1,1,1,1,1,1,1,1,1,1,1,0,0,0,0,1,0,0,0
Jakarta Pusat,0.00,4250000.00,0.00,0.00,0.00,Kos Campur,12.00,0,0,1,1,1,1,1,1,1,1,1,1,1,1,1,0,1,1,1,1,1,1,0,0,0,1,0,0,0
Jakarta Utara,1.00,1500000.00,0.00,0.00,0.00,Kos Campur,9.00,1,0,1,1,1,1,1,0,1,0,1,1,1,0,0,1,1,0,1,0,0,0,0,1,0,0,0,0,0
Jakarta Barat,3.00,1400000.00,4.60,1.00,4.00,Kos Campur,8.40,0,0,1,1,0,0,0,0,0,1,0,1,1,1,0,0,0,0,1,1,1,1,0,0,0,0,1,0,0
Jakarta Barat,2.00,1300000.00,0.00,0.00,10.00,Kos Putri,10.50,0,0,1,1,0,0,0,0,1,1,0,1,1,1,0,0,0,0,1,1,1,1,0,1,0,1,1,0,0
Jakarta Barat,0.00,2250000.00,0.00,0.00,7.00,Kos Campur,14.00,0,0,1,1,1,1,1,1,1,1,1,1,1,1,1,1,1,1,1,1,1,0,0,0,1,1,0,0,0
Jakarta Barat,2.00,2350000.00,0.00,0.00,11.00,Kos Putri,12.00,1,0,1,1,1,1,1,1,1,1,1,1,1,0,1,1,1,1,1,1,1,0,0,1,0,1,0,0,0
Jakarta Barat,0.00,2750000.00,0.00,0.00,0.00,Kos Campur,12.00,0,0,1,1,1,1,1,1,1,1,1,1,1,1,1,1,1,1,1,1,1,1,0,0,0,0,0,0,0
Jakarta Barat,0.00,4500000.00,0.00,0.00,14.00,Kos Campur,15.00,0,0,1,1,1,1,1,1,1,1,1,1,1,1,1,1,1,1,1,1,1,1,0,1,0,0,0,0,0
Jakarta Barat,0.00,2750000.00,0.00,0.00,6.00,Kos Campur,12.00,0,0,1,1,1,0,1,1,1,1,0,1,1,1,1,1,0,1,1,1,1,0,0,1,0,1,0,1,0
Jakarta Barat,0.00,4400000.00,0.00,0.00,0.00,Kos Campur,15.75,0,0,1,1,1,1,1,1,1,1,1,1,1,1,1,1,1,1,1,1,1,1,0,0,0,1,0,0,0
Jakarta Barat,0.00,3250000.00,0.00,0.00,0.00,Kos Campur,12.00,0,0,1,0,1,1,1,1,1,1,1,1,1,1,1,0,1,1,1,1,0,1,0,0,0,1,0,1,0
Jakarta Barat,0.00,3250000.00,0.00,0.00,0.00,Kos Campur,12.00,0,0,1,1,1,0,1,1,1,1,1,1,1,1,1,1,1,1,1,1,1,1,0,0,0,1,0,1,0
Jakarta Pusat,0.00,3500000.00,0.00,0.00,0.00,Kos Campur,12.00,1,0,1,1,1,0,1,0,1,0,1,1,1,1,1,1,1,1,1,1,1,1,0,0,0,1,0,0,0
Jakarta Pusat,0.00,3500000.00,0.00,0.00,0.00,Kos Campur,12.00,1,0,1,1,1,0,1,0,1,0,1,1,1,1,1,1,1,1,1,1,1,1,0,0,0,1,0,0,0
Jakarta Barat,0.00,4100000.00,0.00,0.00,1.00,Kos Campur,13.50,0,0,1,1,1,1,1,1,1,1,1,1,1,1,1,1,1,1,1,1,1,1,0,1,0,1,0,0,0
Jakarta Selatan,0.00,3750000.00,0.00,0.00,5.00,Kos Campur,14.40,1,0,1,1,1,1,1,1,1,1,1,1,1,1,1,0,1,1,1,1,1,1,0,0,0,1,0,0,0
Jakarta Selatan,0.00,4000000.00,0.00,0.00,2.00,Kos Campur,16.50,1,0,1,1,1,1,1,1,1,1,1,1,1,1,1,0,1,1,1,1,1,1,0,0,0,1,0,0,0
Jakarta Barat,0.00,2750000.00,0.00,0.00,0.00,Kos Putri,12.00,0,0,1,1,1,0,1,0,1,1,0,1,1,1,1,1,1,1,1,1,1,1,0,0,0,1,0,0,0
Jakarta Barat,0.00,3000000.00,0.00,0.00,0.00,Kos Putri,12.00,0,0,1,1,1,0,1,0,1,1,0,1,1,1,1,1,1,1,1,1,1,1,0,0,0,1,0,0,0
Jakarta Barat,0.00,2700000.00,4.90,2.00,3.00,Kos Campur,16.00,0,0,1,1,1,1,1,1,1,1,1,1,1,1,0,0,1,1,1,1,0,1,0,1,0,1,0,1,0
Jakarta Pusat,0.00,2400000.00,0.00,0.00,1.00,Kos Campur,16.00,1,0,1,1,1,0,1,0,1,1,0,1,1,1,1,1,1,1,1,1,1,0,0,1,0,1,0,0,0
Jakarta Pusat,0.00,2000000.00,0.00,0.00,1.00,Kos Campur,12.00,1,0,1,1,1,1,1,0,1,1,0,1,1,1,1,0,1,1,1,1,1,1,0,1,0,1,0,0,0
Jakarta Pusat,2.00,3750000.00,0.00,0.00,0.00,Kos Campur,12.00,1,0,1,1,0,0,0,0,1,0,0,0,1,1,0,0,0,1,0,1,1,0,0,1,0,0,0,0,0
Jakarta Pusat,0.00,4000000.00,0.00,0.00,0.00,Kos Campur,12.00,0,0,1,1,0,0,0,0,1,0,0,0,1,1,0,0,0,1,0,1,1,0,0,1,0,0,0,0,0
Jakarta Pusat,0.00,4500000.00,0.00,0.00,0.00,Kos Campur,12.00,0,0,1,1,0,0,0,0,1,0,0,0,1,1,0,0,0,1,0,1,1,0,0,1,0,0,0,0,0
Jakarta Pusat,0.00,4250000.00,0.00,0.00,0.00,Kos Campur,12.00,0,0,1,1,0,0,0,0,1,0,0,0,1,1,0,0,0,1,0,1,1,0,0,1,0,0,0,0,0
Jakarta Pusat,0.00,3500000.00,0.00,0.00,0.00,Kos Campur,12.00,1,0,1,1,1,1,1,0,1,1,1,1,1,1,1,1,1,1,1,1,1,1,0,0,0,1,0,0,0
Jakarta Pusat,0.00,3500000.00,0.00,0.00,0.00,Kos Campur,13.50,1,0,1,1,1,1,1,0,1,1,1,1,1,1,1,1,1,1,1,1,1,1,0,0,0,1,0,0,0
Jakarta Pusat,0.00,3000000.00,0.00,0.00,0.00,Kos Campur,10.50,1,0,1,1,1,1,1,0,1,1,1,1,1,1,1,1,1,1,1,1,1,1,0,0,0,1,0,0,0
Jakarta Pusat,0.00,3700000.00,0.00,0.00,0.00,Kos Campur,13.50,1,0,1,1,1,1,1,0,1,1,1,1,1,1,1,1,1,1,1,1,1,1,0,0,0,1,0,0,0
Jakarta Utara,0.00,1700000.00,0.00,0.00,5.00,Kos Campur,9.00,1,0,1,1,1,1,1,0,1,1,1,1,1,0,0,1,0,1,1,1,1,1,0,1,0,0,0,0,0
Jakarta Utara,0.00,2700000.00,0.00,0.00,0.00,Kos Campur,16.00,0,0,1,1,0,0,1,1,0,1,0,1,1,0,1,0,0,1,1,1,1,1,0,1,0,1,0,0,0
Jakarta Utara,0.00,2200000.00,0.00,0.00,0.00,Kos Campur,16.00,0,0,1,1,1,1,1,1,1,1,0,1,1,0,1,1,1,1,1,1,1,1,0,0,0,0,0,0,0
Jakarta Barat,0.00,2700000.00,0.00,0.00,9.00,Kos Campur,12.00,1,0,1,1,1,0,1,0,1,1,1,1,1,0,0,0,1,1,1,1,0,1,0,1,0,1,0,1,0
Jakarta Barat,0.00,3000000.00,0.00,0.00,0.00,Kos Campur,12.00,1,0,1,0,1,0,0,0,0,0,1,1,0,1,1,0,0,1,0,0,0,0,0,1,0,1,0,0,0
Jakarta Utara,1.00,1650000.00,0.00,0.00,0.00,Kos Campur,9.00,1,0,1,1,1,1,1,0,1,0,1,1,1,0,1,1,1,0,1,1,1,0,0,1,0,0,0,0,0
Jakarta Utara,0.00,1850000.00,0.00,0.00,0.00,Kos Campur,16.00,0,0,1,1,1,1,1,0,0,0,0,1,1,0,1,1,1,0,1,0,0,0,0,1,0,0,0,0,0
Jakarta Selatan,0.00,2000000.00,4.00,3.00,8.00,Kos Putri,9.00,1,0,1,1,1,0,1,1,1,1,1,1,1,1,0,0,1,1,1,1,1,0,0,1,0,1,0,0,0
Jakarta Utara,2.00,2300000.00,0.00,0.00,0.00,Kos Campur,8.50,1,0,1,1,1,0,1,1,0,0,1,1,1,0,1,1,1,1,1,1,1,1,0,1,0,1,0,0,0
Jakarta Pusat,1.00,1150000.00,0.00,0.00,0.00,Kos Campur,9.00,0,0,1,1,0,1,0,0,0,0,0,0,0,0,0,0,1,0,0,0,0,0,0,0,0,0,0,0,0
Jakarta Utara,0.00,1050000.00,5.00,2.00,7.00,Kos Campur,9.00,1,1,0,1,1,1,1,0,1,1,1,0,0,0,1,0,1,0,1,1,0,1,1,0,0,0,0,0,0
Jakarta Utara,1.00,1200000.00,0.00,0.00,0.00,Kos Campur,12.00,0,0,1,1,1,1,1,0,1,0,1,1,1,0,1,1,1,0,1,1,1,0,0,1,0,1,0,0,0
Jakarta Barat,0.00,2250000.00,0.00,0.00,2.00,Kos Campur,10.50,0,0,1,1,0,1,0,0,0,0,0,1,1,1,1,1,1,1,0,1,0,1,0,0,0,1,0,0,0
Jakarta Pusat,0.00,2650000.00,0.00,0.00,1.00,Kos Campur,9.00,0,1,1,1,1,1,1,1,1,1,1,1,1,1,0,0,1,1,1,1,1,0,0,1,0,1,0,1,0
Jakarta Barat,1.00,1900000.00,0.00,0.00,0.00,Kos Campur,16.00,1,1,1,1,1,1,1,0,0,0,1,0,1,0,1,0,1,0,1,0,0,0,0,0,0,0,1,0,0
Jakarta Timur,1.00,1700000.00,5.00,5.00,10.00,Kos Campur,9.00,0,0,1,1,1,1,1,0,1,1,0,1,1,1,1,1,1,0,1,1,1,0,0,1,0,1,0,0,0
Jakarta Timur,1.00,900000.00,0.00,0.00,1.00,Kos Campur,9.00,0,1,1,0,1,1,1,0,0,1,1,0,0,0,1,0,0,0,1,0,0,0,1,0,1,0,0,0,0
Jakarta Barat,0.00,3000000.00,0.00,0.00,8.00,Kos Campur,12.00,0,0,1,1,1,1,1,1,1,1,1,1,1,1,0,1,1,1,1,1,1,0,0,1,0,1,0,0,0
Jakarta Timur,1.00,2100000.00,4.50,26.00,159.00,Kos Campur,21.00,0,0,1,1,1,1,1,1,0,0,0,0,1,1,1,1,1,1,1,0,1,0,0,0,0,1,0,0,0
Jakarta Timur,0.00,1100000.00,0.00,0.00,2.00,Kos Campur,12.00,0,0,1,0,1,1,1,1,1,1,1,1,0,0,1,0,1,0,1,0,1,0,1,0,0,0,0,0,0
Jakarta Barat,1.00,900000.00,0.00,0.00,0.00,Kos Campur,9.00,0,1,1,0,0,1,1,0,1,0,1,1,0,0,0,0,1,0,1,0,0,0,0,0,0,0,1,0,0
Jakarta Utara,2.00,3001500.00,0.00,0.00,3.00,Kos Campur,16.00,0,1,1,1,1,1,1,1,1,1,0,1,1,1,0,0,1,1,1,1,0,1,0,1,0,1,0,1,0
Jakarta Timur,3.00,1300000.00,5.00,3.00,2.00,Kos Putri,12.00,1,1,0,1,0,1,1,1,1,1,1,1,1,0,1,0,1,1,1,1,1,1,0,1,0,1,0,1,0
Jakarta Selatan,0.00,1000000.00,0.00,0.00,0.00,Kos Campur,12.00,0,1,1,0,1,1,1,0,0,0,1,0,1,0,1,0,0,0,1,1,1,0,1,0,0,0,1,0,0
Jakarta Utara,0.00,1900000.00,0.00,0.00,0.00,Kos Campur,12.00,0,0,1,1,1,1,1,1,1,1,1,1,1,1,1,1,1,0,1,1,1,0,0,1,0,0,1,0,0
Jakarta Pusat,1.00,2300000.00,0.00,0.00,0.00,Kos Campur,20.00,1,0,1,1,1,1,1,1,1,0,1,1,1,0,1,1,1,0,1,1,1,1,0,0,1,0,1,0,0
Jakarta Barat,1.00,2500000.00,0.00,0.00,1.00,Kos Campur,9.00,1,0,1,1,1,1,1,0,1,1,1,1,1,1,1,1,1,1,1,1,1,1,0,0,1,0,0,0,0
Jakarta Timur,2.00,700000.00,0.00,0.00,1.00,Kos Putra,10.50,1,1,0,0,1,1,1,0,1,1,1,0,0,0,1,0,0,0,0,0,0,0,1,0,1,0,1,0,0
Jakarta Utara,0.00,2450000.00,0.00,0.00,0.00,Kos Putri,9.00,1,0,1,0,1,1,0,0,1,1,0,1,1,1,1,1,1,1,1,1,0,1,0,0,0,1,0,0,0
Jakarta Timur,2.00,3500000.00,0.00,0.00,1.00,Kos Campur,18.00,0,0,1,1,1,1,1,1,1,1,1,1,1,1,0,1,1,1,1,1,1,0,0,1,0,1,0,0,0
Jakarta Timur,0.00,700000.00,0.00,0.00,1.00,Kos Campur,12.00,0,0,1,0,1,1,1,1,1,0,1,0,0,0,0,0,0,0,1,0,0,0,0,0,0,0,0,0,0
Jakarta Barat,0.00,3100000.00,0.00,0.00,0.00,Kos Campur,18.00,0,0,1,1,1,0,1,1,1,0,0,1,1,0,1,1,1,0,1,1,1,1,0,0,0,1,0,0,0
Jakarta Utara,1.00,1500000.00,0.00,0.00,3.00,Kos Campur,12.00,0,0,1,1,0,0,0,1,0,0,0,0,1,1,0,0,1,1,0,0,0,0,0,0,0,0,0,0,0
Jakarta Timur,2.00,3500000.00,0.00,0.00,2.00,Kos Campur,30.00,1,0,1,1,1,1,1,1,1,0,0,1,1,1,1,1,1,1,1,1,1,1,0,0,0,1,0,0,0
Jakarta Timur,2.00,3500000.00,0.00,0.00,2.00,Kos Campur,30.00,1,0,1,1,1,1,1,1,1,0,0,1,1,1,1,1,1,1,1,1,1,1,0,0,0,1,0,0,0
Jakarta Timur,2.00,3500000.00,0.00,0.00,2.00,Kos Campur,30.00,1,0,1,1,1,1,1,1,1,0,0,1,1,1,1,1,1,1,1,1,1,1,0,0,0,1,0,0,0
Jakarta Timur,2.00,3500000.00,0.00,0.00,2.00,Kos Campur,30.00,1,0,1,1,1,1,1,1,1,0,0,1,1,1,1,1,1,1,1,1,1,1,0,0,0,1,0,0,0
Jakarta Timur,2.00,3500000.00,0.00,0.00,2.00,Kos Campur,30.00,1,0,1,1,1,1,1,1,1,0,0,1,1,1,1,1,1,1,1,1,1,1,0,0,0,1,0,0,0
Jakarta Utara,1.00,1550000.00,4.90,5.00,10.00,Kos Putri,6.00,0,1,0,1,1,1,1,0,1,1,1,1,1,0,1,1,1,0,1,1,1,1,0,0,0,1,0,1,0
Jakarta Selatan,0.00,3750000.00,0.00,0.00,6.00,Kos Campur,15.00,1,0,1,1,1,1,1,1,1,1,1,1,1,1,1,0,1,1,1,1,0,1,0,0,0,1,1,1,0
Jakarta Selatan,0.00,4000000.00,0.00,0.00,2.00,Kos Campur,13.50,1,0,1,1,1,1,1,1,1,1,1,1,1,1,1,0,1,1,1,1,0,1,0,0,0,1,1,1,0
Jakarta Selatan,0.00,4000000.00,0.00,0.00,6.00,Kos Campur,16.50,1,0,1,1,1,1,1,1,1,1,1,1,1,1,1,0,1,1,1,1,0,1,0,0,0,1,1,1,0
Jakarta Barat,0.00,2600000.00,0.00,0.00,16.00,Kos Campur,9.00,0,0,1,1,1,1,1,1,1,1,1,1,1,1,1,1,1,0,1,1,1,1,0,0,0,0,0,0,0
Jakarta Utara,3.00,1400000.00,0.00,0.00,1.00,Kos Campur,7.50,0,0,0,1,1,1,1,0,1,1,1,1,1,0,1,0,1,0,1,1,1,1,0,1,0,1,1,1,0
Jakarta Utara,3.00,2900000.00,4.50,3.00,13.00,Kos Campur,10.24,1,0,1,1,1,1,1,1,1,1,1,1,1,1,0,1,1,1,1,1,1,1,0,0,0,0,0,1,0
Jakarta Utara,0.00,2200000.00,4.90,18.00,29.00,Kos Campur,9.00,0,0,1,1,1,1,1,1,1,1,1,1,1,1,1,1,1,1,1,1,1,1,0,0,0,0,0,1,0
Jakarta Utara,2.00,2100000.00,5.00,1.00,0.00,Kos Putri,12.00,0,0,1,1,1,1,1,0,1,1,1,1,1,1,0,0,1,1,1,1,1,0,0,1,0,1,0,0,0
Jakarta Utara,0.00,750000.00,0.00,0.00,1.00,Kos Campur,4.00,0,1,0,1,1,1,1,0,1,1,1,0,0,0,1,0,1,0,1,1,1,1,1,0,0,1,0,0,0
Jakarta Utara,0.00,750000.00,0.00,0.00,1.00,Kos Campur,4.00,0,1,0,1,1,1,1,0,1,1,1,0,0,0,1,0,1,0,1,1,1,1,1,0,0,1,0,0,0
Jakarta Utara,0.00,950000.00,0.00,0.00,1.00,Kos Campur,5.00,0,1,0,1,1,1,1,0,1,1,1,1,0,0,1,1,1,0,1,1,1,1,0,1,1,1,1,0,0
Jakarta Utara,0.00,950000.00,0.00,0.00,0.00,Kos Campur,9.00,1,1,0,1,1,1,1,0,1,1,1,0,0,0,1,0,1,0,1,1,1,1,1,0,1,1,0,0,0
Jakarta Barat,1.00,2300000.00,5.00,1.00,9.00,Kos Campur,9.00,1,0,1,1,1,1,1,0,1,1,1,1,1,1,1,1,1,1,1,1,0,0,0,0,1,0,0,1,0
Jakarta Utara,0.00,1600000.00,0.00,0.00,0.00,Kos Campur,9.00,0,0,1,0,1,0,1,0,1,0,1,1,1,1,1,1,1,0,1,1,1,0,0,1,1,0,1,0,0
Jakarta Timur,0.00,1600000.00,0.00,0.00,0.00,Kos Campur,12.00,0,0,0,1,1,1,1,1,1,1,1,0,1,0,0,1,1,0,1,1,1,1,0,0,0,0,0,0,0
Jakarta Barat,2.00,1750000.00,0.00,0.00,4.00,Kos Putri,8.14,0,0,1,1,1,1,1,0,0,1,1,1,1,0,1,1,1,0,1,1,1,0,0,0,0,0,1,0,0
Jakarta Utara,0.00,2500000.00,0.00,0.00,1.00,Kos Campur,24.00,0,0,1,1,1,1,1,1,1,1,1,1,1,1,1,1,1,0,1,1,1,0,0,1,0,0,1,0,0
Jakarta Utara,2.00,1950000.00,4.00,1.00,6.00,Kos Campur,12.00,0,0,1,1,0,1,1,1,1,1,1,1,1,1,1,0,1,0,1,1,1,1,0,1,0,0,0,0,0
Jakarta Barat,2.00,3200000.00,0.00,0.00,6.00,Kos Campur,15.00,0,0,1,1,1,1,1,1,1,1,1,1,1,1,1,1,1,1,1,1,1,1,0,0,0,1,0,0,0
Jakarta Timur,2.00,1500000.00,0.00,0.00,1.00,Kos Campur,12.00,0,0,1,1,0,0,1,1,1,1,1,1,1,1,0,0,1,0,0,1,1,0,1,0,0,1,0,1,0
Jakarta Utara,3.00,1350000.00,5.00,4.00,5.00,Kos Campur,6.00,0,0,0,1,0,0,1,0,1,0,1,1,1,0,1,0,1,0,1,0,0,0,0,1,1,0,1,0,0
Jakarta Utara,0.00,1600000.00,0.00,0.00,17.00,Kos Putri,7.50,0,0,1,1,1,1,1,0,0,0,1,1,1,0,0,0,1,1,1,1,1,0,0,1,0,0,0,0,0
Jakarta Utara,0.00,1600000.00,0.00,0.00,17.00,Kos Putri,7.50,0,0,1,1,1,1,1,0,0,0,1,1,1,0,0,0,1,1,1,1,1,0,0,1,0,0,0,0,0
Jakarta Barat,1.00,3500000.00,0.00,0.00,0.00,Kos Campur,20.00,0,0,1,1,1,1,1,1,1,0,1,1,1,1,0,0,1,1,1,1,1,0,0,1,0,1,0,0,0
Jakarta Pusat,0.00,3000000.00,0.00,0.00,0.00,Kos Campur,12.00,0,0,1,1,1,1,1,1,0,0,0,1,1,1,1,1,1,1,1,1,0,0,0,0,1,0,0,0,0
Jakarta Barat,0.00,1800000.00,0.00,0.00,8.00,Kos Campur,12.00,0,0,1,1,1,1,1,1,1,0,1,1,1,0,1,0,1,1,1,1,1,1,0,1,1,0,0,0,0
Jakarta Timur,0.00,1600000.00,0.00,0.00,0.00,Kos Putra,17.50,0,1,1,0,1,1,1,1,1,0,1,0,1,1,1,1,1,0,0,1,1,1,0,0,1,0,1,0,0
Jakarta Utara,1.00,1900000.00,0.00,0.00,0.00,Kos Campur,12.00,1,0,1,1,0,0,1,1,0,1,1,0,1,0,0,0,1,1,1,1,1,0,0,0,0,0,0,1,0
Jakarta Timur,0.00,2350000.00,0.00,0.00,0.00,Kos Campur,12.00,0,0,1,1,1,1,1,1,1,1,1,1,1,1,1,1,1,1,1,0,0,0,0,0,0,0,0,0,0
Jakarta Utara,0.00,1500000.00,0.00,0.00,1.00,Kos Campur,12.00,0,0,1,0,1,1,1,1,1,0,1,0,1,0,1,1,0,0,1,1,1,0,0,0,1,1,1,0,0
Jakarta Timur,0.00,1600000.00,0.00,0.00,0.00,Kos Campur,12.00,0,0,1,1,1,1,1,1,1,1,1,1,1,0,1,0,1,0,1,1,1,1,0,0,1,0,0,1,0
Jakarta Timur,0.00,1020000.00,0.00,0.00,0.00,Kos Campur,20.00,0,0,1,0,1,1,1,0,1,0,1,0,0,0,0,0,0,0,1,0,0,0,0,0,1,1,1,0,1
Jakarta Barat,2.00,1490000.00,4.60,2.00,6.00,Kos Campur,6.00,1,0,0,1,1,1,1,0,1,1,1,0,1,0,1,1,1,0,1,1,1,1,0,0,1,0,0,0,0
Jakarta Pusat,2.00,950000.00,5.00,1.00,2.00,Kos Putri,9.00,0,1,0,0,1,0,1,0,1,0,1,0,0,1,0,0,1,0,0,1,1,0,1,0,0,0,0,0,0
Jakarta Selatan,1.00,1100000.00,0.00,0.00,0.00,Kos Campur,12.00,0,0,1,0,1,1,1,0,0,1,1,0,0,0,0,0,1,0,1,0,1,0,0,0,0,0,1,0,0
Jakarta Utara,0.00,1600000.00,0.00,0.00,0.00,Kos Campur,9.00,0,0,1,0,1,1,1,1,1,1,1,1,1,0,0,0,0,0,1,0,1,0,1,1,0,0,1,0,0
Jakarta Utara,0.00,1000000.00,0.00,0.00,1.00,Kos Campur,12.00,0,0,0,1,1,1,1,1,0,0,1,0,1,0,1,0,1,0,0,0,1,0,1,0,1,0,0,0,0
Jakarta Utara,0.00,1350000.00,0.00,0.00,0.00,Kos Campur,12.00,0,0,1,0,1,1,1,1,1,1,1,0,1,0,0,0,0,0,1,0,0,0,1,0,0,0,1,0,1
Jakarta Utara,1.00,900000.00,0.00,0.00,0.00,Kos Campur,12.25,0,1,1,0,0,0,1,0,1,0,1,0,0,0,0,0,0,0,1,0,1,0,0,0,0,0,1,0,0
Jakarta Utara,2.00,1000000.00,4.60,1.00,0.00,Kos Campur,9.00,0,0,1,0,0,1,1,0,1,1,1,1,0,1,0,0,0,0,0,0,1,0,1,0,0,0,1,0,0
Jakarta Utara,0.00,850000.00,0.00,0.00,13.00,Kos Campur,9.00,0,1,0,1,0,0,1,0,0,1,1,0,0,1,0,0,1,0,1,1,1,0,1,0,0,1,1,0,0
Jakarta Utara,0.00,1600000.00,0.00,0.00,0.00,Kos Campur,12.00,0,0,1,1,1,0,1,1,0,0,1,1,1,0,1,0,1,0,1,0,1,0,0,1,0,0,0,0,0
Jakarta Utara,1.00,2400000.00,0.00,0.00,0.00,Kos Campur,12.00,0,0,1,1,0,1,1,1,1,1,1,1,1,1,1,1,1,1,1,1,1,1,0,1,1,0,0,0,0
Jakarta Utara,1.00,2000000.00,0.00,0.00,0.00,Kos Campur,9.00,0,0,0,1,0,1,1,1,1,1,1,1,1,1,1,1,1,1,1,1,1,1,0,0,1,0,0,0,0
Jakarta Barat,1.00,1770000.00,5.00,6.00,0.00,Kos Campur,7.50,0,0,1,1,1,1,1,0,1,1,1,1,1,0,1,1,1,1,1,1,1,0,0,1,1,1,0,1,0
Jakarta Utara,2.00,2945000.00,0.00,0.00,0.00,Kos Campur,14.00,0,0,0,1,1,1,1,1,1,1,0,1,1,1,1,1,1,1,1,1,1,1,0,1,0,1,0,1,0
Jakarta Utara,0.00,2470000.00,0.00,0.00,0.00,Kos Campur,12.00,1,0,0,1,1,1,1,1,1,1,0,1,1,1,1,1,1,1,1,1,1,1,0,1,0,1,0,1,0
Jakarta Utara,0.00,2755000.00,0.00,0.00,0.00,Kos Campur,12.00,0,0,0,1,1,1,1,1,1,1,0,0,1,1,1,1,1,1,1,1,1,1,0,0,0,1,0,1,0
Jakarta Barat,0.00,2650000.00,0.00,0.00,2.00,Kos Campur,9.00,0,0,1,1,1,0,1,0,1,1,1,1,1,1,1,1,1,1,1,1,0,0,0,0,1,1,0,1,0
Jakarta Utara,0.00,3500000.00,0.00,0.00,2.00,Kos Campur,16.00,0,0,1,1,1,1,1,1,1,0,0,1,1,0,1,1,1,1,1,1,0,0,0,1,0,1,1,0,0
Jakarta Selatan,0.00,900000.00,4.00,2.00,13.00,Kos Campur,9.00,0,0,1,0,0,1,1,0,0,0,0,0,0,0,1,0,0,0,1,0,0,0,0,0,1,0,1,0,0
Jakarta Pusat,3.00,1110000.00,0.00,0.00,0.00,Kos Campur,12.00,0,0,1,0,0,0,1,0,0,0,1,0,0,0,0,0,0,0,0,0,0,0,0,0,0,0,1,0,0
Jakarta Utara,0.00,1700000.00,5.00,1.00,5.00,Kos Campur,6.00,0,0,1,1,1,0,1,0,1,1,1,1,1,1,1,1,1,1,1,1,1,1,0,1,0,1,0,1,0
Jakarta Utara,1.00,2400000.00,0.00,0.00,4.00,Kos Putri,11.20,1,0,1,1,1,0,1,1,1,0,0,1,1,1,1,1,1,1,1,1,1,1,0,0,0,0,0,0,0
Jakarta Selatan,2.00,1200000.00,0.00,0.00,7.00,Kos Putri,7.50,0,0,1,1,1,1,1,0,1,1,1,1,1,0,1,1,1,1,1,1,1,0,0,0,0,1,0,0,0
Jakarta Utara,1.00,2300000.00,0.00,0.00,0.00,Kos Putri,9.00,0,0,1,1,1,1,1,1,1,1,1,1,1,1,1,1,1,1,1,1,1,1,0,0,1,1,0,0,0
Jakarta Utara,1.00,2200000.00,0.00,0.00,0.00,Kos Putri,9.00,0,0,1,1,1,1,1,1,1,1,1,1,1,1,1,1,1,1,1,1,1,1,0,0,1,1,0,0,0
Jakarta Utara,1.00,3000000.00,0.00,0.00,0.00,Kos Putri,9.00,0,0,1,1,1,1,1,1,1,1,1,1,1,1,1,1,1,1,1,1,1,1,0,0,1,1,0,0,0
Jakarta Utara,1.00,2200000.00,0.00,0.00,0.00,Kos Campur,10.00,1,0,1,1,1,1,1,1,1,0,1,1,1,0,1,1,1,1,0,1,1,0,0,0,0,1,0,0,0
Jakarta Barat,0.00,1900000.00,0.00,0.00,9.00,Kos Campur,12.00,1,0,1,1,1,1,1,0,1,0,1,0,1,0,0,0,1,0,1,0,0,0,0,0,0,1,0,0,0
Jakarta Barat,0.00,1900000.00,0.00,0.00,9.00,Kos Campur,12.00,1,0,1,1,1,1,1,0,1,0,1,0,1,0,0,0,1,0,1,0,0,0,0,0,0,1,0,0,0
Jakarta Utara,1.00,1800000.00,0.00,0.00,0.00,Kos Campur,12.00,0,0,1,1,1,1,1,0,0,1,1,0,1,0,1,1,1,0,1,0,1,0,0,0,0,0,0,1,0
Jakarta Utara,3.00,850000.00,0.00,0.00,0.00,Kos Campur,3.60,0,1,0,0,0,0,0,0,0,0,0,0,0,0,0,0,0,0,0,0,0,0,1,0,0,0,1,0,0
Jakarta Utara,3.00,850000.00,0.00,0.00,0.00,Kos Campur,3.60,0,1,0,0,0,0,0,0,0,0,0,0,0,0,0,0,0,0,0,0,0,0,1,0,0,0,1,0,0
Jakarta Timur,0.00,900000.00,0.00,0.00,0.00,Kos Putri,9.00,0,0,1,1,0,1,1,1,0,0,1,0,1,0,1,0,0,0,1,0,0,1,0,1,0,0,1,0,0
Jakarta Utara,0.00,670000.00,0.00,0.00,5.00,Kos Putra,9.00,0,1,0,0,0,1,1,0,0,0,1,0,0,0,0,0,0,0,0,0,0,0,0,0,0,0,1,0,0
Jakarta Barat,1.00,800000.00,0.00,0.00,1.00,Kos Putri,7.50,0,1,1,0,1,1,1,0,1,1,1,1,0,0,1,0,0,0,1,0,0,1,1,0,1,0,1,0,1
Jakarta Utara,0.00,2150000.00,0.00,0.00,0.00,Kos Putri,12.00,1,1,1,1,1,1,1,1,1,1,1,0,1,0,1,0,1,0,0,0,1,0,0,0,1,1,0,0,0
Jakarta Barat,3.00,2400000.00,3.60,1.00,3.00,Kos Campur,10.00,1,0,1,1,0,1,1,0,1,1,1,1,1,0,1,1,1,1,1,1,1,1,0,0,0,1,0,1,0
Jakarta Pusat,2.00,1600000.00,0.00,0.00,0.00,Kos Campur,12.00,1,0,1,1,1,0,1,0,1,0,0,0,1,0,1,1,1,0,1,0,0,0,0,0,1,1,0,0,0
Jakarta Timur,0.00,1200000.00,5.00,1.00,3.00,Kos Campur,9.00,0,0,1,1,1,1,1,0,1,1,1,0,1,0,1,0,1,0,1,1,0,0,0,0,1,0,1,0,0
Jakarta Timur,0.00,1300000.00,0.00,0.00,0.00,Kos Putri,9.00,1,0,1,1,1,1,1,1,1,0,1,0,1,0,1,1,1,0,1,1,1,1,1,0,0,0,1,0,0
Jakarta Pusat,0.00,800000.00,0.00,0.00,0.00,Kos Putra,9.00,0,0,0,0,0,0,0,0,0,0,0,0,0,0,0,0,0,0,0,0,0,0,0,0,0,0,1,0,0
Jakarta Pusat,0.00,800000.00,0.00,0.00,0.00,Kos Putra,9.00,0,0,0,0,0,0,0,0,0,0,0,0,0,0,0,0,0,0,0,0,0,0,0,0,0,0,1,0,0
Jakarta Utara,0.00,2000000.00,0.00,0.00,1.00,Kos Campur,12.25,0,0,1,1,1,1,1,1,1,1,1,1,1,0,1,1,1,0,1,0,1,0,0,1,0,0,0,0,0
Jakarta Utara,0.00,3300000.00,0.00,0.00,0.00,Kos Campur,18.00,0,0,1,1,1,0,1,1,1,0,0,1,1,1,1,1,1,1,1,1,0,1,0,0,0,1,0,0,0
Jakarta Utara,3.00,1400000.00,5.00,1.00,0.00,Kos Campur,12.00,1,0,0,1,0,0,1,0,1,1,0,0,1,0,1,0,1,1,1,1,0,0,0,0,0,1,0,0,0
Jakarta Utara,0.00,1350000.00,0.00,0.00,5.00,Kos Campur,9.00,0,0,0,1,1,0,1,1,1,1,1,1,1,0,1,1,1,0,1,1,0,0,0,1,1,1,0,1,0
Jakarta Pusat,0.00,2300000.00,0.00,0.00,1.00,Kos Campur,12.00,0,0,1,1,1,1,1,1,1,1,1,1,1,0,0,0,1,1,1,1,1,1,0,1,1,1,0,1,0
Jakarta Utara,0.00,800000.00,0.00,0.00,1.00,Kos Putri,9.00,0,0,1,0,1,1,1,0,0,1,1,0,0,0,0,0,1,0,1,0,1,0,0,0,0,0,0,0,0
Jakarta Timur,1.00,1250000.00,0.00,0.00,0.00,Kos Putri,4.00,0,0,0,1,1,1,1,1,1,1,1,0,1,0,1,0,1,0,0,1,1,0,0,0,1,0,1,0,0
Jakarta Timur,1.00,1250000.00,0.00,0.00,0.00,Kos Putri,4.00,0,0,0,1,1,1,1,1,1,1,1,0,1,0,1,0,1,0,0,1,1,0,0,0,1,0,1,0,0
Jakarta Timur,1.00,1250000.00,0.00,0.00,0.00,Kos Putri,4.00,0,0,0,1,1,1,1,1,1,1,1,0,1,0,1,0,1,0,0,1,1,0,0,0,1,0,1,0,0
Jakarta Timur,1.00,1250000.00,0.00,0.00,0.00,Kos Putri,9.00,0,0,0,0,0,0,0,0,0,0,0,0,0,0,0,0,0,0,0,0,0,0,0,0,0,0,0,0,0
Jakarta Barat,0.00,2370000.00,0.00,0.00,2.00,Kos Campur,14.00,0,0,1,1,1,1,1,0,1,1,1,1,1,1,1,1,1,1,1,1,1,0,0,0,0,1,0,1,0
Jakarta Barat,0.00,2380000.00,3.80,2.00,34.00,Kos Campur,12.00,0,0,1,1,1,1,1,0,1,1,1,1,1,1,1,1,1,1,1,0,1,0,0,0,0,1,0,1,0
Jakarta Timur,0.00,1700000.00,0.00,0.00,0.00,Kos Campur,9.00,1,0,1,1,0,1,1,0,1,0,1,1,1,0,1,0,1,0,1,1,1,0,0,1,1,0,0,0,0
Jakarta Timur,0.00,1700000.00,0.00,0.00,0.00,Kos Campur,9.00,1,0,1,1,0,1,1,0,1,0,1,1,1,0,1,0,1,0,1,1,1,0,0,1,1,0,0,0,0
Jakarta Timur,0.00,1700000.00,0.00,0.00,0.00,Kos Campur,9.00,1,0,1,1,0,1,1,0,1,0,1,1,1,0,1,0,1,0,1,1,1,0,0,1,1,0,0,0,0
Jakarta Timur,0.00,1700000.00,0.00,0.00,0.00,Kos Campur,9.00,1,0,1,1,0,1,1,0,1,0,1,1,1,0,1,0,1,0,1,1,1,0,0,1,1,0,0,0,0
Jakarta Timur,0.00,1700000.00,0.00,0.00,0.00,Kos Campur,9.00,1,0,1,1,0,1,1,0,1,0,1,1,1,0,1,0,1,0,1,1,1,0,0,1,1,0,0,0,0
Jakarta Timur,0.00,1600000.00,0.00,0.00,0.00,Kos Putri,9.00,0,0,1,1,1,1,1,0,0,0,0,0,1,0,1,0,1,0,1,1,1,0,0,0,0,0,0,0,0
Jakarta Selatan,0.00,2000000.00,0.00,0.00,0.00,Kos Campur,9.00,0,0,1,1,1,1,1,1,1,0,1,1,1,1,1,1,1,1,1,1,1,1,0,1,0,1,0,0,0
Jakarta Pusat,0.00,2500000.00,0.00,0.00,8.00,Kos Campur,9.00,0,0,1,1,1,1,1,1,1,1,0,1,1,1,0,0,1,1,1,1,1,0,0,1,0,0,0,1,0
Jakarta Utara,0.00,2250000.00,0.00,0.00,3.00,Kos Campur,9.00,0,0,1,1,0,1,1,1,1,1,0,1,1,1,1,0,1,1,1,1,1,1,0,0,0,1,0,1,0
Jakarta Pusat,0.00,4000000.00,0.00,0.00,0.00,Kos Campur,25.00,0,0,1,1,1,1,1,1,1,1,0,1,1,1,1,1,1,1,1,1,1,1,0,1,0,1,0,1,0
Jakarta Pusat,0.00,4000000.00,0.00,0.00,0.00,Kos Campur,25.00,0,0,1,1,1,1,0,0,1,1,0,1,1,1,1,1,1,1,1,1,1,1,0,1,0,1,0,1,0
Jakarta Pusat,0.00,4500000.00,0.00,0.00,0.00,Kos Campur,30.00,0,0,1,1,1,1,1,1,1,1,0,1,1,1,1,1,1,1,1,1,1,1,0,1,0,1,0,1,0
Jakarta Pusat,0.00,2500000.00,0.00,0.00,0.00,Kos Campur,9.00,0,0,1,1,1,1,1,1,1,1,0,1,1,1,1,1,1,1,1,1,1,1,0,1,0,1,0,1,0
Jakarta Timur,2.00,1200000.00,1.50,1.00,0.00,Kos Putra,6.00,0,0,0,1,0,0,1,0,1,0,1,1,1,0,0,0,1,0,1,0,1,0,0,1,0,0,1,0,0
Jakarta Utara,1.00,1000000.00,0.00,0.00,0.00,Kos Campur,12.00,0,1,1,0,1,1,1,0,1,1,1,0,0,0,1,1,0,0,1,1,0,0,1,0,1,0,0,0,0
Jakarta Pusat,1.00,3400000.00,5.00,1.00,1.00,Kos Campur,12.00,1,0,1,1,1,1,1,0,1,1,0,1,1,1,1,1,1,1,1,1,1,1,0,0,0,0,0,0,0
Jakarta Barat,0.00,2500000.00,5.00,1.00,2.00,Kos Campur,9.90,0,0,1,1,1,1,1,0,1,1,1,0,1,1,1,1,1,1,1,1,1,1,0,0,1,0,0,0,0
Jakarta Timur,2.00,1800000.00,0.00,0.00,0.00,Kos Putri,12.00,0,0,1,1,0,1,1,1,1,1,1,0,1,1,1,0,1,0,1,1,1,1,0,0,1,0,1,1,0
Jakarta Pusat,0.00,2000000.00,4.50,6.00,1.00,Kos Campur,7.50,1,0,1,0,1,0,1,0,1,1,1,1,1,0,0,0,1,0,1,1,1,1,0,1,0,1,1,0,0
Jakarta Timur,0.00,1400000.00,0.00,0.00,0.00,Kos Campur,12.00,0,0,1,0,1,1,1,0,1,0,1,1,1,1,1,1,0,0,1,1,1,0,0,1,0,0,1,0,0
Jakarta Barat,0.00,1900000.00,4.60,2.00,5.00,Kos Campur,9.00,0,0,1,1,1,1,1,0,1,0,0,1,1,1,1,0,1,1,1,1,1,1,0,1,1,1,0,0,0
Jakarta Timur,1.00,2000000.00,0.00,0.00,0.00,Kos Campur,12.00,0,0,1,1,1,1,1,1,1,1,0,1,1,1,1,0,1,1,1,1,1,0,0,0,1,0,0,0,0
Jakarta Barat,1.00,2000000.00,4.90,2.00,4.00,Kos Campur,8.00,0,0,1,1,1,1,1,0,1,0,1,1,1,1,1,1,1,1,1,1,1,1,0,1,0,0,0,0,0
Jakarta Utara,3.00,1850000.00,5.00,3.00,2.00,Kos Campur,9.00,0,1,0,1,1,1,1,0,1,0,1,1,1,1,1,1,1,1,1,1,1,1,0,1,0,0,0,0,0
Jakarta Utara,1.00,800000.00,4.50,2.00,14.00,Kos Campur,5.00,0,1,0,1,1,1,1,0,1,1,1,0,0,0,1,0,1,0,1,1,1,0,0,0,1,0,0,0,0
Jakarta Utara,1.00,695000.00,4.80,3.00,15.00,Kos Campur,5.00,0,1,0,1,1,0,1,0,1,1,1,0,0,0,1,1,1,0,1,1,1,0,1,0,1,0,0,0,0
Jakarta Pusat,3.00,3300000.00,0.00,0.00,6.00,Kos Campur,9.00,0,0,1,1,1,1,1,1,1,0,0,1,1,1,1,1,1,1,1,1,1,0,0,0,1,1,0,0,0
Jakarta Pusat,0.00,2600000.00,4.40,11.00,7.00,Kos Campur,9.00,0,0,1,1,1,0,1,0,0,1,1,1,1,1,1,0,1,1,1,0,1,0,0,1,0,1,0,0,0
Jakarta Utara,0.00,1500000.00,0.00,0.00,1.00,Kos Campur,9.00,1,0,1,1,1,1,1,0,1,1,1,1,1,0,1,1,1,1,1,1,1,1,0,1,0,1,0,0,0
Jakarta Timur,1.00,1200000.00,4.60,1.00,4.00,Kos Putri,18.00,0,0,1,1,1,1,1,1,1,0,1,1,1,0,1,0,1,0,1,0,1,0,0,1,0,0,1,0,0
Jakarta Pusat,3.00,900000.00,0.00,0.00,3.00,Kos Campur,9.00,0,0,1,0,1,1,1,0,0,0,1,0,0,0,1,0,0,0,1,0,0,0,1,0,0,0,1,0,0
Jakarta Timur,0.00,1200000.00,0.00,0.00,0.00,Kos Putri,9.00,0,0,0,0,0,0,0,0,0,0,0,0,0,0,0,0,0,0,0,0,0,0,0,0,0,0,0,0,0
Jakarta Pusat,3.00,1700000.00,0.00,0.00,0.00,Kos Campur,9.00,0,0,1,0,1,1,1,0,1,0,1,1,1,0,1,1,1,0,1,1,1,0,0,0,0,0,0,0,0
Jakarta Pusat,3.00,1700000.00,0.00,0.00,0.00,Kos Campur,9.00,0,0,1,0,1,1,1,0,1,0,1,1,1,0,1,1,1,0,1,1,1,0,0,0,0,0,0,0,0
Jakarta Utara,2.00,1400000.00,4.60,2.00,1.00,Kos Putra,9.00,0,0,0,1,1,0,1,0,0,1,1,1,1,1,1,0,1,0,1,1,1,1,0,1,0,1,0,1,0
Jakarta Barat,0.00,2500000.00,0.00,0.00,0.00,Kos Campur,9.00,0,0,1,1,1,1,1,0,1,1,0,1,1,0,1,1,1,0,1,1,1,1,0,1,1,0,1,1,0
Jakarta Pusat,0.00,2999000.00,4.80,15.00,74.00,Kos Campur,9.00,1,0,1,1,1,1,1,0,1,1,1,1,1,1,1,1,1,1,1,1,1,1,0,0,0,1,0,1,0
Jakarta Utara,2.00,1100000.00,0.00,0.00,7.00,Kos Campur,6.00,0,0,1,1,1,1,1,0,1,0,1,0,0,0,0,0,1,0,1,1,1,0,0,0,0,0,0,0,0
Jakarta Utara,0.00,2200000.00,0.00,0.00,1.00,Kos Putra,12.00,0,0,1,1,0,0,0,0,1,1,0,0,1,1,0,0,1,1,1,1,1,0,0,0,0,0,0,0,0
Jakarta Utara,0.00,1500000.00,0.00,0.00,0.00,Kos Campur,9.00,0,0,0,1,0,0,0,0,0,0,0,1,1,0,1,0,1,0,1,0,0,1,0,1,0,1,0,0,0
Jakarta Utara,1.00,1700000.00,0.00,0.00,1.00,Kos Campur,9.00,0,1,0,1,1,1,1,0,1,0,0,0,1,0,0,0,1,1,1,0,1,0,0,1,0,1,0,0,0
Jakarta Timur,2.00,1600000.00,0.00,0.00,0.00,Kos Campur,12.00,1,0,1,1,1,1,1,0,0,0,1,0,1,0,0,0,1,0,0,0,1,0,0,0,0,1,0,0,0
Jakarta Barat,0.00,1300000.00,0.00,0.00,0.00,Kos Campur,12.00,1,0,0,1,0,1,1,0,1,0,1,1,1,0,1,0,1,1,1,0,0,0,0,0,1,0,0,0,0
Jakarta Selatan,1.00,3500000.00,0.00,0.00,15.00,Kos Campur,15.00,1,0,1,1,1,0,1,1,1,1,0,1,1,1,0,0,1,1,1,1,1,1,0,0,1,1,0,1,0
Jakarta Selatan,0.00,2000000.00,0.00,0.00,0.00,Kos Putri,9.00,1,1,1,1,1,1,1,1,1,1,1,1,1,0,1,1,1,0,1,0,1,0,0,0,0,0,1,0,0
Jakarta Utara,1.00,1500000.00,0.00,0.00,0.00,Kos Putra,9.00,0,0,1,1,1,0,1,1,1,1,1,1,1,0,1,1,1,0,1,0,1,0,0,1,1,0,0,0,0
Jakarta Pusat,0.00,1300000.00,0.00,0.00,0.00,Kos Campur,10.50,1,1,0,1,1,0,1,0,1,1,1,1,0,0,1,1,1,0,1,0,0,0,1,1,1,1,1,0,0
Jakarta Utara,0.00,1500000.00,5.00,1.00,10.00,Kos Campur,16.00,1,0,1,1,1,1,1,0,1,1,1,1,1,0,1,0,1,0,1,1,1,0,0,0,0,0,0,0,0
Jakarta Utara,0.00,1700000.00,0.00,0.00,0.00,Kos Campur,12.00,1,0,1,1,1,0,1,0,1,0,1,1,1,0,1,1,1,0,1,0,0,0,0,1,0,0,1,0,0
Jakarta Selatan,2.00,1300000.00,5.00,1.00,1.00,Kos Campur,7.50,0,1,1,0,1,1,0,0,1,0,1,0,0,0,1,0,0,0,1,0,0,0,1,0,1,0,1,0,0
Jakarta Utara,1.00,1400000.00,0.00,0.00,5.00,Kos Campur,17.50,0,0,1,1,1,0,1,0,1,1,1,1,1,1,1,1,1,0,0,0,1,0,0,1,0,0,0,0,1
Jakarta Utara,2.00,2000000.00,4.80,2.00,8.00,Kos Campur,9.00,1,0,1,1,1,1,1,1,1,1,1,1,1,0,1,1,1,1,1,1,1,1,0,0,1,1,0,0,0
Jakarta Timur,1.00,1200000.00,0.00,0.00,0.00,Kos Campur,12.00,0,0,0,1,1,1,1,0,1,0,1,0,1,0,1,1,0,0,0,1,1,0,1,1,1,1,1,0,1
Jakarta Utara,2.00,900000.00,0.00,0.00,0.00,Kos Campur,12.00,1,0,0,0,1,1,1,0,0,1,1,0,0,0,0,0,0,0,0,0,1,0,0,0,0,0,1,0,0
Jakarta Timur,1.00,1350000.00,0.00,0.00,0.00,Kos Putri,9.00,0,1,0,1,0,1,1,0,1,1,1,1,1,0,1,1,1,0,1,1,1,0,1,1,1,0,1,1,0
Jakarta Barat,2.00,1600000.00,0.00,0.00,0.00,Kos Campur,9.00,1,0,1,1,1,0,1,0,1,0,0,0,1,0,0,0,1,0,1,0,1,0,0,0,0,1,0,0,0
Jakarta Selatan,0.00,6499000.00,4.50,2.00,13.00,Kos Campur,25.00,0,0,1,1,1,1,1,1,1,1,0,1,1,1,1,1,1,1,1,1,1,1,0,0,0,1,0,0,0
Jakarta Timur,0.00,1975000.00,0.00,0.00,0.00,Kos Putra,9.00,0,1,1,1,1,1,1,0,1,0,1,1,1,0,1,1,1,0,1,0,1,1,0,1,1,0,0,0,0
Jakarta Utara,0.00,850000.00,0.00,0.00,3.00,Kos Campur,15.00,0,0,1,0,1,0,1,0,1,0,1,0,0,0,0,0,0,0,0,0,0,0,0,0,0,0,0,0,0
Jakarta Barat,2.00,2200000.00,0.00,0.00,5.00,Kos Campur,14.00,0,0,1,1,1,1,1,1,1,1,1,1,1,1,1,0,1,1,1,1,1,1,0,0,1,1,0,0,0
Jakarta Pusat,1.00,4700000.00,0.00,0.00,0.00,Kos Campur,16.50,0,1,1,1,1,1,1,1,1,1,1,1,1,1,1,0,1,1,1,1,1,1,0,1,0,1,0,1,0
Jakarta Pusat,1.00,3750000.00,0.00,0.00,0.00,Kos Campur,13.50,1,1,1,1,1,1,1,1,1,1,1,1,1,1,1,1,1,1,1,1,1,1,0,0,0,1,0,1,0
Jakarta Pusat,1.00,3500000.00,0.00,0.00,0.00,Kos Putri,30.00,0,1,1,1,1,1,1,1,1,1,1,1,1,1,1,1,1,0,0,0,1,1,0,1,0,1,1,1,1
Jakarta Utara,2.00,1550000.00,0.00,0.00,0.00,Kos Putri,9.00,0,1,0,1,0,1,1,0,0,1,1,0,1,0,1,1,0,0,1,1,0,0,1,0,0,0,0,0,1
Jakarta Timur,0.00,1500000.00,0.00,0.00,2.00,Kos Campur,9.00,0,0,1,1,1,0,1,0,1,1,1,1,1,1,1,0,1,1,1,1,1,1,0,1,0,1,0,0,0
Jakarta Barat,3.00,2600000.00,0.00,0.00,0.00,Kos Campur,12.00,1,0,1,1,1,1,1,1,1,0,0,0,1,0,1,0,1,1,1,1,1,1,0,1,1,1,0,0,0
Jakarta Utara,2.00,860000.00,0.00,0.00,3.00,Kos Campur,9.36,0,1,1,0,1,1,1,1,1,0,1,1,0,0,1,0,1,0,1,0,0,0,1,0,0,0,1,0,0
Jakarta Barat,0.00,1400000.00,0.00,0.00,0.00,Kos Putra,9.00,0,0,0,0,0,0,0,0,0,0,0,0,0,0,0,0,0,0,0,0,0,0,0,0,0,0,0,0,0
Jakarta Utara,1.00,1400000.00,0.00,0.00,6.00,Kos Putri,12.00,0,0,1,1,1,1,1,0,1,0,1,1,1,0,1,0,1,0,1,1,1,0,0,0,1,0,1,0,0
Jakarta Utara,1.00,2000000.00,0.00,0.00,0.00,Kos Putri,9.00,0,0,0,1,0,1,1,0,1,0,0,1,1,1,1,1,0,0,1,1,1,0,0,0,0,0,0,0,0
Jakarta Utara,1.00,2100000.00,0.00,0.00,0.00,Kos Putri,9.00,0,0,1,1,1,1,1,1,1,1,1,1,1,1,1,1,1,1,1,1,0,0,0,0,0,1,0,0,0
Jakarta Utara,1.00,1300000.00,0.00,0.00,1.00,Kos Campur,6.00,1,1,0,1,1,1,1,0,1,1,1,1,1,0,1,0,1,0,0,1,1,1,0,1,0,1,0,0,0
Jakarta Timur,0.00,1000000.00,0.00,0.00,1.00,Kos Campur,12.00,0,1,1,0,1,1,1,0,0,0,0,0,0,0,1,1,0,0,1,0,1,0,0,0,1,0,1,0,0
Jakarta Utara,0.00,1600000.00,0.00,0.00,5.00,Kos Campur,12.00,0,0,1,0,1,1,1,0,1,0,0,0,1,1,1,0,1,0,1,1,1,1,0,0,1,0,1,0,0
Jakarta Utara,0.00,2300000.00,0.00,0.00,7.00,Kos Campur,9.00,1,1,0,1,1,1,1,1,1,1,1,0,1,0,1,1,1,0,1,1,0,0,0,0,1,1,0,1,0
Jakarta Selatan,1.00,2500000.00,0.00,0.00,0.00,Kos Putri,16.00,0,0,1,1,0,1,1,1,1,1,1,1,1,0,1,1,1,0,1,1,1,1,0,1,1,0,0,1,0
Jakarta Barat,1.00,2000000.00,0.00,0.00,7.00,Kos Putri,8.10,1,0,1,1,1,1,1,0,1,1,1,1,1,1,1,1,1,1,1,1,1,1,0,0,1,1,0,0,0
Jakarta Utara,2.00,1300000.00,3.40,1.00,9.00,Kos Campur,9.00,0,0,0,1,1,1,1,1,1,1,1,1,1,1,0,0,1,0,1,0,1,0,1,1,0,1,1,1,0
Jakarta Utara,0.00,1700000.00,0.00,0.00,0.00,Kos Putri,6.72,0,0,0,1,1,1,1,0,1,1,1,1,1,0,1,1,1,1,1,1,1,1,0,1,1,1,0,0,0
Jakarta Utara,0.00,2500000.00,0.00,0.00,0.00,Kos Putri,6.72,0,0,1,1,0,1,1,0,1,1,1,1,1,0,1,1,1,1,1,1,1,1,0,1,1,1,0,0,0
Jakarta Utara,0.00,1700000.00,0.00,0.00,0.00,Kos Putri,9.00,0,0,1,1,1,1,1,1,1,1,1,0,1,0,1,0,1,0,1,1,1,1,0,0,1,1,1,0,0
Jakarta Barat,2.00,2800000.00,4.90,1.00,4.00,Kos Campur,14.00,0,0,1,1,1,0,1,1,0,1,0,1,1,1,0,0,1,1,1,0,0,0,0,0,0,1,0,0,0
Jakarta Pusat,0.00,3000000.00,0.00,0.00,1.00,Kos Campur,16.00,0,0,1,1,0,0,1,1,1,1,1,1,1,1,0,0,1,1,1,0,0,0,0,1,0,1,0,0,0
Jakarta Pusat,3.00,3500000.00,0.00,0.00,0.00,Kos Campur,12.00,0,0,1,1,0,0,1,1,1,1,1,1,1,1,0,0,1,1,1,0,0,0,0,1,0,1,0,0,0
Jakarta Pusat,3.00,4000000.00,0.00,0.00,0.00,Kos Campur,24.00,0,0,1,1,0,0,1,1,1,1,1,1,1,1,0,0,1,1,1,0,0,0,0,1,0,1,0,0,0
Jakarta Selatan,1.00,2100000.00,0.00,0.00,0.00,Kos Putri,23.10,1,0,1,0,1,1,1,0,1,1,1,1,1,0,1,1,1,0,1,1,1,1,0,0,1,0,1,0,0
Jakarta Utara,0.00,1400000.00,0.00,0.00,0.00,Kos Putri,9.00,0,0,0,1,1,1,1,0,1,1,1,1,1,1,1,1,1,0,1,1,1,0,0,1,1,1,1,0,0
Jakarta Timur,1.00,3650000.00,5.00,3.00,7.00,Kos Campur,20.00,0,0,1,1,1,1,1,1,1,1,1,1,1,1,1,1,1,1,1,1,1,1,0,0,0,1,1,1,0
Jakarta Utara,0.00,2000000.00,0.00,0.00,0.00,Kos Campur,9.00,1,0,1,1,1,0,1,0,1,1,1,1,1,0,1,1,1,0,0,0,1,1,0,1,1,0,0,1,0
Jakarta Utara,0.00,1900000.00,4.00,2.00,14.00,Kos Campur,9.00,0,1,1,1,1,1,1,1,1,1,1,1,1,0,1,1,1,0,1,1,1,0,0,1,0,0,0,1,0
Jakarta Timur,0.00,2650000.00,0.00,0.00,0.00,Kos Campur,15.00,0,0,1,1,1,1,1,1,1,1,1,1,1,0,1,1,1,1,1,1,1,0,1,0,0,1,0,0,0
Jakarta Utara,0.00,1400000.00,0.00,0.00,5.00,Kos Campur,9.00,0,0,1,0,1,1,1,1,1,0,1,1,1,1,1,0,0,0,1,1,1,0,0,1,1,1,1,0,0
Jakarta Utara,0.00,885000.00,0.00,0.00,0.00,Kos Campur,9.00,0,0,0,1,1,0,1,0,1,1,1,0,0,0,0,0,1,0,1,0,1,0,1,0,0,1,0,0,0
Jakarta Utara,1.00,1399999.00,0.00,0.00,0.00,Kos Campur,9.00,0,0,1,1,1,0,1,0,1,1,1,0,1,1,1,1,1,0,1,1,1,1,0,0,0,0,0,1,0
Jakarta Barat,3.00,2650000.00,0.00,0.00,0.00,Kos Campur,12.00,0,0,1,1,1,1,1,1,1,1,1,1,1,1,1,1,1,1,1,1,1,1,0,0,0,1,0,1,0
Jakarta Pusat,1.00,2600000.00,0.00,0.00,2.00,Kos Campur,9.00,1,0,1,0,1,1,1,1,1,1,1,1,1,1,1,1,1,1,1,1,1,1,0,0,0,1,0,1,0
Jakarta Timur,1.00,1300000.00,0.00,0.00,3.00,Kos Campur,7.50,1,0,1,0,0,0,1,0,0,0,1,0,0,0,0,0,0,0,1,0,1,0,1,0,0,1,0,0,0
Jakarta Timur,3.00,1550000.00,0.00,0.00,2.00,Kos Campur,21.00,1,0,1,0,1,1,1,0,1,1,1,0,1,0,1,0,0,0,0,0,0,0,0,0,1,1,1,0,0
Jakarta Utara,1.00,1300000.00,0.00,0.00,0.00,Kos Campur,9.00,0,1,0,0,0,1,1,1,1,1,1,1,0,0,0,1,0,0,1,0,1,1,0,1,1,0,1,0,0
Jakarta Utara,0.00,700000.00,0.00,0.00,2.00,Kos Campur,9.00,0,1,1,0,1,1,1,1,1,1,1,0,0,1,1,0,0,0,1,0,0,0,1,0,0,0,1,0,0
Jakarta Timur,0.00,1005000.00,0.00,0.00,0.00,Kos Putra,6.00,0,0,0,1,1,1,1,0,1,1,1,0,1,0,1,0,0,0,1,0,1,0,0,0,0,0,1,1,0
Jakarta Utara,0.00,700000.00,0.00,0.00,0.00,Kos Campur,12.00,0,0,0,0,0,1,1,0,1,1,1,0,0,0,1,0,0,0,0,0,0,0,0,0,0,1,1,0,1
Jakarta Utara,0.00,1300000.00,3.10,6.00,0.00,Kos Campur,12.00,0,0,1,0,0,0,1,1,0,0,0,0,1,1,0,0,1,1,1,0,1,0,0,0,0,0,1,0,0
Jakarta Utara,0.00,1300000.00,1.30,1.00,3.00,Kos Campur,12.00,0,0,1,0,1,0,1,1,0,0,1,0,1,1,0,0,1,0,1,0,1,0,0,0,0,0,1,0,0
Jakarta Utara,0.00,1100000.00,0.00,0.00,4.00,Kos Campur,5.00,0,0,1,0,1,1,1,0,0,0,1,0,1,0,1,0,1,0,1,1,1,0,0,0,1,0,1,0,0
Jakarta Timur,2.00,900000.00,0.00,0.00,0.00,Kos Putri,12.00,0,0,1,0,0,0,1,0,0,0,0,0,0,0,1,0,0,0,1,0,0,0,1,0,1,0,0,0,0
Jakarta Utara,1.00,1700000.00,0.00,0.00,0.00,Kos Campur,12.00,0,0,1,1,1,1,1,0,1,1,1,1,1,0,1,1,1,1,1,1,1,1,0,1,1,1,1,0,0
Jakarta Barat,1.00,2225000.00,4.30,3.00,9.00,Kos Campur,12.00,0,0,1,1,1,0,1,1,0,1,1,1,1,1,0,0,1,1,1,1,0,1,0,1,0,0,0,1,0
Jakarta Pusat,0.00,1600000.00,0.00,0.00,0.00,Kos Campur,5.76,1,0,1,1,0,0,0,0,0,0,0,1,0,0,0,0,0,0,1,0,0,0,0,0,0,0,0,0,0
Jakarta Barat,2.00,2250000.00,5.00,2.00,14.00,Kos Campur,15.00,0,1,1,1,1,1,1,1,1,1,1,1,1,1,1,1,1,0,1,1,0,0,0,0,0,1,0,1,0
Jakarta Pusat,0.00,2350000.00,0.00,0.00,0.00,Kos Putri,17.50,0,0,1,1,1,1,1,0,1,0,1,1,1,0,1,1,1,1,1,1,1,0,0,0,1,1,1,0,0
Jakarta Utara,2.00,1050000.00,0.00,0.00,1.00,Kos Putra,6.60,0,0,0,1,0,1,1,0,1,1,1,0,0,0,0,0,0,0,1,0,1,0,0,0,0,0,0,0,0
Jakarta Selatan,1.00,1100000.00,0.00,0.00,1.00,Kos Putri,6.00,0,0,1,1,1,1,0,0,1,0,1,0,0,0,0,0,1,0,1,1,1,0,1,0,0,0,1,0,0
Jakarta Utara,0.00,1300000.00,0.00,0.00,4.00,Kos Campur,7.50,0,0,1,1,0,0,1,1,0,1,0,0,1,0,0,0,0,0,1,0,1,0,0,0,0,0,0,1,0
Jakarta Timur,1.00,1650000.00,0.00,0.00,5.00,Kos Putri,9.00,1,0,1,0,1,1,1,0,1,0,1,1,1,1,1,0,0,0,1,1,1,1,0,1,1,0,1,0,0
Jakarta Barat,2.00,2000000.00,4.90,1.00,4.00,Kos Putri,7.20,1,0,1,1,1,1,1,1,1,1,1,1,1,0,1,1,1,1,1,0,1,0,0,0,1,0,0,0,0
Jakarta Timur,0.00,1400000.00,0.00,0.00,4.00,Kos Putri,9.00,0,0,1,1,1,1,1,0,0,1,1,1,1,0,1,0,1,0,1,1,1,0,0,1,0,0,0,1,0
Jakarta Utara,2.00,2500000.00,0.00,0.00,0.00,Kos Putri,12.00,1,0,1,1,1,1,1,1,1,1,1,1,1,0,1,1,1,1,1,1,1,1,0,1,1,0,0,1,0
Jakarta Timur,0.00,1200000.00,0.00,0.00,0.00,Kos Campur,12.00,0,0,1,1,0,0,1,0,1,1,1,0,1,0,1,1,1,0,1,1,1,1,0,0,1,1,0,1,0
Jakarta Utara,0.00,1100000.00,0.00,0.00,0.00,Kos Campur,12.00,0,0,1,0,0,1,0,0,0,0,0,0,1,0,1,0,0,0,1,0,0,0,0,0,1,0,0,0,0
Jakarta Utara,1.00,1100000.00,0.00,0.00,2.00,Kos Campur,18.00,0,0,1,0,1,1,1,0,0,0,1,0,0,0,1,0,0,0,1,0,0,0,1,1,0,0,1,0,0
Jakarta Timur,1.00,950000.00,0.00,0.00,0.00,Kos Putri,9.00,1,0,0,1,0,1,0,0,1,0,1,0,0,0,0,0,0,0,0,0,1,0,0,0,0,0,0,0,0
Jakarta Timur,1.00,1200000.00,0.00,0.00,0.00,Kos Putri,9.00,0,1,1,0,1,1,1,0,1,1,1,0,0,1,1,0,0,0,1,1,0,0,1,0,0,0,0,0,1
Jakarta Timur,1.00,1200000.00,0.00,0.00,0.00,Kos Putri,9.00,0,1,1,0,1,1,1,0,1,1,1,0,0,1,1,0,0,0,1,1,0,0,1,0,0,0,0,0,1
Jakarta Timur,1.00,1600000.00,0.00,0.00,0.00,Kos Campur,15.00,1,0,1,1,1,1,1,0,1,1,1,1,1,0,1,0,0,0,1,1,1,0,0,1,0,0,1,0,0
Jakarta Timur,1.00,1600000.00,0.00,0.00,0.00,Kos Campur,15.00,1,0,1,1,1,1,1,0,1,1,1,1,1,0,1,0,0,0,1,1,1,0,0,1,0,0,1,0,0
Jakarta Timur,1.00,1600000.00,0.00,0.00,0.00,Kos Campur,15.00,1,0,1,1,1,1,1,0,1,1,1,1,1,0,1,0,0,0,1,1,1,0,0,1,0,0,1,0,0
Jakarta Timur,1.00,1600000.00,0.00,0.00,0.00,Kos Campur,15.00,1,0,1,1,1,1,1,0,1,1,1,1,1,0,1,0,0,0,1,1,1,0,0,1,0,0,1,0,0
Jakarta Timur,1.00,1600000.00,0.00,0.00,0.00,Kos Campur,15.00,1,0,1,1,1,1,1,0,1,1,1,1,1,0,1,0,0,0,1,1,1,0,0,1,0,0,1,0,0
Jakarta Timur,1.00,1300000.00,0.00,0.00,1.00,Kos Putri,12.00,0,0,1,1,1,1,1,0,1,1,1,1,1,0,1,0,0,0,1,1,1,0,0,1,0,0,1,0,0
Jakarta Barat,3.00,2300000.00,5.00,2.00,7.00,Kos Campur,16.00,0,0,1,1,1,1,1,1,1,1,1,1,1,1,0,0,1,1,1,1,1,1,0,1,0,1,1,0,0
Jakarta Utara,3.00,2100000.00,5.00,1.00,7.00,Kos Campur,11.61,1,0,1,1,1,1,1,0,1,1,1,1,1,0,1,1,1,1,0,1,0,0,0,1,0,1,0,1,0
Jakarta Utara,0.00,2400000.00,0.00,0.00,0.00,Kos Campur,11.61,0,0,1,1,1,1,1,0,1,1,1,1,1,0,1,1,1,1,0,1,1,0,0,1,0,1,0,1,0
Jakarta Utara,1.00,1900000.00,0.00,0.00,1.00,Kos Campur,12.00,1,1,0,1,1,1,1,1,0,1,1,0,1,0,1,1,1,1,1,1,1,1,0,1,0,1,0,1,0
Jakarta Timur,3.00,1250000.00,0.00,0.00,0.00,Kos Putri,9.00,0,1,0,1,1,1,1,0,1,1,1,1,1,0,1,0,0,0,1,1,1,0,1,0,0,0,1,0,1
Jakarta Timur,3.00,1250000.00,0.00,0.00,0.00,Kos Putri,9.00,0,1,0,1,1,1,1,0,1,1,1,1,1,0,1,0,0,0,1,1,1,0,1,0,0,0,1,0,1
Jakarta Timur,3.00,1250000.00,0.00,0.00,0.00,Kos Putri,9.00,0,1,0,1,1,1,1,0,1,1,1,1,1,0,1,0,0,0,1,1,1,0,1,0,0,0,1,0,1
Jakarta Timur,3.00,1250000.00,0.00,0.00,0.00,Kos Putri,9.00,0,1,0,1,1,1,1,0,1,1,1,1,1,0,1,0,0,0,1,1,1,0,1,0,0,0,1,0,1
Jakarta Timur,3.00,1250000.00,0.00,0.00,0.00,Kos Putri,9.00,0,1,0,1,1,1,1,0,1,1,1,1,1,0,1,0,0,0,1,1,1,0,1,0,0,0,1,0,1
Jakarta Timur,1.00,1850000.00,5.00,1.00,5.00,Kos Putra,6.00,0,1,1,1,1,1,1,0,1,0,1,1,0,0,1,0,1,0,1,0,1,1,0,1,1,0,1,0,0
Jakarta Barat,0.00,1500000.00,0.00,0.00,0.00,Kos Campur,9.00,0,0,1,1,0,1,1,0,1,0,0,1,1,0,1,1,1,0,1,0,1,1,0,0,1,0,0,0,0
Jakarta Barat,2.00,1400000.00,0.00,0.00,1.00,Kos Campur,9.00,0,0,1,0,1,1,1,0,1,0,1,1,1,0,1,1,0,0,1,0,0,0,0,0,1,0,0,0,0
Jakarta Utara,2.00,2000000.00,0.00,0.00,0.00,Kos Putri,12.00,0,0,0,1,1,1,1,1,1,1,1,1,1,1,1,0,1,0,1,1,1,1,0,0,0,1,0,1,0
Jakarta Pusat,1.00,1000000.00,0.00,0.00,0.00,Kos Campur,12.00,0,1,1,0,1,1,1,0,1,1,1,0,0,0,1,0,0,0,1,1,1,0,1,0,1,1,1,1,0
Jakarta Timur,2.00,950000.00,0.00,0.00,0.00,Kos Putra,5.00,0,1,0,0,1,1,1,0,1,0,1,1,0,1,1,0,1,0,1,0,1,0,1,1,0,0,1,0,0
Jakarta Utara,0.00,2500000.00,0.00,0.00,0.00,Kos Campur,7.50,0,0,1,1,1,0,1,1,0,0,0,1,1,1,1,1,1,1,1,0,0,0,0,1,1,1,0,0,1
Jakarta Utara,0.00,2000000.00,0.00,0.00,0.00,Kos Campur,9.00,0,0,0,0,1,0,0,0,0,0,0,0,0,0,0,0,0,0,1,0,0,0,0,0,0,0,0,0,0
Jakarta Pusat,0.00,1400000.00,4.50,2.00,2.00,Kos Campur,9.00,0,1,1,1,1,1,1,0,1,0,1,0,0,0,1,0,1,0,1,0,0,0,1,0,1,0,1,0,0
Jakarta Timur,1.00,1200000.00,0.00,0.00,0.00,Kos Putra,13.75,1,0,1,0,0,0,1,0,0,0,1,0,0,0,1,0,0,0,1,0,1,0,0,0,0,0,1,0,0
Jakarta Timur,1.00,1200000.00,0.00,0.00,0.00,Kos Putra,13.75,1,0,1,0,0,0,1,0,0,0,1,0,0,0,1,0,0,0,1,0,1,0,0,0,0,0,1,0,0
Jakarta Timur,1.00,1200000.00,0.00,0.00,0.00,Kos Putra,13.75,1,0,1,0,0,0,1,0,0,0,1,0,0,0,1,0,0,0,1,0,1,0,0,0,0,0,1,0,0
Jakarta Timur,1.00,1200000.00,0.00,0.00,0.00,Kos Putra,13.75,1,0,1,0,0,0,1,0,0,0,1,0,0,0,1,0,0,0,1,0,1,0,0,0,0,0,1,0,0
Jakarta Timur,1.00,1200000.00,0.00,0.00,0.00,Kos Putra,13.75,1,0,1,0,0,0,1,0,0,0,1,0,0,0,1,0,0,0,1,0,1,0,0,0,0,0,1,0,0
Jakarta Timur,1.00,1800000.00,4.00,2.00,6.00,Kos Campur,12.00,0,1,1,0,1,1,1,0,1,0,1,0,1,0,1,1,0,0,1,0,0,0,0,0,1,0,1,0,0
Jakarta Utara,0.00,2000000.00,0.00,0.00,6.00,Kos Campur,12.00,1,0,0,1,1,1,1,1,1,1,1,0,1,1,1,0,1,0,1,1,1,0,0,1,1,0,0,0,0
Jakarta Utara,2.00,650000.00,0.00,0.00,8.00,Kos Campur,9.00,0,1,1,0,1,1,1,0,1,1,1,1,0,1,1,1,1,0,1,0,1,0,1,0,1,0,1,0,0
Jakarta Utara,0.00,1850000.00,0.00,0.00,4.00,Kos Campur,12.00,1,0,1,1,1,1,1,0,1,1,1,0,1,0,1,0,1,0,1,1,1,1,0,0,0,0,0,1,0
Jakarta Utara,2.00,1400000.00,0.00,0.00,0.00,Kos Campur,9.90,0,0,1,1,1,0,1,1,1,1,0,1,1,0,0,0,1,0,1,1,0,1,0,1,0,1,1,1,0
Jakarta Utara,0.00,2500000.00,0.00,0.00,6.00,Kos Campur,16.00,0,0,1,1,1,0,1,1,1,1,1,1,1,1,0,0,1,1,1,1,1,1,0,1,0,1,0,0,0
Jakarta Barat,1.00,2600000.00,0.00,0.00,0.00,Kos Putri,14.28,0,0,1,1,1,1,1,0,1,1,1,1,1,1,1,1,1,1,1,1,1,0,0,1,0,1,1,1,0
Jakarta Timur,0.00,2500000.00,0.00,0.00,10.00,Kos Campur,25.00,0,0,1,1,1,1,1,0,1,0,1,1,1,1,1,0,1,0,1,0,1,0,0,1,1,0,1,0,0
Jakarta Utara,2.00,1600000.00,0.00,0.00,0.00,Kos Campur,9.00,0,0,1,1,0,0,1,0,1,0,0,0,1,1,0,0,0,0,1,1,1,1,0,0,0,0,0,0,0
Jakarta Pusat,0.00,3200000.00,0.00,0.00,2.00,Kos Campur,16.00,0,0,1,1,1,1,1,0,1,1,1,1,1,1,1,1,1,1,1,1,1,0,0,0,1,1,0,1,0
Jakarta Pusat,1.00,2400000.00,0.00,0.00,0.00,Kos Campur,12.00,1,0,1,1,1,1,1,0,1,1,1,1,1,0,1,1,1,1,1,1,1,0,0,0,1,0,0,1,0
Jakarta Timur,0.00,1100000.00,0.00,0.00,0.00,Kos Putra,7.04,0,1,1,0,1,1,1,1,1,0,1,0,0,0,0,0,1,0,1,0,1,0,0,0,0,0,0,0,0
Jakarta Utara,1.00,1600000.00,0.00,0.00,2.00,Kos Campur,9.00,0,0,0,0,0,0,0,0,0,0,0,0,0,0,0,0,0,0,0,0,0,0,0,0,0,0,0,0,0
Jakarta Selatan,2.00,4200000.00,4.60,7.00,12.00,Kos Campur,19.25,0,1,1,1,1,1,1,1,1,1,0,1,1,1,0,0,1,1,1,1,0,1,0,1,0,1,0,1,0
Jakarta Utara,0.00,1500000.00,0.00,0.00,3.00,Kos Campur,9.00,0,0,1,1,1,1,1,0,1,1,1,0,1,0,1,0,1,0,1,0,1,0,0,0,0,0,0,1,0
Jakarta Utara,1.00,1800000.00,0.00,0.00,1.00,Kos Campur,9.00,1,0,1,1,1,1,1,0,1,1,1,0,1,0,1,1,1,0,1,0,1,1,0,0,0,1,0,0,0
Jakarta Selatan,2.00,3000000.00,3.00,3.00,15.00,Kos Campur,16.00,1,0,1,1,1,1,1,1,1,1,1,1,1,1,0,0,1,1,1,1,1,1,0,1,0,1,1,0,0
Jakarta Utara,0.00,1600000.00,0.00,0.00,0.00,Kos Putri,12.00,0,0,1,1,1,1,1,0,1,0,1,1,1,0,1,0,1,0,1,1,1,1,0,1,1,0,1,0,1
Jakarta Pusat,1.00,1100000.00,0.00,0.00,1.00,Kos Campur,9.00,1,0,1,0,1,1,1,0,1,1,1,0,1,0,1,0,0,0,1,0,1,0,0,0,0,0,1,0,0
Jakarta Barat,0.00,3800000.00,0.00,0.00,0.00,Kos Campur,12.00,0,0,1,1,1,1,1,1,1,1,0,1,1,1,1,1,1,1,1,1,1,1,0,0,0,1,0,0,0
Jakarta Barat,0.00,2750000.00,0.00,0.00,3.00,Kos Campur,16.00,0,0,1,1,1,1,1,1,1,1,0,1,1,1,1,0,1,1,1,0,0,1,0,1,0,1,0,0,0
Jakarta Timur,1.00,1600000.00,0.00,0.00,0.00,Kos Campur,12.00,1,0,1,1,1,1,1,0,0,0,1,1,1,0,1,0,1,0,1,1,1,0,0,1,1,0,1,0,0
Jakarta Timur,0.00,650000.00,0.00,0.00,0.00,Kos Putri,9.00,0,0,0,0,0,1,1,0,1,0,1,0,0,0,0,0,1,0,1,0,1,0,0,0,0,0,0,0,1
Jakarta Barat,0.00,2233000.00,4.80,4.00,13.00,Kos Campur,12.15,1,0,1,1,1,1,1,0,0,0,0,0,1,1,1,1,1,1,1,0,0,0,0,0,1,0,0,0,0
Jakarta Barat,1.00,1975000.00,4.50,8.00,18.00,Kos Campur,8.40,1,0,1,1,1,1,1,0,0,0,0,0,1,0,1,1,1,1,1,0,0,0,0,0,1,0,0,0,0
Jakarta Barat,2.00,1875000.00,4.50,20.00,57.00,Kos Campur,7.50,1,0,1,1,1,1,1,0,0,0,0,0,1,0,1,1,1,1,1,0,0,0,0,0,1,0,0,0,0
Jakarta Barat,2.00,1957000.00,0.00,0.00,4.00,Kos Campur,16.00,1,0,1,1,1,1,1,1,1,0,0,1,1,0,1,1,1,1,1,0,0,0,0,1,0,0,0,0,0
Jakarta Barat,3.00,1727000.00,0.00,0.00,6.00,Kos Campur,7.68,1,0,1,1,1,1,1,1,1,0,0,1,1,0,1,0,1,1,1,0,0,0,0,1,1,0,0,0,0
Jakarta Utara,1.00,1865000.00,4.90,5.00,6.00,Kos Campur,10.50,1,0,0,1,1,1,1,1,0,0,0,1,1,0,1,1,1,1,1,1,1,1,0,1,0,0,0,0,0
Jakarta Utara,2.00,1875000.00,4.80,60.00,102.00,Kos Campur,9.00,1,0,0,1,1,1,1,1,0,0,0,1,1,0,1,1,1,1,1,1,1,1,0,1,0,0,0,0,0
Jakarta Utara,0.00,1725000.00,4.80,14.00,29.00,Kos Campur,6.90,1,0,0,1,1,1,1,1,0,0,0,1,1,0,1,1,1,1,1,1,1,1,0,1,0,0,0,0,0
Jakarta Barat,0.00,1830000.00,4.80,22.00,40.00,Kos Putri,6.90,1,0,1,1,1,1,1,1,0,0,1,1,1,0,1,1,1,0,1,1,0,1,0,1,1,0,0,0,0
Jakarta Barat,1.00,2525000.00,4.60,9.00,10.00,Kos Putri,18.00,1,0,1,1,1,1,1,0,1,0,0,1,1,1,1,0,1,1,1,0,0,0,0,1,0,0,0,0,0
Jakarta Barat,2.00,1911000.00,4.40,13.00,21.00,Kos Putri,7.26,1,0,1,1,1,1,1,0,1,0,0,0,1,1,1,0,1,1,1,0,0,0,0,0,0,0,0,0,0
Jakarta Barat,0.00,2685000.00,5.00,1.00,7.00,Kos Campur,14.00,1,0,1,1,1,1,1,1,1,1,1,1,1,0,1,0,1,1,1,1,1,0,0,1,0,1,0,0,0
Jakarta Barat,0.00,2233000.00,4.30,6.00,25.00,Kos Campur,11.20,1,0,1,1,1,0,1,1,1,1,1,1,1,0,1,0,1,1,1,1,1,0,0,1,0,0,0,0,0
Jakarta Selatan,0.00,1652500.00,4.60,7.00,16.00,Kos Campur,8.32,1,0,1,1,1,1,1,0,1,0,0,0,1,0,1,0,1,0,1,0,1,0,0,0,0,0,0,0,0
Jakarta Selatan,0.00,1675000.00,4.90,3.00,6.00,Kos Campur,9.00,1,0,1,1,1,0,1,0,1,0,0,0,1,0,0,0,0,0,1,0,1,0,0,0,0,0,0,0,0
Jakarta Barat,0.00,1875000.00,4.80,8.00,15.00,Kos Putri,12.80,0,0,1,1,1,1,1,1,1,0,0,1,1,0,1,1,1,0,1,1,1,1,0,1,1,0,0,0,0
Jakarta Barat,1.00,1725000.00,4.60,11.00,18.00,Kos Putri,11.52,1,0,0,1,1,1,1,1,1,0,0,1,1,0,1,1,1,0,1,1,1,1,0,1,1,1,0,0,0
Jakarta Timur,0.00,1406000.00,4.90,28.00,54.00,Kos Putra,5.28,1,0,1,1,1,1,1,1,1,0,1,1,1,0,1,0,1,0,1,0,1,0,0,1,1,0,1,0,0
Jakarta Timur,1.00,1282500.00,4.90,19.00,32.00,Kos Putra,5.28,1,0,0,1,1,1,1,1,1,0,1,1,1,0,1,0,1,0,1,0,1,0,0,1,1,0,0,0,0
Jakarta Timur,0.00,950000.00,4.80,21.00,27.00,Kos Putra,5.28,1,0,0,1,1,1,1,1,1,0,1,1,0,0,0,0,1,0,1,0,1,0,1,1,0,0,0,0,0
Jakarta Selatan,0.00,2141000.00,4.90,2.00,15.00,Kos Campur,12.25,1,0,1,1,1,1,1,1,0,0,1,1,1,1,1,1,1,1,1,0,1,1,0,1,1,1,0,0,0
Jakarta Selatan,1.00,2125000.00,4.90,21.00,38.00,Kos Campur,7.44,0,1,1,1,1,1,1,1,1,0,1,1,1,0,1,1,1,0,1,1,1,0,0,1,1,0,1,0,0
Jakarta Timur,1.00,1156600.00,4.90,3.00,6.00,Kos Putri,12.25,1,0,0,1,1,1,1,0,0,1,0,0,1,0,1,1,0,0,1,1,1,0,0,0,1,0,1,0,0
Jakarta Pusat,0.00,1995000.00,4.60,9.00,28.00,Kos Campur,12.96,1,1,1,1,1,1,1,1,1,0,1,1,1,0,1,0,1,0,1,1,1,1,0,1,0,0,0,0,0
Jakarta Pusat,0.00,1393000.00,4.60,21.00,49.00,Kos Campur,5.25,1,1,0,1,1,1,1,1,1,0,1,1,1,0,1,1,1,0,1,1,1,1,0,1,0,0,0,0,0
Jakarta Timur,0.00,1725000.00,4.90,5.00,11.00,Kos Putri,10.80,1,0,1,1,1,1,1,1,1,1,1,1,1,0,1,1,1,0,1,1,1,1,0,1,1,0,0,1,0
Jakarta Timur,0.00,1625000.00,4.90,18.00,41.00,Kos Putri,9.00,1,0,1,1,1,1,1,1,1,1,1,1,1,0,1,1,1,0,1,1,1,1,0,1,1,0,0,1,0
Jakarta Timur,0.00,1267000.00,4.10,3.00,4.00,Kos Putri,6.25,1,0,0,1,1,1,1,1,1,1,1,1,1,0,1,1,1,0,1,1,1,1,0,1,1,0,0,1,0
Jakarta Barat,0.00,1621000.00,4.80,21.00,39.00,Kos Putra,42.00,1,0,1,1,1,1,1,0,0,0,1,1,1,0,1,0,1,0,1,0,0,0,0,0,0,0,0,0,0
Jakarta Barat,0.00,1222000.00,4.80,27.00,38.00,Kos Putra,21.00,1,0,1,0,1,1,1,0,0,0,1,0,1,0,1,0,0,0,1,0,0,0,0,0,0,0,1,0,0
Jakarta Barat,0.00,1830000.00,4.80,5.00,17.00,Kos Campur,13.64,1,0,1,1,1,1,1,0,1,0,1,1,1,0,1,1,1,0,1,0,1,0,0,1,1,1,0,0,0
Jakarta Barat,0.00,1735000.00,4.80,12.00,31.00,Kos Campur,11.47,1,0,1,1,1,1,1,0,1,0,1,1,1,0,1,1,1,0,1,0,1,0,0,1,1,1,0,0,0
Jakarta Barat,0.00,1640000.00,4.80,8.00,18.00,Kos Campur,7.75,1,0,1,1,1,1,1,0,1,0,1,1,1,0,1,1,1,0,1,0,1,0,0,1,1,1,0,0,0
Jakarta Timur,0.00,1450000.00,4.90,5.00,9.00,Kos Putra,17.60,1,0,1,1,1,1,1,0,1,0,1,1,1,0,1,1,1,0,1,0,1,0,0,1,1,0,0,0,0
Jakarta Timur,0.00,1260000.00,4.80,6.00,18.00,Kos Putra,10.50,1,0,1,0,1,1,1,0,1,0,1,0,1,0,1,1,1,0,1,0,1,0,0,0,1,0,1,0,0
Jakarta Timur,0.00,1125000.00,4.60,1.00,4.00,Kos Putra,10.50,1,0,1,0,1,1,1,0,1,0,1,0,1,0,1,1,1,0,1,0,1,0,0,0,1,0,1,0,0
Jakarta Timur,2.00,1640000.00,4.80,71.00,133.00,Kos Putri,9.00,1,0,1,1,1,1,1,1,1,0,1,1,1,0,1,0,1,0,1,1,1,1,0,1,1,0,0,0,0
Jakarta Timur,0.00,1830000.00,4.90,68.00,112.00,Kos Putri,12.00,1,0,1,1,1,1,1,1,1,0,1,1,1,0,1,0,1,0,1,1,1,1,0,1,1,0,0,0,0
Jakarta Selatan,0.00,2125000.00,4.80,4.00,7.00,Kos Putra,7.50,0,1,1,1,1,1,1,1,1,0,1,1,1,0,1,0,1,0,1,0,1,0,0,1,1,0,1,0,0
Jakarta Selatan,0.00,1725000.00,4.80,8.00,15.00,Kos Putra,5.72,0,1,0,1,1,0,1,1,1,0,1,0,1,0,1,0,1,0,1,0,1,0,0,0,1,0,1,0,0
Jakarta Timur,0.00,1267000.00,4.50,24.00,53.00,Kos Campur,9.00,1,1,1,0,0,1,1,0,1,0,0,0,1,1,1,0,0,0,1,1,0,0,0,0,1,0,1,0,0
Jakarta Pusat,0.00,3025000.00,5.00,1.00,6.00,Kos Putri,43.20,1,0,1,1,1,0,1,1,1,0,1,1,1,0,1,0,1,0,1,0,1,0,0,1,1,0,0,0,0
Jakarta Pusat,0.00,2725000.00,4.90,2.00,6.00,Kos Putri,19.25,0,0,1,1,1,0,1,1,1,0,1,1,1,0,1,0,1,0,1,0,1,0,0,1,1,0,0,0,0
Jakarta Pusat,0.00,2575000.00,4.90,9.00,15.00,Kos Putri,10.50,0,0,1,1,1,1,1,1,1,0,1,1,1,0,1,0,1,0,1,0,1,0,0,1,1,1,0,0,0
Jakarta Pusat,0.00,2325000.00,4.60,21.00,42.00,Kos Putri,7.50,1,0,1,1,1,1,1,1,1,0,1,1,1,0,1,0,1,0,1,0,1,0,0,1,1,1,0,0,0
Jakarta Selatan,0.00,2495000.00,4.50,36.00,65.00,Kos Campur,9.00,1,1,1,1,1,1,1,1,0,0,0,1,1,0,1,0,1,0,1,0,0,0,0,1,0,1,0,0,0
Jakarta Barat,0.00,2050000.00,4.60,26.00,62.00,Kos Campur,9.90,1,1,1,1,1,0,1,1,1,1,1,1,1,0,0,0,1,1,1,1,0,0,0,1,0,1,0,0,0
Jakarta Barat,2.00,2500000.00,4.80,16.00,33.00,Kos Campur,9.90,1,1,1,1,1,0,1,1,1,1,1,1,1,0,0,0,1,1,1,1,0,0,0,1,0,1,0,0,0
Jakarta Timur,0.00,2685000.00,4.50,3.00,5.00,Kos Putri,15.18,1,0,1,1,1,1,1,1,1,1,1,1,1,0,1,1,1,1,1,1,1,1,0,1,0,0,0,1,0
Jakarta Timur,0.00,2375000.00,5.00,3.00,8.00,Kos Putri,12.21,1,0,1,1,1,1,1,1,1,1,1,1,1,0,1,1,1,1,1,1,1,1,0,1,0,0,0,1,0
Jakarta Timur,0.00,2162500.00,4.80,10.00,14.00,Kos Putri,12.21,1,0,1,1,1,1,1,1,1,1,1,1,1,0,1,1,1,0,1,1,1,1,0,1,0,0,0,1,0
Jakarta Timur,2.00,2067500.00,4.80,10.00,16.00,Kos Putri,12.21,1,0,1,1,1,1,1,1,1,1,1,1,1,0,1,1,1,0,1,1,1,1,0,1,0,0,0,1,0
Jakarta Selatan,0.00,3350000.00,4.60,1.00,12.00,Kos Campur,14.40,1,0,1,1,1,1,1,0,0,0,0,1,1,1,1,0,1,1,1,0,0,0,0,1,0,0,0,0,0
Jakarta Timur,0.00,1526000.00,4.80,5.00,10.00,Kos Campur,7.80,1,0,1,1,1,1,1,1,1,0,1,1,1,0,1,0,1,0,1,0,0,0,0,1,0,0,1,0,0
Jakarta Timur,0.00,1275000.00,4.50,5.00,14.00,Kos Campur,7.80,1,0,0,1,1,1,1,1,1,0,1,1,1,0,1,0,1,0,1,0,0,0,0,1,0,0,1,0,0
Jakarta Timur,0.00,1700000.00,4.90,3.00,8.00,Kos Putri,10.80,1,0,1,1,1,1,1,0,1,1,1,1,1,0,1,1,1,1,1,1,1,1,0,1,1,0,0,1,0
Jakarta Timur,0.00,1600000.00,4.80,5.00,9.00,Kos Putri,8.80,1,0,1,1,1,1,1,0,1,1,1,1,1,0,1,1,1,1,1,1,1,1,0,1,1,0,0,1,0
Jakarta Barat,2.00,2175000.00,4.90,9.00,15.00,Kos Campur,9.00,1,1,1,1,1,1,1,0,1,0,1,1,1,0,1,0,1,0,1,0,1,0,0,1,0,0,0,0,0
Jakarta Barat,0.00,1622500.00,4.80,21.00,35.00,Kos Campur,9.90,1,1,1,1,1,1,1,1,1,0,1,1,1,0,1,0,0,0,1,0,1,0,0,1,0,0,1,0,0
Jakarta Barat,1.00,1510000.00,4.80,4.00,9.00,Kos Campur,13.30,1,1,1,1,1,1,1,1,1,0,1,1,1,0,1,0,0,0,1,0,1,0,0,1,1,0,1,0,0
Jakarta Barat,0.00,1735000.00,4.40,7.00,35.00,Kos Campur,6.60,1,0,1,1,1,1,1,0,1,1,1,1,1,0,1,0,1,0,1,1,1,0,0,0,0,0,0,1,0
Jakarta Barat,0.00,1640000.00,4.50,3.00,17.00,Kos Campur,6.60,1,0,1,1,1,1,1,0,1,1,1,1,1,0,1,0,1,0,1,1,1,0,0,0,0,0,0,1,0
Jakarta Barat,0.00,1625000.00,4.40,3.00,19.00,Kos Campur,6.60,1,0,1,1,1,1,1,0,1,1,1,1,1,0,1,0,1,0,1,1,1,0,0,0,0,0,0,1,0
Jakarta Selatan,0.00,1953500.00,4.80,22.00,38.00,Kos Campur,20.00,1,0,1,1,0,1,1,1,1,0,1,1,1,0,1,0,1,0,1,0,1,0,0,1,0,1,0,0,0
Jakarta Selatan,0.00,2020000.00,4.80,4.00,8.00,Kos Campur,8.40,1,0,0,1,1,1,1,1,1,0,0,1,1,0,1,0,1,1,1,1,1,0,0,1,0,0,0,0,0
Jakarta Selatan,0.00,1625000.00,5.00,19.00,46.00,Kos Putri,6.00,0,0,0,1,1,1,1,0,1,0,1,1,1,0,1,0,1,0,1,1,1,0,0,1,0,1,0,0,0
Jakarta Timur,0.00,2590000.00,4.90,9.00,21.00,Kos Putri,18.00,1,0,1,1,1,0,1,1,0,0,0,1,1,0,1,1,1,1,1,0,1,1,0,1,0,1,0,0,0
Jakarta Timur,1.00,1735000.00,5.00,1.00,1.00,Kos Putri,8.00,1,0,1,1,1,1,1,1,0,0,0,0,1,0,1,1,1,1,1,0,0,0,0,1,0,0,0,0,0
Jakarta Selatan,2.00,2995000.00,4.60,66.00,117.00,Kos Campur,15.75,1,0,1,1,1,0,1,1,1,0,1,1,1,1,0,0,1,1,1,1,1,1,0,1,0,1,0,0,0
Jakarta Barat,0.00,3025000.00,5.00,1.00,5.00,Kos Campur,13.50,1,0,1,1,1,1,1,1,1,0,0,1,1,0,1,1,1,0,1,1,1,1,0,1,1,0,0,0,0
Jakarta Barat,0.00,2233000.00,4.50,5.00,9.00,Kos Campur,12.00,1,0,1,1,1,1,1,1,1,0,0,1,1,0,1,1,1,0,1,1,1,1,0,1,1,0,0,0,0
Jakarta Barat,0.00,1925000.00,4.90,6.00,11.00,Kos Campur,9.00,1,0,1,1,1,1,1,1,1,0,0,1,1,0,1,1,1,0,1,1,1,1,0,1,1,0,0,0,0
Jakarta Pusat,0.00,1900000.00,4.60,24.00,86.00,Kos Putri,11.70,1,0,1,1,1,1,1,0,1,0,1,0,1,0,1,0,1,0,1,1,1,1,0,0,1,0,0,0,0
Jakarta Timur,2.00,1925000.00,4.90,39.00,89.00,Kos Campur,13.50,1,0,1,1,1,1,1,1,0,0,1,1,1,0,1,1,1,0,1,1,1,0,0,1,0,0,0,0,0
Jakarta Timur,0.00,1925000.00,4.60,2.00,7.00,Kos Campur,12.00,1,0,1,1,1,1,1,1,0,0,1,1,1,0,1,1,1,0,1,1,1,0,0,1,0,0,0,0,0
Jakarta Timur,0.00,1735000.00,4.60,4.00,28.00,Kos Campur,9.00,1,0,1,1,1,1,1,1,0,0,1,1,1,0,1,1,1,0,1,1,1,0,0,1,0,0,0,0,0
Jakarta Timur,1.00,1405000.00,5.00,1.00,1.00,Kos Campur,7.50,1,1,1,0,0,1,1,1,1,0,1,1,0,0,1,1,1,0,1,0,0,0,1,1,0,0,1,0,0
Jakarta Timur,0.00,1640000.00,4.80,14.00,23.00,Kos Campur,7.50,1,1,1,0,0,1,1,1,1,0,1,1,1,0,1,1,1,0,1,0,0,0,0,1,0,0,1,0,0
Jakarta Selatan,3.00,3365000.00,4.60,29.00,66.00,Kos Campur,15.20,1,0,1,1,1,1,1,1,1,1,1,1,1,0,1,0,1,1,1,1,1,1,0,1,1,1,0,1,0
Jakarta Selatan,0.00,2525000.00,4.90,21.00,36.00,Kos Putri,8.96,0,0,1,1,1,1,1,1,0,0,1,1,1,0,1,1,1,0,1,1,1,1,0,1,1,1,0,0,0
Jakarta Timur,2.00,2463000.00,4.90,3.00,6.00,Kos Campur,12.25,1,0,1,1,0,1,0,0,0,0,0,1,1,0,1,0,1,1,0,0,0,0,0,1,1,1,0,0,0
Jakarta Timur,0.00,2775000.00,5.00,1.00,2.00,Kos Campur,12.25,1,0,1,1,1,1,1,1,1,1,1,1,1,0,1,0,1,1,1,1,1,1,0,1,1,1,0,0,0
Jakarta Pusat,0.00,2425000.00,4.50,25.00,45.00,Kos Putri,9.00,0,1,1,1,0,1,1,1,1,1,0,1,1,0,1,1,1,0,1,1,1,0,0,1,0,1,0,0,1
Jakarta Pusat,0.00,1975000.00,4.60,12.00,25.00,Kos Putri,9.00,0,1,0,1,0,1,1,1,1,1,0,1,1,0,1,1,1,0,1,1,1,0,0,1,0,0,0,0,1
Jakarta Pusat,0.00,1725000.00,0.00,0.00,2.00,Kos Putri,7.50,0,0,0,1,0,1,1,1,1,1,0,1,0,0,1,1,1,0,1,1,1,0,1,1,1,1,0,0,0
Jakarta Selatan,0.00,2590000.00,5.00,1.00,3.00,Kos Putri,21.08,1,0,1,1,1,1,1,1,1,0,0,0,1,1,1,1,1,1,1,1,1,1,0,0,1,0,0,0,0
Jakarta Selatan,0.00,2257500.00,4.40,2.00,13.00,Kos Putri,12.60,1,0,1,1,1,1,1,1,1,0,0,0,1,1,1,0,1,1,1,1,1,1,0,0,1,0,0,0,0
Jakarta Pusat,0.00,2509000.00,0.00,0.00,4.00,Kos Campur,12.00,1,0,1,1,1,1,1,0,1,0,1,1,1,1,1,1,1,0,1,0,0,1,0,1,0,1,0,0,0
Jakarta Pusat,0.00,1865000.00,4.10,1.00,14.00,Kos Campur,12.00,1,0,1,1,1,1,1,0,1,0,1,0,1,0,1,1,1,0,1,0,0,1,0,1,1,1,0,0,0
Jakarta Selatan,1.00,2055000.00,4.80,6.00,16.00,Kos Putri,6.00,1,0,0,1,1,1,1,1,1,0,0,1,1,0,1,0,1,1,1,1,1,1,0,1,1,1,0,0,0
Jakarta Selatan,0.00,2455000.00,4.60,4.00,5.00,Kos Putri,6.00,1,0,1,1,1,1,1,1,1,0,0,1,1,0,1,0,1,1,1,1,1,1,0,1,1,1,0,0,0
Jakarta Pusat,0.00,1525000.00,4.60,33.00,59.00,Kos Campur,12.25,1,0,0,1,1,1,1,0,0,0,0,1,1,0,1,1,1,0,1,0,1,0,0,0,1,0,0,0,0
Jakarta Pusat,0.00,1972500.00,4.90,9.00,48.00,Kos Putri,13.94,1,0,1,1,1,1,1,0,1,0,0,1,1,0,1,1,1,0,1,1,1,0,0,1,1,0,0,0,0
Jakarta Selatan,0.00,1675000.00,5.00,2.00,4.00,Kos Putri,7.00,1,1,1,1,0,1,1,1,1,0,0,1,1,0,1,1,1,0,1,0,1,1,0,1,1,0,0,0,0
Jakarta Selatan,2.00,1475000.00,4.90,11.00,25.00,Kos Putri,5.75,1,1,0,1,0,1,1,1,1,0,0,1,1,0,1,1,1,0,1,0,1,1,0,1,1,0,0,0,0
Jakarta Barat,0.00,1877500.00,4.40,13.00,24.00,Kos Campur,5.00,1,0,1,1,0,1,1,1,0,1,1,1,1,0,1,0,1,0,1,0,0,0,0,1,0,1,0,0,0
Jakarta Selatan,1.00,3245000.00,4.80,4.00,4.00,Kos Campur,15.00,1,0,1,1,1,1,1,1,1,0,0,0,1,0,1,1,1,1,1,1,1,1,0,0,1,0,0,0,0
Jakarta Utara,0.00,1260000.00,0.00,0.00,1.00,Kos Campur,9.00,1,0,1,1,1,1,1,1,0,0,1,0,1,0,1,0,0,0,1,0,0,0,0,0,0,0,1,0,0
Jakarta Utara,1.00,880000.00,4.40,11.00,27.00,Kos Campur,9.00,1,0,1,1,1,1,1,1,0,0,1,0,0,0,1,0,0,0,1,0,0,0,1,0,0,0,1,0,0
Jakarta Pusat,0.00,2425000.00,4.60,18.00,24.00,Kos Campur,14.70,1,0,1,1,1,1,1,1,1,0,0,1,1,1,1,1,1,1,1,0,1,0,0,1,0,1,0,0,0
Jakarta Pusat,0.00,2075000.00,4.60,58.00,122.00,Kos Campur,12.60,1,0,1,1,1,0,1,1,1,0,0,1,1,1,1,1,1,1,1,0,1,0,0,1,0,1,0,0,0
Jakarta Barat,0.00,2225000.00,0.00,0.00,1.00,Kos Campur,16.12,1,0,1,1,1,0,1,1,1,0,0,1,1,0,0,0,1,0,1,1,1,0,0,1,0,0,0,0,0
Jakarta Barat,1.00,1925000.00,4.90,9.00,26.00,Kos Campur,8.68,0,0,1,1,1,0,1,1,1,0,0,1,1,0,0,0,1,0,1,1,1,0,0,1,0,0,0,0,0
Jakarta Barat,0.00,1000000.00,4.60,14.00,25.00,Kos Campur,12.18,0,0,1,0,1,1,1,0,1,0,1,1,0,0,0,0,1,0,1,1,1,0,0,0,0,0,0,0,0
Jakarta Selatan,1.00,1825000.00,4.40,7.00,8.00,Kos Campur,9.80,0,0,1,1,1,1,1,0,0,1,1,1,1,0,1,1,1,0,1,0,1,1,0,1,1,0,0,1,0
Jakarta Selatan,0.00,1805000.00,4.50,7.00,16.00,Kos Putra,9.00,0,1,0,1,1,1,1,1,1,1,1,1,1,1,1,1,1,0,1,0,1,1,0,1,1,1,0,0,0
Jakarta Selatan,0.00,2248000.00,0.00,0.00,2.00,Kos Putri,12.00,1,0,1,1,1,1,1,1,1,0,0,1,1,0,1,1,1,0,1,1,1,0,0,1,0,0,1,0,0
Jakarta Selatan,0.00,1735000.00,4.80,14.00,35.00,Kos Putri,9.00,1,0,0,1,1,1,1,1,1,0,0,1,1,0,1,1,1,0,1,1,1,0,0,1,0,0,1,0,0
Jakarta Selatan,0.00,1395000.00,4.30,2.00,10.00,Kos Putri,12.00,1,0,0,0,0,0,1,0,1,1,1,1,1,0,0,0,1,0,1,0,0,0,0,1,0,0,0,0,0
Jakarta Selatan,0.00,1255000.00,4.60,11.00,24.00,Kos Putri,12.00,0,0,0,0,0,0,1,0,1,1,1,1,1,0,0,0,1,0,1,0,0,0,0,1,0,0,0,0,0
Jakarta Selatan,0.00,1425000.00,4.80,10.00,30.00,Kos Putri,12.00,1,0,0,0,0,0,1,0,1,1,1,1,1,0,0,0,1,0,1,0,0,0,0,1,0,0,0,0,0
Jakarta Selatan,0.00,3153000.00,4.80,12.00,19.00,Kos Campur,11.20,1,0,1,1,1,1,1,1,0,1,0,1,1,1,1,0,1,1,1,1,1,1,0,1,0,1,0,0,0
Jakarta Selatan,0.00,2685000.00,4.60,10.00,14.00,Kos Campur,11.20,1,0,1,1,1,1,1,1,0,1,0,1,1,1,1,0,1,1,1,1,1,1,0,1,0,1,0,0,0
Jakarta Selatan,0.00,2685000.00,4.60,10.00,14.00,Kos Campur,9.00,1,0,0,0,0,0,0,0,0,0,0,0,0,0,0,0,0,0,0,0,0,0,0,0,0,0,0,0,0
Jakarta Timur,0.00,1875000.00,0.00,0.00,2.00,Kos Campur,10.50,1,0,1,1,1,1,1,1,0,0,0,1,1,0,1,0,1,0,1,0,0,0,0,1,0,0,0,0,0
Jakarta Selatan,0.00,2675000.00,4.90,9.00,13.00,Kos Campur,8.68,1,0,1,1,1,1,1,1,0,0,0,1,1,0,1,1,1,0,1,0,1,0,0,1,1,1,0,0,0
Jakarta Selatan,0.00,2525000.00,4.90,11.00,20.00,Kos Campur,10.64,1,0,1,1,1,1,1,1,0,0,0,1,1,0,1,1,1,0,1,0,1,0,0,1,1,1,0,0,0
Jakarta Selatan,0.00,3825000.00,4.80,33.00,68.00,Kos Putri,12.96,0,0,1,1,0,1,1,1,1,1,0,1,1,1,1,0,1,1,1,1,1,0,0,1,0,1,0,0,0
Jakarta Selatan,1.00,3525000.00,4.90,40.00,63.00,Kos Putri,9.90,0,0,1,1,0,1,1,1,1,1,0,1,1,1,1,1,1,1,1,1,1,0,0,1,0,1,0,0,0
Jakarta Selatan,0.00,3225000.00,4.90,5.00,7.00,Kos Putri,12.00,0,0,0,1,1,1,1,1,1,1,0,1,1,0,1,1,1,1,1,1,1,0,0,1,0,1,0,0,0
Jakarta Pusat,0.00,1925000.00,4.80,35.00,47.00,Kos Campur,12.00,0,0,1,1,1,1,0,1,1,1,0,1,1,0,1,1,1,0,1,1,1,0,0,1,1,0,0,0,0
Jakarta Pusat,1.00,2115000.00,4.60,5.00,3.00,Kos Campur,12.80,0,0,1,1,1,0,0,1,1,1,0,1,1,0,0,0,1,0,1,1,1,0,0,1,0,0,0,0,0
Jakarta Pusat,0.00,2225000.00,4.90,5.00,6.00,Kos Campur,14.00,0,0,1,1,1,1,0,1,1,1,0,1,1,0,1,1,1,0,1,1,1,0,0,1,1,0,0,0,0
Jakarta Selatan,0.00,2575000.00,4.60,20.00,31.00,Kos Campur,8.58,1,1,1,1,0,1,1,1,1,0,1,0,1,0,1,1,1,0,1,1,1,0,0,0,0,1,0,0,0
Jakarta Selatan,0.00,2845000.00,4.50,27.00,45.00,Kos Campur,14.00,1,1,1,1,0,1,1,1,1,0,1,0,1,1,1,1,1,0,1,1,1,0,0,0,0,1,0,0,0
Jakarta Selatan,0.00,3700000.00,5.00,2.00,8.00,Kos Campur,13.50,1,0,1,1,1,0,1,0,1,0,1,1,1,1,1,1,1,1,1,1,1,1,0,1,1,1,0,0,0
Jakarta Timur,1.00,1450000.00,5.00,51.00,85.00,Kos Campur,10.50,1,0,0,1,0,1,1,1,1,0,1,0,1,1,1,0,1,0,1,0,1,0,0,0,1,0,1,0,0
Jakarta Selatan,0.00,1735000.00,4.80,5.00,14.00,Kos Putra,12.00,1,1,0,1,1,1,1,0,1,0,1,1,1,0,1,1,1,0,1,0,1,1,0,1,1,0,0,0,0
Jakarta Selatan,1.00,3682500.00,4.60,1.00,6.00,Kos Campur,20.00,1,0,1,1,0,0,1,1,1,0,1,1,1,1,1,1,1,1,1,1,1,1,0,1,1,1,0,0,0
Jakarta Barat,0.00,2025000.00,4.00,4.00,5.00,Kos Campur,12.96,1,0,1,1,1,0,1,0,0,0,0,1,1,0,1,0,1,1,1,1,0,0,0,1,0,0,0,0,0
Jakarta Barat,0.00,1925000.00,4.80,21.00,43.00,Kos Campur,10.56,1,0,1,1,1,0,1,0,0,0,0,1,1,0,1,1,1,1,1,1,0,0,0,1,0,1,0,0,0
Jakarta Barat,0.00,1681000.00,4.50,6.00,10.00,Kos Campur,11.16,1,0,1,1,1,1,1,0,0,0,0,1,1,0,1,1,1,1,1,1,0,0,0,1,0,1,0,0,0
Jakarta Selatan,1.00,3625000.00,4.60,3.00,10.00,Kos Campur,18.00,0,0,1,1,1,1,1,0,1,0,0,1,1,1,1,0,1,1,1,1,1,1,0,1,0,1,0,0,0
Jakarta Timur,3.00,1635000.00,4.80,15.00,18.00,Kos Campur,7.50,1,1,1,1,1,1,1,1,1,1,1,1,1,1,1,0,1,0,1,1,1,0,0,1,0,0,0,1,0
Jakarta Timur,0.00,1592500.00,4.50,23.00,31.00,Kos Campur,7.50,1,1,1,1,1,1,1,1,1,1,1,1,1,1,1,0,1,0,1,1,1,0,0,1,0,0,0,1,0
Jakarta Timur,0.00,1037000.00,4.50,43.00,72.00,Kos Campur,7.50,1,1,1,1,1,0,1,1,1,1,1,0,0,1,1,0,1,0,1,1,1,0,0,1,0,0,1,1,0
Jakarta Timur,3.00,927500.00,4.60,21.00,40.00,Kos Campur,8.40,1,1,0,0,1,0,1,1,1,1,1,1,0,1,1,0,1,0,1,1,1,0,0,1,0,0,1,1,0
Jakarta Barat,0.00,1877500.00,4.60,48.00,90.00,Kos Campur,8.75,1,0,1,1,0,1,1,1,1,1,1,1,1,0,1,0,1,0,1,1,1,0,0,1,0,1,0,0,0
Jakarta Barat,0.00,1592500.00,4.60,49.00,81.00,Kos Campur,7.50,1,1,0,1,0,0,1,1,1,1,1,1,1,0,1,0,1,0,1,1,1,0,0,1,0,1,0,0,0
Jakarta Pusat,1.00,1842000.00,4.80,31.00,50.00,Kos Campur,7.20,1,0,1,1,1,1,1,1,1,0,1,1,1,0,1,0,1,1,1,1,1,1,0,1,1,0,1,0,0
Jakarta Pusat,0.00,1750000.00,4.80,27.00,45.00,Kos Campur,7.20,1,0,1,1,1,1,1,1,1,0,1,1,1,0,1,1,1,0,1,1,1,1,0,1,1,0,1,0,0
Jakarta Timur,0.00,1545000.00,4.90,43.00,56.00,Kos Campur,12.00,1,0,1,1,0,1,1,1,0,1,1,1,1,0,0,1,1,0,1,0,1,1,0,1,0,0,0,0,0
Jakarta Timur,3.00,2115000.00,4.60,7.00,12.00,Kos Campur,16.00,1,1,1,1,1,1,1,1,1,0,0,1,1,0,1,0,1,0,1,0,0,0,0,1,0,1,1,0,0
Jakarta Timur,0.00,1906000.00,4.60,18.00,34.00,Kos Campur,12.00,1,1,1,1,1,1,1,1,1,0,0,1,1,0,1,0,1,0,1,0,0,0,0,1,0,0,1,0,0
Jakarta Pusat,0.00,2691000.00,4.60,1.00,4.00,Kos Campur,9.61,1,0,1,1,1,1,1,1,0,0,1,1,1,1,1,1,1,1,1,1,1,1,0,1,1,1,0,0,0
Jakarta Pusat,0.00,3312000.00,4.80,4.00,7.00,Kos Campur,17.64,1,0,1,1,1,1,1,1,0,0,1,1,1,1,1,1,1,1,1,1,1,1,0,1,1,1,0,0,0
Jakarta Pusat,0.00,2992500.00,4.00,1.00,4.00,Kos Campur,10.50,1,0,1,1,1,1,1,1,0,0,1,1,1,1,1,0,1,1,1,1,1,1,0,1,1,1,0,0,0
Jakarta Timur,3.00,1592500.00,4.80,50.00,80.00,Kos Campur,12.00,1,0,1,1,0,1,1,1,1,0,1,1,1,0,1,0,1,0,1,1,1,1,0,1,0,0,0,0,0
Jakarta Timur,1.00,1830000.00,4.50,16.00,23.00,Kos Campur,14.00,1,1,1,1,1,1,1,1,1,1,1,1,1,0,1,1,1,0,1,1,1,1,0,1,0,0,0,1,0
Jakarta Utara,0.00,1865000.00,0.00,0.00,1.00,Kos Putri,9.00,1,0,1,1,1,1,1,1,1,0,0,0,1,0,1,1,1,0,1,1,1,0,0,0,0,0,0,0,0
Jakarta Utara,0.00,1875000.00,4.90,3.00,8.00,Kos Putri,7.20,1,0,1,1,1,1,1,1,1,0,0,0,1,0,1,1,1,0,1,1,1,0,0,0,0,0,0,0,0
Jakarta Utara,1.00,1625000.00,4.80,11.00,14.00,Kos Putri,6.30,1,0,0,1,1,1,1,1,1,0,0,0,1,0,1,1,1,0,1,1,1,0,0,0,0,0,0,0,0
Jakarta Utara,0.00,1525000.00,4.90,11.00,17.00,Kos Putri,5.76,1,0,0,1,1,1,1,1,1,0,0,0,1,0,1,1,1,0,1,1,1,0,0,0,0,0,0,0,0
Jakarta Selatan,0.00,1925000.00,4.80,4.00,6.00,Kos Putra,9.00,1,1,1,1,1,1,1,1,1,0,1,1,1,0,1,0,1,0,1,0,1,1,0,1,1,1,0,0,0
Jakarta Selatan,0.00,1925000.00,4.80,4.00,6.00,Kos Putra,9.00,0,0,0,0,0,0,0,0,0,0,0,0,0,0,0,0,0,0,0,0,0,0,0,0,0,0,0,0,0
Jakarta Selatan,0.00,2025000.00,4.80,19.00,25.00,Kos Campur,12.00,1,1,1,1,1,0,1,1,1,0,1,0,1,0,1,0,1,0,1,0,1,1,0,1,1,0,0,0,0
Jakarta Selatan,1.00,4075000.00,4.80,16.00,29.00,Kos Campur,13.50,1,0,1,1,1,1,1,1,0,0,0,1,1,1,1,0,1,1,1,1,1,0,0,1,0,1,0,0,0
Jakarta Selatan,1.00,3025000.00,4.80,40.00,68.00,Kos Campur,13.50,1,0,1,1,1,1,1,1,0,0,0,1,1,1,1,0,1,1,1,1,1,0,0,1,0,1,0,0,0
Jakarta Selatan,0.00,2187000.00,5.00,3.00,4.00,Kos Campur,9.00,1,1,1,1,1,1,1,1,1,0,1,1,1,0,1,1,1,0,1,0,0,0,0,0,0,0,0,0,0
Jakarta Timur,1.00,2305000.00,4.30,5.00,21.00,Kos Putri,12.00,1,0,1,1,1,1,1,1,0,0,0,1,1,1,1,0,1,1,1,0,0,0,0,1,0,0,0,0,0
Jakarta Timur,1.00,2275000.00,4.40,9.00,31.00,Kos Putri,8.10,1,0,1,1,1,1,1,1,0,0,0,1,1,1,1,1,1,1,1,0,0,0,0,1,0,0,0,0,0
Jakarta Timur,2.00,2025000.00,4.50,16.00,31.00,Kos Putri,8.10,1,0,1,1,1,1,1,1,0,0,0,1,1,1,1,1,1,1,1,0,0,0,0,1,0,0,0,0,0
Jakarta Pusat,0.00,2293000.00,0.00,0.00,8.00,Kos Campur,10.50,1,0,1,1,1,1,1,1,1,0,1,1,1,1,1,0,1,1,1,1,1,0,0,1,1,0,0,0,0
Jakarta Selatan,0.00,1681000.00,4.30,1.00,14.00,Kos Campur,12.00,1,0,1,1,1,1,1,1,1,0,0,1,1,0,1,1,1,0,1,1,1,1,0,1,0,0,1,0,0
Jakarta Pusat,1.00,3160000.00,4.30,5.00,6.00,Kos Campur,25.00,1,1,1,1,1,1,1,1,1,0,1,1,1,0,1,1,1,0,1,1,1,1,0,1,0,0,0,0,0
Jakarta Pusat,1.00,2210000.00,4.60,20.00,28.00,Kos Campur,16.00,1,1,1,1,1,1,1,1,1,0,1,1,1,0,1,1,1,0,1,1,1,1,0,1,1,0,0,0,0
Jakarta Pusat,0.00,1911000.00,4.00,1.00,2.00,Kos Campur,11.52,1,1,0,1,1,1,1,1,1,0,1,1,1,0,1,1,1,0,1,1,1,1,0,1,1,0,0,0,0
Jakarta Pusat,0.00,1782500.00,4.60,3.00,7.00,Kos Campur,10.08,1,1,1,1,1,1,1,1,1,0,1,1,0,0,1,0,0,0,1,1,1,1,1,1,0,0,0,0,0
Jakarta Barat,0.00,1465000.00,4.10,9.00,34.00,Kos Campur,7.29,1,0,1,1,1,1,1,0,1,1,1,1,1,0,1,0,1,1,1,1,1,0,0,1,0,0,0,1,0
Jakarta Selatan,1.00,3025000.00,4.80,3.00,6.00,Kos Campur,19.11,0,0,1,1,1,1,1,1,1,1,0,1,1,1,1,1,1,1,1,1,1,0,0,1,1,0,0,1,0
Jakarta Selatan,2.00,2525000.00,4.80,13.00,26.00,Kos Campur,10.50,0,0,1,1,1,1,1,1,1,1,0,1,1,1,1,0,1,1,1,1,1,0,0,1,1,0,0,1,0
Jakarta Selatan,0.00,2225000.00,5.00,3.00,9.00,Kos Campur,6.96,0,0,1,1,1,1,1,1,1,1,0,1,1,1,1,1,1,1,1,1,1,0,0,1,1,0,0,1,0
Jakarta Selatan,0.00,3325000.00,4.80,15.00,37.00,Kos Campur,9.00,1,0,1,1,1,1,1,1,1,0,0,1,1,0,0,0,1,1,1,1,1,1,0,1,0,0,0,0,0
Jakarta Timur,0.00,1235000.00,5.00,4.00,14.00,Kos Campur,10.24,1,0,0,1,0,1,1,1,1,1,1,1,1,0,1,0,1,0,1,0,0,0,0,1,1,0,1,0,1
Jakarta Pusat,0.00,1877500.00,4.90,15.00,30.00,Kos Campur,12.04,1,0,1,1,1,1,1,0,1,1,1,1,1,1,1,1,1,0,1,1,1,0,0,1,1,0,0,0,0
Jakarta Pusat,0.00,1592500.00,4.80,7.00,9.00,Kos Campur,6.09,1,0,0,0,1,1,1,0,1,1,1,1,1,1,1,1,0,0,1,1,1,0,0,1,0,0,1,0,0
Jakarta Selatan,0.00,1895000.00,4.60,12.00,21.00,Kos Putra,6.21,1,0,1,1,0,0,1,1,1,1,1,1,1,0,1,0,0,1,1,1,1,1,0,1,0,0,0,0,0
Jakarta Selatan,0.00,1725000.00,4.80,7.00,7.00,Kos Campur,6.00,1,0,1,1,0,0,1,1,1,1,1,1,1,0,1,0,0,1,1,1,1,1,0,1,0,0,0,0,0
Jakarta Pusat,0.00,1591250.00,4.80,7.00,16.00,Kos Campur,7.00,1,1,0,1,0,1,1,1,1,0,0,0,1,1,1,1,1,1,1,1,1,1,0,1,0,1,0,0,0
Jakarta Pusat,0.00,2113750.00,4.80,11.00,16.00,Kos Campur,10.50,1,1,1,1,0,1,1,1,1,0,0,1,1,1,1,1,1,1,1,1,1,1,0,1,0,1,0,0,0
Jakarta Pusat,0.00,2921250.00,5.00,14.00,24.00,Kos Campur,10.50,1,1,1,1,0,1,1,1,1,0,0,0,1,1,1,1,1,1,1,1,1,1,0,1,1,1,0,0,0
Jakarta Pusat,0.00,2369000.00,4.90,17.00,27.00,Kos Campur,10.50,1,1,1,1,0,1,1,1,1,0,0,1,1,1,1,1,1,1,1,1,1,1,0,1,0,1,0,0,0
Jakarta Pusat,0.00,3266000.00,4.90,11.00,23.00,Kos Campur,10.50,1,1,1,1,0,1,1,1,1,0,0,1,1,1,1,1,1,1,1,1,1,1,0,1,0,1,0,0,0
Jakarta Timur,1.00,1875000.00,4.80,93.00,109.00,Kos Campur,9.52,0,0,1,1,1,1,1,1,1,0,1,1,1,1,1,1,1,0,1,1,1,0,0,1,1,0,0,0,0
Jakarta Selatan,0.00,1900000.00,4.80,5.00,11.00,Kos Putri,10.24,1,0,1,1,1,1,1,0,1,0,1,1,1,0,1,0,1,0,1,1,1,0,0,1,1,0,0,0,0
Jakarta Timur,0.00,1589000.00,5.00,2.00,9.00,Kos Campur,15.00,1,0,1,1,1,1,1,0,0,0,1,1,1,0,1,1,1,0,1,0,0,0,0,0,0,0,0,0,0
Jakarta Timur,1.00,1405000.00,4.90,4.00,21.00,Kos Campur,11.70,1,0,1,1,1,1,1,0,0,0,1,1,1,0,1,1,1,0,1,0,0,0,0,0,0,0,0,0,0
Jakarta Timur,0.00,1260000.00,5.00,2.00,4.00,Kos Campur,15.00,1,0,1,1,1,1,1,0,0,0,1,1,0,0,1,1,1,0,1,0,0,0,0,0,0,0,0,0,0
Jakarta Timur,0.00,1070000.00,5.00,4.00,29.00,Kos Campur,11.70,1,0,1,1,1,1,1,0,0,0,1,1,0,0,1,1,1,0,1,0,0,0,0,0,0,0,0,0,0
Jakarta Selatan,0.00,2072500.00,4.90,2.00,22.00,Kos Putra,12.00,1,0,1,1,1,1,1,1,0,0,1,1,1,0,1,1,0,0,1,1,1,1,0,1,1,0,1,0,0
Jakarta Timur,0.00,1497500.00,4.90,6.00,15.00,Kos Putri,8.75,1,0,1,1,1,1,1,0,1,1,1,1,1,1,1,0,1,0,1,0,0,1,0,1,1,0,0,0,0
Jakarta Barat,0.00,1900000.00,5.00,1.00,5.00,Kos Campur,14.00,1,0,1,1,1,1,1,1,1,1,1,1,1,0,1,1,1,0,1,1,1,1,0,1,0,0,0,0,0
Jakarta Barat,1.00,1725000.00,4.60,7.00,9.00,Kos Campur,9.62,0,0,1,1,1,1,1,1,1,1,1,1,1,0,1,0,1,0,1,1,1,1,0,1,0,0,0,0,0
Jakarta Barat,0.00,1675000.00,4.60,18.00,43.00,Kos Campur,9.10,0,0,1,1,1,1,1,1,1,1,1,1,1,0,1,1,1,0,1,1,1,1,0,1,0,0,0,0,0
Jakarta Selatan,3.00,1687500.00,4.90,24.00,38.00,Kos Putri,12.00,1,0,1,1,1,1,1,1,0,0,1,1,1,0,1,0,0,0,1,0,1,1,0,1,1,0,0,0,1
Jakarta Selatan,0.00,1307500.00,5.00,2.00,5.00,Kos Putri,7.00,1,0,1,1,1,1,1,1,0,0,1,1,1,0,1,1,1,0,1,0,1,1,0,1,1,0,0,0,0
Jakarta Barat,0.00,2405000.00,4.80,21.00,32.00,Kos Putri,9.00,0,1,1,1,0,1,1,1,1,1,1,1,1,1,1,1,1,1,1,1,1,1,0,1,1,1,0,0,0
Jakarta Barat,0.00,2025000.00,4.80,8.00,19.00,Kos Campur,8.51,1,0,1,1,1,1,1,0,1,0,1,1,1,0,1,0,1,1,1,1,1,0,0,1,0,0,0,0,0
Jakarta Barat,0.00,1825000.00,4.90,18.00,54.00,Kos Campur,8.51,1,0,1,1,1,1,1,0,1,0,1,1,1,0,1,0,1,1,1,1,1,0,0,1,0,0,0,0,0
Jakarta Barat,0.00,2450000.00,4.60,104.00,210.00,Kos Campur,13.50,0,0,1,1,0,0,1,1,1,1,1,1,1,1,0,0,1,1,1,1,0,0,0,1,0,1,0,0,0
Jakarta Barat,0.00,1750000.00,0.00,0.00,16.00,Kos Campur,13.50,0,0,0,1,0,0,1,1,1,1,1,1,1,1,0,0,1,1,1,1,0,0,0,1,0,1,0,0,0
Jakarta Barat,3.00,2630000.00,4.60,86.00,208.00,Kos Campur,12.15,0,0,1,1,1,0,1,1,1,1,1,1,1,1,0,0,1,1,1,1,1,0,0,1,0,0,0,0,0
Jakarta Barat,0.00,2730000.00,4.60,15.00,29.00,Kos Campur,13.50,0,0,1,1,1,0,1,1,1,1,1,1,1,1,0,0,1,1,1,1,1,0,0,1,0,0,0,0,0
Jakarta Selatan,0.00,1681000.00,4.80,62.00,155.00,Kos Putra,5.52,1,0,1,1,1,1,1,0,1,0,0,1,1,0,1,1,1,0,1,1,1,1,0,1,0,1,0,0,0
Jakarta Utara,1.00,3680000.00,0.00,0.00,0.00,Kos Putri,22.50,1,0,1,1,1,1,1,1,1,0,1,1,1,1,1,1,1,1,1,1,1,1,0,1,0,1,0,0,0
Jakarta Selatan,0.00,1855000.00,4.80,21.00,68.00,Kos Campur,8.16,1,0,1,1,1,1,1,0,0,0,0,1,1,0,1,1,1,0,1,1,1,0,0,1,0,0,0,0,0
Jakarta Utara,2.00,2944000.00,0.00,0.00,0.00,Kos Putri,15.04,1,0,1,1,1,1,1,1,1,0,1,1,1,1,1,1,1,1,1,1,1,1,0,1,0,1,0,0,0
Jakarta Selatan,0.00,1495000.00,4.60,4.00,14.00,Kos Campur,9.00,0,0,0,0,0,0,0,0,0,0,0,0,0,0,0,0,0,0,0,0,0,0,0,0,0,0,0,0,0
Jakarta Utara,1.00,2760000.00,4.90,2.00,3.00,Kos Putri,12.60,1,0,1,1,1,1,1,1,1,0,1,1,1,1,1,1,1,1,1,1,1,1,0,1,0,1,0,0,0
Jakarta Selatan,0.00,1255000.00,0.00,0.00,2.00,Kos Campur,5.98,1,0,1,1,1,1,1,0,1,0,0,1,1,0,1,0,1,0,1,1,1,0,0,0,0,0,0,0,0
Jakarta Pusat,0.00,1925000.00,4.80,48.00,81.00,Kos Campur,8.00,1,0,1,1,1,1,1,1,1,0,1,1,1,1,1,1,1,1,1,0,1,0,0,1,0,1,0,0,0
Jakarta Selatan,0.00,1800000.00,4.10,8.00,15.00,Kos Campur,9.00,1,0,1,1,0,1,1,0,0,0,0,0,1,0,1,0,1,0,1,0,1,0,0,0,0,0,1,0,0
Jakarta Timur,2.00,1735000.00,0.00,0.00,0.00,Kos Putri,7.92,1,1,0,1,1,1,1,0,1,1,1,1,1,1,1,1,1,0,1,1,1,0,0,0,1,0,1,0,0
Jakarta Timur,2.00,1735000.00,0.00,0.00,0.00,Kos Putri,7.92,1,1,0,1,1,1,1,0,1,1,1,1,1,1,1,1,1,0,1,1,1,0,0,0,1,0,1,0,0
Jakarta Timur,2.00,1735000.00,0.00,0.00,0.00,Kos Putri,7.92,1,1,0,1,1,1,1,0,1,1,1,1,1,1,1,1,1,0,1,1,1,0,0,0,1,0,1,0,0
Jakarta Timur,2.00,1735000.00,0.00,0.00,0.00,Kos Putri,7.92,1,1,0,1,1,1,1,0,1,1,1,1,1,1,1,1,1,0,1,1,1,0,0,0,1,0,1,0,0
Jakarta Timur,2.00,1735000.00,0.00,0.00,0.00,Kos Putri,7.92,1,1,0,1,1,1,1,0,1,1,1,1,1,1,1,1,1,0,1,1,1,0,0,0,1,0,1,0,0
Jakarta Timur,0.00,1165000.00,4.80,5.00,9.00,Kos Putri,8.10,1,1,0,1,1,1,1,0,1,1,1,1,0,1,1,1,1,0,1,1,1,0,1,0,1,0,1,0,0
Jakarta Pusat,0.00,3375000.00,4.80,6.00,11.00,Kos Campur,15.75,1,0,1,1,1,0,0,1,1,0,0,1,1,1,0,0,1,1,1,1,1,1,0,1,0,0,0,0,0
Jakarta Pusat,0.00,3175000.00,4.60,43.00,76.00,Kos Campur,12.00,0,0,1,1,1,0,0,1,1,0,0,1,1,1,0,0,1,1,1,1,1,1,0,1,0,0,0,0,0
Jakarta Pusat,0.00,2825000.00,4.60,47.00,94.00,Kos Campur,9.00,0,0,1,1,1,0,0,1,1,0,0,1,1,1,0,0,1,1,1,1,1,1,0,1,0,0,0,0,0
Jakarta Selatan,0.00,3025000.00,4.60,4.00,3.00,Kos Campur,21.00,1,0,1,1,1,1,0,1,1,1,1,1,1,1,1,1,1,1,1,1,1,0,0,1,1,0,0,1,0
Jakarta Selatan,0.00,2545000.00,4.80,15.00,21.00,Kos Campur,12.00,1,0,1,1,1,1,1,1,1,0,1,1,1,1,1,0,1,0,1,0,1,0,0,1,0,0,0,0,0
Jakarta Timur,0.00,1925000.00,5.00,3.00,6.00,Kos Campur,10.50,1,1,1,1,1,1,1,0,1,0,1,1,1,0,1,1,1,0,1,1,1,0,0,1,1,0,1,0,0
Jakarta Timur,0.00,1545000.00,5.00,3.00,5.00,Kos Campur,10.50,1,1,0,1,1,1,1,0,1,0,1,1,1,0,1,1,1,0,1,1,1,0,0,1,1,0,1,0,0
Jakarta Timur,0.00,1450000.00,4.80,3.00,7.00,Kos Campur,10.50,1,1,1,1,1,1,1,0,1,0,1,1,0,0,1,1,1,0,1,1,1,0,0,1,1,0,1,0,0
Jakarta Timur,0.00,1212500.00,5.00,3.00,8.00,Kos Campur,10.50,1,1,0,1,1,1,1,0,1,0,1,1,0,0,1,0,1,0,1,1,1,0,0,1,0,0,0,0,0
Jakarta Timur,1.00,2275000.00,0.00,0.00,0.00,Kos Putri,25.00,1,0,1,1,1,1,1,1,1,0,1,0,1,0,1,0,1,0,1,1,1,1,0,0,1,1,0,0,0
Jakarta Timur,0.00,1645000.00,0.00,0.00,0.00,Kos Putri,14.00,1,0,0,1,1,1,1,1,1,0,1,0,1,0,1,1,1,0,1,1,1,1,0,0,1,0,0,0,0
Jakarta Timur,0.00,1645000.00,0.00,0.00,0.00,Kos Putri,14.00,1,0,0,1,1,1,1,1,1,0,1,0,1,0,1,1,1,0,1,1,1,1,0,0,1,0,0,0,0
Jakarta Timur,0.00,1645000.00,0.00,0.00,0.00,Kos Putri,14.00,1,0,0,1,1,1,1,1,1,0,1,0,1,0,1,1,1,0,1,1,1,1,0,0,1,0,0,0,0
Jakarta Timur,0.00,1645000.00,0.00,0.00,0.00,Kos Putri,14.00,1,0,0,1,1,1,1,1,1,0,1,0,1,0,1,1,1,0,1,1,1,1,0,0,1,0,0,0,0
Jakarta Timur,0.00,1645000.00,0.00,0.00,0.00,Kos Putri,14.00,1,0,0,1,1,1,1,1,1,0,1,0,1,0,1,1,1,0,1,1,1,1,0,0,1,0,0,0,0
Jakarta Timur,2.00,970000.00,0.00,0.00,4.00,Kos Putri,8.10,1,1,0,1,1,1,1,1,1,0,1,0,0,0,1,1,1,0,1,1,1,1,0,0,1,0,0,0,0
Jakarta Barat,2.00,1865000.00,4.40,7.00,26.00,Kos Campur,16.80,1,0,1,1,1,0,1,1,1,0,0,1,1,1,0,0,1,1,1,0,1,0,0,0,0,0,0,0,0
Jakarta Barat,0.00,2257500.00,5.00,1.00,9.00,Kos Campur,16.80,1,0,1,1,1,0,1,1,1,0,0,1,1,1,0,0,1,1,1,0,1,0,0,0,0,0,0,0,0
Jakarta Barat,1.00,2647000.00,0.00,0.00,0.00,Kos Campur,16.80,1,0,1,1,1,0,1,1,1,0,0,1,1,1,0,0,1,1,1,0,1,0,0,0,0,0,0,0,0
Jakarta Barat,2.00,2959800.00,4.80,7.00,12.00,Kos Campur,10.50,1,0,1,1,0,1,1,1,1,1,1,1,1,1,1,0,1,1,1,1,1,0,0,1,0,1,0,0,0
Jakarta Barat,0.00,2705000.00,4.80,25.00,38.00,Kos Campur,9.00,1,0,1,1,0,1,1,1,1,1,1,1,1,1,1,1,1,1,1,1,1,0,0,1,0,1,0,0,0
Jakarta Barat,0.00,1875000.00,4.90,17.00,27.00,Kos Campur,9.00,1,0,0,1,0,1,1,1,1,1,1,1,1,1,1,1,1,1,1,1,1,0,0,1,0,1,0,0,0
Jakarta Selatan,1.00,2400000.00,4.90,10.00,17.00,Kos Putri,9.00,1,0,0,0,0,0,0,0,0,0,0,0,0,0,0,0,0,0,0,0,0,0,0,0,0,0,0,0,0
Jakarta Selatan,1.00,2400000.00,4.90,10.00,17.00,Kos Putri,12.25,1,0,1,1,1,1,1,1,1,0,1,1,1,1,1,1,1,1,1,1,1,1,0,1,1,1,0,0,0
Jakarta Selatan,0.00,2827500.00,4.80,25.00,43.00,Kos Campur,8.10,1,0,1,1,1,1,1,1,0,0,1,0,1,1,1,1,1,1,1,0,0,0,0,0,0,1,0,0,0
Jakarta Selatan,2.00,3350000.00,4.60,24.00,35.00,Kos Campur,18.00,1,1,1,1,1,0,1,1,1,0,1,1,1,1,0,1,1,1,1,1,1,1,0,1,0,1,0,0,0
Jakarta Selatan,0.00,1855000.00,4.80,14.00,27.00,Kos Putra,10.64,0,0,1,0,0,1,1,0,1,0,0,1,1,0,1,1,1,0,1,1,1,0,0,1,1,0,1,0,0
Jakarta Selatan,3.00,3425000.00,4.60,106.00,205.00,Kos Campur,10.50,1,0,1,1,1,0,1,1,1,1,0,1,1,1,1,0,1,1,1,1,1,1,0,1,0,1,0,1,0
Jakarta Selatan,0.00,3625000.00,4.60,2.00,8.00,Kos Campur,19.25,0,0,1,1,1,1,1,1,1,1,1,1,1,1,1,1,1,1,1,1,1,1,0,1,0,1,0,1,0
Jakarta Barat,1.00,2175000.00,4.80,8.00,13.00,Kos Putri,40.00,1,0,1,1,1,1,1,1,0,0,1,1,1,0,1,0,1,0,1,0,0,0,0,1,0,1,0,0,0
Jakarta Barat,1.00,2075000.00,4.60,17.00,30.00,Kos Putri,36.00,1,0,1,1,1,1,1,1,0,0,1,1,1,0,1,0,1,0,1,0,0,0,0,1,0,1,0,0,0
Jakarta Selatan,0.00,1235000.00,4.40,1.00,2.00,Kos Campur,10.24,1,0,1,1,1,1,1,0,0,0,0,0,1,0,1,1,1,0,1,0,1,0,0,0,1,0,0,0,0
Jakarta Timur,1.00,2115000.00,4.60,25.00,62.00,Kos Putri,12.00,1,0,1,1,1,1,1,0,1,0,1,1,1,1,1,1,1,1,1,1,1,1,0,1,1,0,0,0,0
Jakarta Timur,0.00,1583000.00,4.60,17.00,29.00,Kos Putri,9.00,1,0,1,1,1,0,1,1,1,1,0,1,1,1,1,0,1,0,1,0,1,1,0,1,1,0,0,0,0
Jakarta Timur,1.00,1678000.00,4.60,50.00,87.00,Kos Putri,12.00,1,0,1,1,1,0,1,1,1,1,0,1,1,1,1,0,1,0,1,0,1,1,0,1,1,0,0,0,0
Jakarta Barat,0.00,1545000.00,4.30,4.00,7.00,Kos Campur,6.00,1,0,1,1,0,1,1,0,0,0,1,0,1,0,0,0,1,0,1,0,1,0,0,0,0,0,0,0,1
Jakarta Barat,0.00,1375000.00,4.50,13.00,31.00,Kos Campur,6.00,1,0,1,0,0,1,1,0,0,0,1,0,1,0,0,0,1,0,1,0,1,0,0,0,0,0,0,0,1
Jakarta Barat,1.00,1451000.00,4.60,6.00,16.00,Kos Campur,12.00,1,0,0,1,1,1,1,0,0,0,1,1,1,0,1,0,1,0,1,1,1,0,0,1,1,0,1,0,0
Jakarta Barat,0.00,1184200.00,4.80,10.00,17.00,Kos Campur,8.75,1,0,0,1,1,1,1,0,0,0,1,1,1,0,1,1,1,0,1,1,1,0,0,1,1,0,1,0,0
Jakarta Pusat,0.00,2025000.00,4.90,11.00,37.00,Kos Putri,9.00,1,0,1,1,0,1,1,1,1,1,0,1,1,1,1,1,1,0,1,1,1,0,0,1,1,0,0,0,0
Jakarta Selatan,0.00,3775000.00,4.80,57.00,111.00,Kos Campur,12.00,1,1,1,1,1,0,1,1,1,1,0,1,1,1,0,0,1,1,1,1,1,1,0,1,0,0,0,0,0
Jakarta Pusat,0.00,2210000.00,4.80,12.00,21.00,Kos Campur,8.00,1,0,1,1,1,1,1,1,1,1,1,1,1,1,1,1,1,0,1,1,1,1,0,1,1,0,0,0,0
Jakarta Barat,0.00,1432600.00,5.00,4.00,4.00,Kos Campur,8.46,1,0,0,1,1,1,1,1,1,1,1,1,1,1,1,0,1,1,1,1,1,1,0,1,0,0,0,1,0
Jakarta Selatan,0.00,880000.00,4.80,5.00,12.00,Kos Campur,9.00,1,0,1,0,1,1,1,0,0,0,1,1,0,0,1,0,1,0,1,0,1,0,1,1,0,0,1,0,0
Jakarta Utara,0.00,1775000.00,4.60,3.00,7.00,Kos Putri,10.50,1,0,0,1,1,1,1,0,0,0,1,1,1,0,1,1,1,1,1,1,1,1,0,1,0,0,0,0,0
Jakarta Utara,0.00,1675000.00,5.00,6.00,12.00,Kos Putri,8.75,1,0,0,1,1,1,1,0,0,0,1,1,1,0,1,1,1,1,1,1,1,1,0,1,0,0,0,0,0
Jakarta Utara,0.00,1675000.00,5.00,1.00,3.00,Kos Putri,7.50,1,0,0,1,1,1,1,0,0,0,1,1,1,0,1,1,1,1,1,1,1,1,0,1,0,0,0,0,0
Jakarta Utara,0.00,1525000.00,0.00,0.00,2.00,Kos Putri,6.25,1,0,0,1,1,1,1,0,0,0,1,1,1,0,1,1,1,1,1,1,1,1,0,1,0,0,0,0,0
Jakarta Selatan,0.00,1975000.00,4.80,15.00,27.00,Kos Putri,14.00,1,0,1,1,1,1,1,1,1,0,1,1,1,1,1,0,1,0,1,1,1,0,0,1,1,1,0,0,0
Jakarta Selatan,0.00,2325000.00,4.60,18.00,32.00,Kos Putri,12.00,1,0,1,1,1,1,1,1,1,1,0,1,1,0,1,0,1,1,1,1,1,0,0,1,0,0,0,0,0
Jakarta Selatan,0.00,2400000.00,4.60,14.00,23.00,Kos Putri,9.60,1,0,1,1,1,1,1,1,1,1,0,1,1,0,1,0,1,1,1,1,1,0,0,1,0,0,0,0,0
Jakarta Timur,0.00,2115000.00,4.80,48.00,96.00,Kos Campur,9.00,1,0,1,1,1,1,1,1,1,1,1,1,1,0,1,0,1,1,1,0,1,0,0,1,0,0,0,1,0
Jakarta Timur,0.00,2020000.00,4.50,28.00,53.00,Kos Campur,9.00,1,0,1,1,1,0,1,1,1,1,1,1,1,0,1,0,1,1,1,0,1,0,0,1,0,0,0,1,0
Jakarta Barat,0.00,1972500.00,0.00,0.00,3.00,Kos Campur,13.44,1,0,1,1,1,0,1,0,0,0,0,0,1,0,1,1,1,1,1,0,0,1,0,0,1,1,0,0,0
Jakarta Selatan,2.00,2800000.00,4.80,34.00,69.00,Kos Campur,17.50,1,0,1,1,0,1,1,0,1,0,0,1,1,1,1,1,1,1,1,0,1,1,0,1,0,0,1,0,0
Jakarta Selatan,1.00,3065000.00,4.80,15.00,27.00,Kos Campur,22.50,1,0,1,1,0,1,1,0,1,0,0,1,1,1,1,1,1,1,1,0,1,1,0,1,0,0,1,0,0
Jakarta Pusat,0.00,2025000.00,4.80,49.00,76.00,Kos Putri,13.50,0,0,1,1,1,1,1,1,1,0,1,1,1,0,1,1,1,0,1,1,1,0,0,1,1,1,0,0,0
Jakarta Pusat,3.00,1875000.00,4.60,74.00,115.00,Kos Campur,8.75,0,0,1,1,0,1,0,0,0,0,0,1,1,0,1,1,1,0,0,0,0,0,0,1,0,1,0,0,0
Jakarta Pusat,0.00,1735000.00,4.60,1.00,3.00,Kos Campur,8.75,1,0,0,1,1,1,1,0,1,0,0,1,1,0,0,1,1,0,1,0,0,0,0,1,1,0,0,0,0
Jakarta Pusat,0.00,3445000.00,0.00,0.00,0.00,Kos Campur,20.00,1,0,1,1,1,1,1,1,1,0,0,1,1,0,1,1,1,1,1,0,0,0,0,1,0,1,0,0,0
Jakarta Barat,0.00,2141000.00,0.00,0.00,6.00,Kos Campur,12.16,1,0,1,1,1,1,1,1,0,0,1,1,1,1,1,1,1,1,1,0,0,0,0,1,1,0,0,0,0
Jakarta Barat,0.00,1865000.00,4.90,1.00,39.00,Kos Campur,7.84,1,0,1,1,1,1,1,1,0,0,1,1,1,1,1,1,1,1,1,0,0,0,0,1,1,0,0,0,0
Jakarta Selatan,1.00,2325000.00,4.60,3.00,8.00,Kos Putra,17.34,0,0,1,1,1,0,1,0,1,0,1,1,1,0,0,0,1,0,1,0,1,1,0,1,0,0,0,0,0
Jakarta Selatan,0.00,2095000.00,5.00,1.00,3.00,Kos Putra,12.25,1,0,0,1,1,1,1,1,1,0,0,1,1,0,1,0,1,0,1,1,1,0,0,1,1,0,0,0,0
Jakarta Pusat,0.00,2877000.00,4.60,4.00,9.00,Kos Campur,11.84,1,0,1,1,1,1,1,1,1,0,0,1,1,1,1,0,1,0,1,1,1,1,0,1,1,0,0,0,0
Jakarta Pusat,0.00,2732500.00,4.90,3.00,5.00,Kos Campur,16.00,1,0,1,1,1,1,1,1,1,0,0,1,1,1,1,1,1,0,1,1,1,1,0,1,1,0,0,0,0
Jakarta Pusat,0.00,2495000.00,4.60,24.00,40.00,Kos Campur,10.36,1,0,1,1,1,1,1,1,1,0,0,1,1,1,1,1,1,0,1,1,1,1,0,1,1,0,0,0,0
Jakarta Timur,0.00,1782500.00,5.00,7.00,16.00,Kos Putra,13.50,1,0,1,1,1,1,1,0,0,1,1,1,1,0,1,1,1,0,1,1,1,0,0,1,1,1,0,0,0
Jakarta Timur,0.00,525000.00,5.00,1.00,3.00,Kos Putra,7.50,1,0,0,1,1,1,1,0,0,1,1,0,0,0,1,1,0,0,1,1,1,0,1,0,1,0,0,0,0
Jakarta Barat,0.00,1865000.00,4.90,73.00,130.00,Kos Campur,7.56,1,0,1,1,1,0,1,0,0,1,1,1,1,0,1,1,1,0,1,1,1,0,0,1,0,0,0,0,0
Jakarta Barat,1.00,1773000.00,4.80,9.00,21.00,Kos Campur,6.72,1,0,1,0,1,0,1,0,0,1,1,1,1,0,1,1,1,0,1,1,1,0,0,1,0,0,0,0,0
Jakarta Barat,0.00,1359000.00,4.80,5.00,8.00,Kos Campur,9.00,1,0,0,0,0,0,0,0,0,0,0,0,0,0,0,0,0,0,0,0,0,0,0,0,0,0,0,0,0
Jakarta Selatan,1.00,2075000.00,4.80,26.00,53.00,Kos Putri,12.00,1,0,1,1,1,1,1,1,0,0,1,1,1,0,1,0,1,0,1,1,1,0,0,1,1,0,0,0,0
Jakarta Barat,0.00,1212500.00,4.60,42.00,84.00,Kos Campur,6.00,1,0,0,1,1,0,1,0,0,0,0,1,1,1,1,1,1,0,1,1,1,0,0,0,0,0,0,0,0
Jakarta Selatan,0.00,2020000.00,4.80,15.00,22.00,Kos Campur,7.56,1,0,1,1,1,1,1,1,1,0,0,1,1,0,1,0,1,0,1,1,0,0,0,0,0,0,0,0,0
Jakarta Utara,1.00,1610000.00,4.30,9.00,11.00,Kos Campur,9.00,1,0,1,1,0,0,1,0,0,1,0,1,1,0,0,0,1,0,1,1,1,0,0,1,0,0,0,0,0
Jakarta Utara,0.00,1426000.00,4.60,9.00,13.00,Kos Campur,7.50,1,0,1,1,0,1,1,0,0,1,0,1,1,0,1,0,1,0,1,1,1,0,0,1,1,0,0,0,0
Jakarta Utara,0.00,1150000.00,4.60,126.00,186.00,Kos Campur,5.00,1,0,0,1,0,0,1,0,0,1,0,0,1,0,1,1,1,0,1,1,1,0,0,0,1,0,0,0,0
Jakarta Utara,1.00,966000.00,4.60,27.00,47.00,Kos Campur,5.00,1,0,0,1,0,0,1,0,0,1,0,0,1,0,0,0,1,0,1,1,1,0,0,0,0,0,0,0,0
Jakarta Selatan,1.00,3587500.00,4.40,2.00,7.00,Kos Campur,9.60,1,0,1,1,0,0,1,1,1,0,1,1,1,0,1,1,1,1,1,1,1,1,0,1,0,0,0,0,0
Jakarta Selatan,2.00,2780000.00,4.50,32.00,56.00,Kos Campur,12.00,1,0,1,1,0,0,0,1,1,1,1,1,1,1,1,1,1,1,1,1,1,1,0,1,1,1,0,0,0
Jakarta Selatan,1.00,2210000.00,4.50,11.00,22.00,Kos Campur,14.00,1,0,1,1,0,1,1,1,1,0,1,1,1,1,1,1,1,0,1,1,0,1,0,1,1,0,0,0,0
Jakarta Selatan,2.00,1830000.00,4.60,28.00,42.00,Kos Campur,12.00,1,0,1,1,0,1,1,1,1,0,1,1,1,1,1,1,1,0,1,1,0,1,0,1,1,0,0,0,0
Jakarta Barat,0.00,3875000.00,4.50,9.00,23.00,Kos Campur,32.64,1,0,1,1,1,0,0,0,0,1,0,0,0,0,0,0,1,1,1,0,0,0,0,0,0,0,0,1,0
Jakarta Barat,0.00,3675000.00,4.90,14.00,32.00,Kos Campur,21.00,1,0,1,1,1,1,1,0,0,1,0,1,1,1,0,0,1,1,1,1,0,0,0,1,0,0,0,1,0
Jakarta Selatan,1.00,2775000.00,4.50,1.00,6.00,Kos Campur,30.00,0,0,1,1,1,1,1,1,1,0,0,1,1,0,1,0,1,1,1,1,1,0,0,1,0,0,0,0,0
Jakarta Selatan,3.00,2075000.00,4.80,37.00,54.00,Kos Campur,9.60,0,0,1,1,1,1,1,1,1,0,0,1,1,0,1,0,1,1,1,1,1,0,0,1,0,0,0,0,0
Jakarta Pusat,0.00,1735000.00,4.90,1.00,1.00,Kos Putri,9.25,1,0,1,1,1,1,1,0,0,0,1,0,1,0,1,1,1,0,1,0,0,0,0,0,0,0,0,0,0
Jakarta Pusat,0.00,1592500.00,0.00,0.00,5.00,Kos Putri,6.75,1,1,0,1,1,1,1,0,0,0,1,0,1,0,1,1,1,1,1,0,0,0,0,0,0,1,1,0,1
Jakarta Pusat,0.00,1545000.00,4.80,2.00,5.00,Kos Putri,9.25,1,0,1,1,1,1,1,0,0,0,1,0,1,0,1,1,1,0,1,0,0,0,0,0,0,0,0,0,0
Jakarta Pusat,0.00,1260000.00,4.90,3.00,15.00,Kos Putri,7.50,1,0,0,1,1,1,1,0,0,0,1,0,1,0,1,1,1,0,1,0,0,0,0,0,0,0,0,0,0
Jakarta Selatan,1.00,3255000.00,4.90,4.00,10.00,Kos Putri,16.56,1,1,1,1,1,1,1,1,1,0,0,1,1,1,1,1,1,1,1,1,1,1,0,1,1,0,0,0,1
Jakarta Selatan,0.00,2732500.00,4.80,4.00,3.00,Kos Putri,14.10,1,1,1,1,1,1,1,1,1,0,0,1,1,1,1,1,1,1,1,1,1,1,0,1,1,0,0,0,0
Jakarta Selatan,0.00,2417000.00,4.60,3.00,7.00,Kos Putri,13.50,1,1,0,1,1,1,1,1,1,0,0,1,1,1,1,1,1,1,1,1,1,1,0,1,1,0,0,0,0
Jakarta Selatan,0.00,1830000.00,4.60,1.00,1.00,Kos Putri,9.00,1,1,0,1,1,1,1,1,1,0,0,0,1,1,1,1,1,1,1,1,1,1,0,1,1,0,0,0,0
Jakarta Selatan,0.00,2025000.00,4.60,5.00,14.00,Kos Putri,7.50,1,0,1,1,1,1,1,0,1,0,0,0,1,1,1,1,1,1,1,1,0,0,0,0,1,0,0,0,0
Jakarta Timur,1.00,1260000.00,4.60,14.00,19.00,Kos Putri,9.00,1,1,0,1,0,1,1,1,1,0,1,1,1,1,1,1,1,1,1,1,1,1,0,1,1,1,1,0,0
Jakarta Timur,0.00,2305000.00,5.00,2.00,5.00,Kos Campur,13.50,1,0,1,1,1,1,1,0,1,1,1,1,1,0,1,1,1,1,1,1,1,1,0,1,1,0,0,1,0
Jakarta Timur,1.00,2125000.00,4.90,36.00,70.00,Kos Campur,9.00,1,0,1,1,1,1,1,0,1,1,1,1,1,0,1,1,1,1,1,1,1,1,0,1,1,0,0,1,0
Jakarta Timur,0.00,2613750.00,4.90,2.00,4.00,Kos Campur,13.02,1,0,1,1,1,1,1,0,1,1,1,1,1,0,0,0,1,1,1,1,1,1,0,1,0,0,0,1,0
Jakarta Selatan,0.00,2325000.00,4.60,7.00,18.00,Kos Putra,10.50,0,0,1,1,1,1,1,0,1,1,1,1,1,0,1,1,1,0,1,1,1,0,0,1,0,0,0,0,0
Jakarta Utara,3.00,1592500.00,4.80,26.00,23.00,Kos Campur,12.60,1,0,1,0,1,0,1,1,1,0,1,1,1,0,1,1,1,0,1,0,1,0,0,1,0,1,1,0,0
Jakarta Utara,0.00,1497500.00,4.80,46.00,55.00,Kos Campur,11.25,1,0,1,0,1,0,1,1,1,0,1,1,1,0,1,1,1,0,1,0,1,0,0,1,0,1,0,0,0
Jakarta Utara,0.00,1117500.00,4.90,1.00,2.00,Kos Campur,12.24,1,0,1,0,1,1,1,1,1,0,1,1,0,0,1,0,1,0,1,0,1,0,0,1,0,1,1,0,0
Jakarta Utara,0.00,1022500.00,4.80,10.00,12.00,Kos Campur,8.64,1,0,1,0,1,1,1,1,1,0,1,1,0,0,1,1,1,0,1,0,1,0,1,1,0,1,1,0,0
Jakarta Pusat,0.00,1805000.00,4.50,14.00,24.00,Kos Putra,11.61,0,1,1,1,1,0,1,0,0,0,1,1,1,0,1,0,1,0,1,1,0,0,0,0,1,0,1,0,0
Jakarta Pusat,0.00,1495000.00,4.80,51.00,76.00,Kos Putra,4.62,1,1,0,1,1,0,1,0,0,0,1,1,1,0,1,0,1,0,1,1,0,0,0,0,0,0,1,0,0
Jakarta Timur,2.00,1440000.00,4.80,4.00,17.00,Kos Putri,13.50,1,0,1,1,1,1,1,1,1,0,0,1,1,0,1,1,1,0,1,0,1,1,0,1,1,0,0,0,0
Jakarta Selatan,0.00,2200000.00,4.60,61.00,108.00,Kos Campur,9.00,0,0,1,1,1,0,1,0,1,0,1,1,1,1,1,0,1,0,1,1,1,1,0,1,0,1,0,0,0
Jakarta Timur,2.00,1727000.00,4.90,1.00,2.00,Kos Putri,10.50,1,1,0,1,1,1,1,1,1,1,1,1,1,0,1,1,1,0,1,1,1,1,0,1,1,0,0,1,0
Jakarta Pusat,0.00,1545000.00,5.00,8.00,21.00,Kos Putri,6.25,1,0,0,1,1,1,1,0,1,0,1,1,1,0,1,0,1,0,1,0,0,0,0,1,1,0,0,0,0
Jakarta Pusat,0.00,1307500.00,0.00,0.00,8.00,Kos Putri,6.25,1,0,0,1,1,1,1,0,1,0,1,1,1,0,1,0,1,0,1,0,0,0,0,1,1,0,0,0,0
Jakarta Pusat,0.00,1225000.00,5.00,1.00,3.00,Kos Putri,6.00,1,0,0,1,1,0,1,0,1,0,1,1,1,0,1,0,1,0,1,0,0,0,0,1,1,0,0,0,0
Jakarta Selatan,0.00,2785000.00,0.00,0.00,0.00,Kos Campur,14.64,1,1,1,1,1,1,1,1,1,0,1,1,1,1,0,0,1,1,1,1,1,0,0,0,0,0,0,0,0
Jakarta Selatan,1.00,2685000.00,4.80,2.00,4.00,Kos Campur,11.90,1,1,1,1,1,1,1,1,1,0,1,1,1,1,0,0,1,1,1,1,1,0,0,1,0,0,0,0,0
Jakarta Selatan,2.00,2725000.00,4.60,23.00,45.00,Kos Campur,15.96,1,0,1,1,1,1,1,1,1,0,1,1,1,1,1,1,1,1,1,1,1,1,0,0,0,0,0,0,0
Jakarta Selatan,0.00,1275000.00,4.90,25.00,52.00,Kos Putri,11.20,1,0,1,1,1,1,1,0,0,0,1,1,0,0,1,0,1,0,1,0,1,0,0,0,0,0,0,0,0
Jakarta Selatan,0.00,1525000.00,4.90,10.00,14.00,Kos Putri,11.20,1,0,1,1,1,1,1,0,0,0,1,1,1,0,1,0,1,0,1,0,1,0,0,1,0,0,0,0,0
Jakarta Pusat,3.00,2125000.00,4.80,32.00,50.00,Kos Putri,7.44,1,0,1,1,1,1,1,1,1,0,1,1,1,0,1,1,1,1,1,1,0,0,0,1,1,0,0,0,0
Jakarta Timur,1.00,2425000.00,4.60,12.00,22.00,Kos Campur,9.45,0,0,1,1,1,1,1,1,1,0,0,1,1,1,1,1,1,1,1,1,1,1,0,1,1,1,0,0,0
Jakarta Pusat,0.00,1331400.00,4.40,2.00,12.00,Kos Putri,5.44,1,0,0,1,1,1,1,0,0,1,1,1,1,0,1,1,1,0,1,1,1,0,0,0,0,0,1,0,0
Jakarta Timur,0.00,1763500.00,0.00,0.00,0.00,Kos Campur,10.50,1,0,1,1,1,0,1,1,1,1,1,0,1,0,1,0,1,0,1,0,1,0,0,1,0,0,0,0,0
Jakarta Timur,1.00,1497500.00,4.80,21.00,36.00,Kos Campur,10.50,1,0,1,1,1,1,1,1,1,1,1,0,1,0,1,0,0,0,1,0,1,0,0,1,0,0,1,0,0
Jakarta Utara,0.00,2775000.00,4.80,54.00,88.00,Kos Campur,14.10,0,0,1,1,1,1,1,1,1,1,0,1,1,1,0,0,1,0,1,1,1,1,0,1,0,0,0,0,0
Jakarta Selatan,0.00,2225000.00,4.80,14.00,27.00,Kos Campur,8.10,0,0,1,1,1,1,1,0,1,0,0,1,1,1,1,1,1,1,1,0,0,0,0,1,1,0,0,0,0
Jakarta Barat,1.00,1809800.00,4.90,1.00,4.00,Kos Putri,7.84,1,0,0,1,1,1,1,1,1,0,0,1,1,1,1,1,1,1,1,0,0,0,0,1,1,0,0,0,0
Jakarta Barat,0.00,1906000.00,4.80,10.00,16.00,Kos Putri,7.50,1,0,1,1,1,1,1,1,1,1,0,1,1,1,1,1,1,1,1,1,1,1,0,1,0,0,0,1,0
Jakarta Barat,1.00,1792000.00,4.90,65.00,115.00,Kos Putri,6.00,1,0,1,1,1,1,1,1,1,1,0,1,1,1,1,1,1,1,1,1,1,1,0,1,0,0,0,1,0
Jakarta Utara,3.00,2070000.00,4.60,36.00,74.00,Kos Campur,5.28,1,0,1,1,1,1,1,0,1,1,1,1,1,0,1,0,1,1,1,0,1,1,0,1,1,1,0,1,0
Jakarta Barat,1.00,1925000.00,4.80,7.00,13.00,Kos Campur,8.00,1,0,1,1,1,1,1,0,0,0,1,1,1,0,1,1,1,1,1,0,0,0,0,1,0,0,0,0,0
Jakarta Barat,1.00,1625000.00,4.60,1.00,4.00,Kos Campur,9.00,0,0,0,0,0,0,0,0,0,0,0,0,0,0,0,0,0,0,0,0,0,0,0,0,0,0,0,0,0
Jakarta Barat,0.00,1313000.00,4.40,4.00,5.00,Kos Campur,9.60,1,0,1,1,1,1,1,0,0,0,1,1,1,0,1,1,1,1,1,0,0,0,0,1,0,0,0,0,0
Jakarta Barat,1.00,1402500.00,4.60,4.00,7.00,Kos Campur,11.31,1,0,1,1,1,0,1,0,1,0,1,0,1,0,1,0,1,0,1,0,1,0,0,0,0,0,0,0,0
Jakarta Barat,3.00,2049000.00,4.50,3.00,18.00,Kos Campur,12.90,1,0,1,1,1,1,1,1,1,0,1,1,1,0,1,0,1,1,1,0,0,0,0,1,1,0,0,0,0
Jakarta Barat,3.00,2475000.00,4.80,16.00,41.00,Kos Campur,12.00,0,0,1,1,1,0,1,1,1,1,0,1,1,0,0,0,1,0,1,1,1,1,0,1,0,1,0,0,0
Jakarta Barat,0.00,2525000.00,4.60,26.00,49.00,Kos Campur,12.00,0,0,1,1,1,0,1,1,1,1,0,1,1,0,0,0,1,0,1,1,1,1,0,1,0,1,0,0,0
Jakarta Barat,0.00,3085000.00,4.90,4.00,11.00,Kos Campur,20.00,0,0,1,1,1,0,1,1,1,1,0,1,1,1,0,0,1,0,1,1,1,1,0,1,0,1,0,0,0
Jakarta Selatan,0.00,2185000.00,5.00,1.00,3.00,Kos Putri,15.00,1,0,1,1,1,1,1,0,1,0,1,1,1,0,1,1,1,0,1,1,1,0,0,1,1,0,1,0,0
Jakarta Timur,0.00,1402500.00,4.80,17.00,23.00,Kos Campur,8.32,1,0,1,1,1,1,1,0,1,0,0,0,1,0,1,0,1,0,1,0,0,0,0,0,0,0,1,0,0
Jakarta Timur,1.00,1355000.00,4.90,17.00,16.00,Kos Campur,7.50,1,0,1,1,1,1,1,0,1,0,0,0,1,0,1,0,1,0,1,0,0,0,0,0,0,0,1,0,0
Jakarta Utara,1.00,1575000.00,4.90,6.00,6.00,Kos Putri,10.50,1,1,1,1,1,1,1,1,0,0,1,1,1,0,1,1,1,1,1,1,1,1,0,1,1,0,0,0,0
Jakarta Utara,0.00,1775000.00,4.90,2.00,1.00,Kos Putri,16.50,1,1,1,1,1,1,1,1,0,0,1,1,1,0,1,1,1,1,1,1,1,1,0,1,1,0,0,0,0
Jakarta Utara,0.00,1925000.00,4.90,2.00,1.00,Kos Putri,20.00,1,1,1,1,1,0,1,1,0,0,1,1,1,0,1,0,1,1,1,1,1,1,0,1,1,0,0,0,0
Jakarta Utara,3.00,2232500.00,4.90,1.00,2.00,Kos Campur,9.00,1,1,1,1,1,0,1,1,1,0,0,1,1,1,1,1,1,1,1,1,1,1,0,1,0,1,0,0,0
Jakarta Utara,0.00,2090000.00,4.10,2.00,2.00,Kos Campur,9.00,1,1,1,1,1,0,1,1,1,0,0,1,1,1,1,1,1,1,1,1,1,1,0,1,0,1,0,0,0
Jakarta Barat,1.00,1425000.00,4.90,16.00,26.00,Kos Putri,7.92,1,1,1,0,1,1,1,0,1,0,1,0,1,0,1,1,0,0,1,0,1,0,0,0,0,0,0,0,0
Jakarta Barat,0.00,1525000.00,4.60,9.00,11.00,Kos Putri,20.80,0,0,1,1,1,0,1,0,1,0,1,1,1,0,1,0,0,0,1,0,1,0,0,0,0,0,0,0,0
Jakarta Barat,0.00,1325000.00,4.80,7.00,13.00,Kos Putri,7.92,0,1,1,1,1,1,1,0,1,0,1,0,1,0,1,0,1,0,1,0,1,0,0,1,1,0,0,0,0
Jakarta Timur,0.00,2185000.00,4.30,3.00,6.00,Kos Campur,12.00,1,0,1,1,1,1,1,0,0,0,1,1,1,1,1,1,1,1,1,1,1,0,0,1,0,0,0,0,0
Jakarta Pusat,0.00,1640000.00,4.80,49.00,81.00,Kos Putri,6.00,1,0,1,1,0,1,1,1,0,0,1,0,1,0,1,1,1,0,1,1,1,1,0,0,0,0,1,0,0
Jakarta Pusat,0.00,1735000.00,4.60,19.00,26.00,Kos Putri,6.00,1,0,1,1,0,1,1,1,0,0,1,0,1,0,1,1,1,0,1,1,1,1,0,0,0,0,1,0,0
Jakarta Pusat,0.00,1782500.00,4.90,6.00,5.00,Kos Putri,12.00,1,0,1,0,0,1,1,1,0,0,1,0,1,0,1,1,1,0,1,1,1,1,0,0,0,0,1,0,0
Jakarta Timur,0.00,1543000.00,4.80,3.00,6.00,Kos Putri,8.75,1,0,1,1,0,1,1,0,1,0,0,1,1,0,1,1,1,0,1,1,1,0,1,1,1,0,0,0,0
Jakarta Timur,0.00,1225000.00,4.50,4.00,9.00,Kos Putri,6.00,1,0,0,1,0,1,1,0,1,0,0,1,1,0,1,1,1,0,1,1,1,0,0,1,1,0,0,0,0
Jakarta Selatan,0.00,2285000.00,4.60,29.00,83.00,Kos Putri,7.00,1,0,1,1,1,1,1,0,1,0,1,0,1,0,1,1,1,0,1,1,1,1,0,0,0,0,0,0,0
Jakarta Selatan,0.00,2365000.00,4.50,30.00,54.00,Kos Campur,9.00,1,0,0,0,0,0,0,0,0,0,0,0,0,0,0,0,0,0,0,0,0,0,0,0,0,0,0,0,0
Jakarta Selatan,0.00,2905000.00,4.90,2.00,3.00,Kos Campur,24.00,1,0,1,1,0,1,1,1,1,0,0,1,1,1,1,1,1,1,1,0,1,0,0,1,1,1,0,0,0
Jakarta Barat,1.00,2115000.00,4.60,9.00,20.00,Kos Putri,18.00,1,0,1,1,1,1,1,0,0,1,1,1,1,0,1,0,1,1,1,1,1,0,0,1,1,0,0,0,0
Jakarta Barat,1.00,2020000.00,4.60,10.00,17.00,Kos Putri,14.00,1,0,1,1,1,1,1,0,0,1,1,1,1,0,1,0,1,1,1,1,1,0,0,1,1,1,0,0,0
Jakarta Barat,0.00,2020000.00,4.90,11.00,21.00,Kos Putri,12.00,1,1,1,1,1,1,1,1,1,1,0,1,1,0,1,0,1,1,1,1,1,1,0,1,0,1,0,0,0
Jakarta Barat,1.00,1925000.00,4.80,24.00,37.00,Kos Putri,8.75,1,0,1,1,1,0,1,1,1,1,0,1,1,0,1,0,1,1,1,1,1,1,0,1,0,1,0,0,0
Jakarta Pusat,0.00,1129000.00,4.80,62.00,81.00,Kos Campur,9.00,1,0,0,1,0,1,1,1,0,0,1,1,1,0,1,1,1,0,1,0,1,0,0,1,0,0,1,0,0
Jakarta Pusat,1.00,1125000.00,4.90,9.00,14.00,Kos Campur,5.00,1,0,0,1,0,1,1,1,0,0,1,1,1,0,1,1,1,0,1,0,1,0,0,1,0,0,1,0,0
Jakarta Selatan,0.00,2400000.00,4.50,70.00,133.00,Kos Campur,12.00,1,0,1,1,1,1,1,1,1,1,0,1,1,0,1,0,1,1,1,0,1,0,0,1,1,1,0,0,0
Jakarta Selatan,0.00,2825000.00,4.50,22.00,43.00,Kos Campur,10.80,1,0,1,1,1,1,1,1,1,1,0,1,1,1,1,0,1,1,1,0,1,0,0,1,1,1,0,0,0
Jakarta Barat,1.00,1589000.00,4.30,2.00,18.00,Kos Campur,9.89,1,0,1,1,1,1,1,0,1,0,1,0,1,0,1,0,1,0,1,0,1,1,0,0,1,0,0,0,0
Jakarta Selatan,1.00,2780000.00,4.50,14.00,37.00,Kos Campur,10.80,1,0,1,1,1,1,1,1,1,0,0,1,1,0,1,1,1,1,1,1,1,1,0,1,1,1,0,0,0
Jakarta Selatan,0.00,2637500.00,4.80,7.00,10.00,Kos Putri,10.50,1,0,1,1,1,1,1,1,1,0,1,1,1,1,1,0,1,1,1,1,1,1,0,1,1,1,0,0,0
Jakarta Selatan,0.00,2400000.00,4.80,4.00,14.00,Kos Putri,8.75,1,0,1,1,1,1,1,1,1,0,1,1,1,1,1,0,1,1,1,1,1,1,0,1,1,1,0,0,0
Jakarta Pusat,0.00,2275000.00,3.50,1.00,4.00,Kos Campur,8.64,1,0,0,1,1,1,1,0,0,0,1,1,1,1,1,1,1,0,1,1,1,0,0,0,0,0,1,0,0
Jakarta Pusat,0.00,1825000.00,4.90,3.00,12.00,Kos Campur,7.50,1,0,0,1,1,1,1,0,0,0,1,1,1,1,1,1,1,0,1,1,1,0,0,0,1,0,1,0,0
Jakarta Selatan,0.00,1125000.00,4.50,8.00,18.00,Kos Putra,6.30,1,1,0,1,1,1,1,1,0,0,1,1,0,0,1,0,0,0,1,0,1,1,0,1,1,0,0,0,0
Jakarta Barat,0.00,2210000.00,4.80,21.00,36.00,Kos Putri,9.00,1,0,1,1,0,1,1,1,0,0,0,1,1,0,1,1,1,1,1,0,0,0,0,1,0,1,1,0,0
Jakarta Selatan,0.00,1875000.00,4.90,23.00,33.00,Kos Putri,9.60,0,0,1,1,1,1,1,1,0,0,1,1,1,0,1,0,1,0,1,1,1,0,0,1,0,0,0,0,0
Jakarta Selatan,0.00,1775000.00,4.90,24.00,35.00,Kos Putri,7.00,0,0,1,1,1,1,1,1,0,0,1,1,1,0,1,1,1,0,1,1,1,0,0,1,0,0,0,0,0
Jakarta Utara,0.00,1465000.00,0.00,0.00,2.00,Kos Putri,12.00,1,0,1,1,1,1,1,0,1,0,1,0,1,0,1,0,1,0,1,0,0,0,0,0,1,0,1,0,0
Jakarta Utara,0.00,1420000.00,5.00,1.00,11.00,Kos Putri,9.00,1,0,1,1,1,1,1,0,1,0,1,0,1,0,1,0,1,0,1,0,0,0,0,0,1,0,1,0,0
Jakarta Barat,1.00,2875000.00,4.60,4.00,13.00,Kos Putri,12.00,1,0,1,1,1,1,1,1,1,1,1,1,1,0,1,1,1,1,1,1,1,1,0,1,0,1,0,1,0
Jakarta Barat,0.00,1625000.00,4.60,3.00,5.00,Kos Campur,9.00,1,0,0,1,1,1,1,1,0,0,0,1,1,0,1,1,1,0,1,0,1,0,0,1,0,0,1,0,0
Jakarta Barat,0.00,1325000.00,4.40,3.00,3.00,Kos Campur,9.00,0,0,0,1,1,1,1,1,0,0,0,1,1,0,1,1,1,0,1,0,1,0,0,1,1,0,1,0,0
Jakarta Timur,0.00,1267000.00,5.00,1.00,3.00,Kos Campur,10.24,1,0,0,1,1,1,1,1,1,1,1,0,1,0,1,1,0,0,1,1,1,0,0,0,1,0,1,0,0
Jakarta Selatan,0.00,2162500.00,4.60,1.00,6.00,Kos Campur,20.67,1,0,1,1,1,1,1,1,1,0,0,1,1,0,1,0,1,1,1,0,1,0,0,1,0,1,0,0,0
Jakarta Selatan,0.00,3274000.00,4.60,9.00,19.00,Kos Putri,11.78,1,1,1,1,1,0,1,1,1,0,0,1,1,1,1,1,1,1,1,1,1,1,0,1,1,1,0,0,0
Jakarta Pusat,0.00,2325000.00,5.00,1.00,1.00,Kos Campur,10.80,1,0,1,1,1,0,1,1,0,0,0,0,1,1,1,1,1,1,1,0,0,0,0,0,0,1,0,0,0
Jakarta Pusat,0.00,1225000.00,4.50,2.00,5.00,Kos Campur,10.08,1,0,1,1,0,1,1,0,1,0,1,1,0,0,1,1,1,0,1,0,1,0,1,1,1,0,0,0,0
Jakarta Pusat,0.00,1175000.00,4.40,3.00,3.00,Kos Campur,7.84,1,0,1,0,0,1,1,0,1,0,1,0,0,0,1,1,0,0,1,0,1,0,0,1,1,0,1,0,0
Jakarta Pusat,0.00,875000.00,0.00,0.00,5.00,Kos Campur,9.36,0,0,0,0,0,1,1,0,1,0,1,0,0,0,1,1,0,0,1,0,1,0,1,0,1,0,1,0,0
Jakarta Pusat,0.00,1375000.00,4.60,3.00,3.00,Kos Campur,11.76,1,0,1,1,0,1,1,0,1,0,1,1,1,0,0,0,1,0,1,0,1,0,0,1,0,0,0,0,0
Jakarta Pusat,1.00,2685000.00,4.90,10.00,12.00,Kos Campur,19.84,1,0,1,1,1,1,1,1,1,0,1,1,1,0,1,0,1,1,1,0,1,0,0,0,0,1,0,0,0
Jakarta Pusat,1.00,2225000.00,4.60,20.00,51.00,Kos Campur,15.00,1,0,1,1,1,1,1,1,1,0,1,1,1,0,1,0,1,1,1,0,1,0,0,0,0,1,0,0,0
Jakarta Selatan,1.00,1735000.00,4.60,1.00,3.00,Kos Campur,8.32,1,0,1,1,1,1,1,0,0,0,0,1,1,0,1,1,1,0,1,1,1,1,0,1,1,0,0,0,0
Jakarta Timur,3.00,1800000.00,0.00,0.00,0.00,Kos Putri,6.24,1,1,0,1,1,1,1,0,0,1,1,1,1,0,1,1,1,0,1,1,1,1,0,1,1,0,0,0,0
Jakarta Selatan,0.00,2025000.00,4.30,8.00,19.00,Kos Campur,10.50,1,0,1,1,1,1,1,1,1,1,1,1,1,1,1,1,1,1,1,1,1,0,0,1,0,1,0,1,0
Jakarta Timur,0.00,2739000.00,5.00,6.00,22.00,Kos Campur,16.00,1,0,1,1,1,1,1,1,1,0,0,0,1,1,1,0,1,1,1,0,1,0,0,0,0,1,0,0,0
Jakarta Barat,0.00,1725000.00,5.00,3.00,15.00,Kos Putri,9.00,1,0,1,1,1,1,1,0,1,0,1,1,1,0,1,0,1,0,1,0,0,0,0,1,1,0,1,0,0
Jakarta Barat,0.00,945000.00,5.00,3.00,15.00,Kos Putri,9.00,1,0,0,1,1,1,1,0,1,0,1,1,0,0,1,0,1,0,1,0,0,0,1,1,1,1,1,0,0
Jakarta Selatan,0.00,2159400.00,4.80,15.00,37.00,Kos Putri,16.00,1,0,1,1,0,0,1,1,0,1,1,1,1,0,0,0,1,0,1,0,0,0,0,1,0,0,0,0,0
Jakarta Selatan,0.00,2325000.00,5.00,6.00,16.00,Kos Putra,9.00,0,0,0,1,1,1,1,1,1,0,1,1,1,0,1,1,1,1,1,0,0,0,0,1,1,0,0,0,0
Jakarta Selatan,0.00,2025000.00,4.80,4.00,8.00,Kos Putra,12.00,0,0,0,1,1,0,1,1,1,0,1,1,1,0,1,1,1,1,1,0,0,0,0,1,1,0,0,0,0
Jakarta Pusat,0.00,1830000.00,4.80,47.00,78.00,Kos Campur,7.68,1,0,0,1,1,0,1,1,0,1,0,1,1,0,1,1,1,0,1,1,1,1,0,1,1,1,0,0,0
Jakarta Pusat,0.00,1545000.00,4.90,17.00,25.00,Kos Putri,7.50,1,0,0,1,0,1,1,0,0,0,0,1,1,0,0,0,1,1,1,0,0,0,0,0,0,0,0,0,0
Jakarta Pusat,0.00,1564000.00,4.80,93.00,143.00,Kos Campur,5.50,1,0,0,1,1,1,1,0,1,0,1,0,1,0,1,0,1,0,1,1,1,0,0,0,0,0,0,0,0
Jakarta Pusat,1.00,1386600.00,4.50,7.00,11.00,Kos Campur,2.70,1,0,0,1,1,0,1,0,1,0,1,0,1,0,1,0,1,0,1,1,1,0,0,0,0,0,0,0,0
Jakarta Selatan,0.00,1640000.00,4.60,11.00,21.00,Kos Campur,6.00,1,1,1,1,1,1,1,0,1,0,1,1,1,0,1,1,1,0,1,0,1,1,0,1,0,0,0,0,0
Jakarta Timur,0.00,1425000.00,4.80,15.00,41.00,Kos Campur,9.99,1,0,1,1,1,0,1,1,0,1,0,0,1,0,0,0,1,0,1,0,0,0,0,0,0,0,0,0,0
Jakarta Selatan,1.00,2780000.00,4.80,5.00,14.00,Kos Putri,15.90,1,0,1,1,1,1,1,1,1,0,0,1,1,0,1,0,1,1,1,1,1,0,0,1,0,1,0,0,0
Jakarta Selatan,0.00,2162500.00,4.80,37.00,66.00,Kos Putri,9.00,1,0,0,0,0,0,0,0,0,0,0,0,0,0,0,0,0,0,0,0,0,0,0,0,0,0,0,0,0
Jakarta Selatan,1.00,1991500.00,4.80,21.00,29.00,Kos Putri,6.72,1,0,1,1,1,1,1,1,1,0,0,1,1,0,1,0,1,1,1,1,1,0,0,1,0,1,0,0,0
Jakarta Selatan,0.00,2575000.00,4.90,1.00,5.00,Kos Putri,15.00,1,1,1,1,0,1,1,1,1,0,1,1,1,0,1,0,1,1,1,0,1,0,0,1,1,1,0,0,0
Jakarta Selatan,1.00,2325000.00,4.60,36.00,73.00,Kos Putri,12.00,1,1,1,1,0,1,1,1,1,0,1,1,1,0,1,0,1,1,1,0,1,0,0,1,1,1,0,0,0
Jakarta Selatan,0.00,2925000.00,4.90,15.00,17.00,Kos Campur,13.80,1,0,1,0,0,1,1,1,1,0,1,1,1,1,1,0,1,1,1,0,1,0,0,1,0,0,0,0,0
Jakarta Selatan,3.00,2258000.00,4.60,102.00,245.00,Kos Campur,16.00,1,0,1,1,1,0,1,1,1,1,1,1,1,1,0,0,1,1,1,1,1,0,0,1,0,1,0,0,0
Jakarta Selatan,0.00,1865000.00,4.10,3.00,4.00,Kos Putri,25.00,1,1,0,1,1,1,1,0,1,1,1,0,1,1,1,1,1,1,1,1,1,0,0,0,1,1,1,0,0
Jakarta Selatan,0.00,1725000.00,4.40,8.00,14.00,Kos Putri,16.00,1,1,0,1,1,1,1,0,1,1,1,0,1,1,1,1,1,1,1,1,1,0,0,0,1,1,1,0,0
Jakarta Selatan,0.00,1225000.00,4.90,1.00,3.00,Kos Putri,6.00,1,1,0,1,1,0,1,0,1,1,1,0,1,1,1,1,1,1,1,1,1,0,0,0,1,1,1,0,0
Jakarta Selatan,0.00,3025000.00,4.80,34.00,57.00,Kos Campur,14.19,0,0,1,1,1,1,1,1,1,0,1,1,1,1,1,1,1,1,1,1,1,1,0,1,0,1,0,0,0
Jakarta Barat,0.00,2400000.00,4.80,26.00,51.00,Kos Campur,9.00,1,0,1,1,1,1,1,1,1,1,0,1,1,1,1,1,1,1,1,1,1,1,0,1,1,1,0,0,1
Jakarta Barat,3.00,2500000.00,4.80,117.00,222.00,Kos Campur,12.00,1,0,1,1,1,1,1,1,1,1,0,1,1,1,1,1,1,1,1,1,1,1,0,1,1,1,0,0,1
Jakarta Barat,1.00,3000000.00,4.60,26.00,46.00,Kos Campur,16.00,1,0,1,1,1,1,1,1,1,1,0,1,1,1,1,0,1,1,1,1,1,1,0,1,1,1,0,0,1
Jakarta Barat,0.00,3500000.00,4.80,9.00,13.00,Kos Campur,25.00,1,0,1,1,1,1,1,1,1,1,0,1,1,1,1,1,1,1,1,1,1,1,0,1,1,1,0,0,1
Jakarta Barat,0.00,2800000.00,4.80,6.00,9.00,Kos Campur,16.00,1,0,1,1,1,1,1,1,1,1,0,1,1,1,1,1,1,1,1,1,1,1,0,1,1,1,0,0,1
Jakarta Selatan,0.00,2725000.00,4.60,6.00,13.00,Kos Campur,14.28,1,0,1,1,1,0,1,1,1,0,0,1,1,1,0,0,1,1,1,1,1,1,0,1,0,0,0,0,0
Jakarta Selatan,0.00,3350000.00,4.60,23.00,65.00,Kos Putri,9.00,1,0,0,0,0,0,0,0,0,0,0,0,0,0,0,0,0,0,0,0,0,0,0,0,0,0,0,0,0
Jakarta Barat,0.00,2352500.00,4.60,5.00,13.00,Kos Campur,15.54,1,0,1,1,1,1,1,1,1,0,0,1,1,1,1,0,1,1,1,1,1,1,0,1,0,1,0,0,0
Jakarta Barat,0.00,2542500.00,4.90,1.00,4.00,Kos Campur,15.54,1,0,1,1,1,1,1,1,1,0,0,1,1,1,1,0,1,1,1,1,1,1,0,1,0,1,0,0,0
Jakarta Barat,0.00,2780000.00,4.40,7.00,20.00,Kos Campur,15.54,1,0,1,1,1,1,1,1,1,0,0,1,1,1,1,0,1,1,1,1,1,1,0,1,0,1,0,0,0
Jakarta Selatan,1.00,1820500.00,4.90,19.00,32.00,Kos Putri,13.50,1,0,1,1,0,1,1,1,0,0,0,0,1,1,1,0,1,0,1,0,0,0,0,1,0,1,0,0,0
Jakarta Selatan,0.00,3025000.00,4.90,15.00,28.00,Kos Putri,7.50,1,1,1,1,1,1,1,1,1,1,1,1,1,1,1,1,1,1,1,1,1,0,0,1,1,1,0,1,0
Jakarta Barat,0.00,1185000.00,4.30,8.00,10.00,Kos Campur,6.25,1,0,0,0,1,1,1,0,1,0,1,1,1,1,1,0,1,0,1,1,1,0,0,1,1,0,0,0,0
Jakarta Selatan,1.00,1839500.00,4.60,58.00,92.00,Kos Putri,12.00,1,0,1,1,1,1,1,1,0,1,0,1,1,0,1,0,1,0,1,0,1,0,0,1,1,0,1,0,1
Jakarta Selatan,0.00,2825000.00,4.60,3.00,6.00,Kos Campur,10.24,1,0,1,1,1,1,1,1,0,0,1,1,1,0,1,0,1,1,1,0,1,0,0,1,0,1,0,0,0
Jakarta Selatan,0.00,2877000.00,4.90,2.00,3.00,Kos Campur,10.80,1,0,1,1,1,1,1,1,0,0,1,1,1,0,1,0,1,1,1,0,1,0,0,1,0,0,0,0,0
Jakarta Selatan,0.00,2877000.00,4.90,2.00,3.00,Kos Campur,9.00,1,0,0,0,0,0,0,0,0,0,0,0,0,0,0,0,0,0,0,0,0,0,0,0,0,0,0,0,0
Jakarta Pusat,0.00,1450000.00,4.80,9.00,31.00,Kos Campur,8.75,1,0,0,1,1,1,1,0,1,0,1,1,1,0,1,1,0,0,1,0,0,0,0,1,1,0,1,0,0
Jakarta Selatan,0.00,1545000.00,4.80,16.00,19.00,Kos Putra,16.00,1,1,0,1,1,1,1,0,1,0,1,0,1,1,1,0,1,0,1,1,1,0,0,0,1,0,0,0,0
Jakarta Barat,0.00,2305000.00,4.90,14.00,34.00,Kos Campur,17.50,0,0,1,1,1,1,1,0,0,0,0,1,1,0,1,1,1,1,1,1,1,0,0,1,0,0,0,0,0
Jakarta Pusat,1.00,2325000.00,4.90,45.00,73.00,Kos Campur,15.00,1,0,1,1,0,0,1,1,1,1,1,0,1,0,0,0,1,0,1,0,1,0,0,0,0,0,0,0,0
Jakarta Selatan,1.00,1825000.00,4.80,10.00,14.00,Kos Putri,8.80,1,1,0,1,1,1,1,1,1,0,0,1,1,1,1,1,1,0,1,0,0,1,0,1,0,1,0,0,0
Jakarta Barat,0.00,1754000.00,4.40,2.00,4.00,Kos Campur,20.00,1,0,1,1,1,0,1,1,1,0,1,1,1,1,0,0,1,0,1,1,1,1,0,1,0,0,0,0,0
Jakarta Selatan,0.00,3105000.00,4.60,15.00,40.00,Kos Campur,12.21,1,0,1,1,1,1,1,1,1,1,1,1,1,1,1,1,1,1,1,1,1,1,0,1,1,1,0,1,0
Jakarta Timur,0.00,1400000.00,4.80,3.00,5.00,Kos Putra,22.00,1,0,1,1,0,0,1,0,0,0,1,1,1,0,1,0,0,0,1,0,1,0,1,0,0,0,0,0,0
Jakarta Timur,0.00,1200000.00,0.00,0.00,2.00,Kos Putra,8.58,1,0,0,1,0,1,1,0,0,0,1,1,1,0,1,0,0,0,1,0,0,0,0,1,1,0,0,0,0
Jakarta Timur,2.00,1012000.00,4.80,14.00,19.00,Kos Putra,8.58,1,0,0,1,0,1,1,0,0,0,1,1,1,0,1,0,0,0,1,0,0,0,0,0,1,0,0,0,0
Jakarta Timur,0.00,600000.00,4.80,3.00,4.00,Kos Putra,6.38,1,0,0,1,0,1,1,0,0,0,1,1,0,0,1,0,0,0,1,0,0,0,1,0,1,0,0,0,0
Jakarta Pusat,1.00,2850000.00,4.60,2.00,15.00,Kos Campur,16.00,1,0,1,1,1,0,1,1,1,1,1,1,1,1,0,0,1,1,1,1,1,0,0,1,0,0,0,1,0
Jakarta Pusat,1.00,2300000.00,0.00,0.00,3.00,Kos Campur,9.60,1,0,0,1,1,1,1,1,1,1,1,1,1,0,1,1,1,1,1,1,1,0,0,1,0,1,0,1,0
Jakarta Utara,3.00,2141000.00,0.00,0.00,3.00,Kos Campur,10.24,1,0,1,1,1,1,1,1,1,1,1,1,1,1,1,0,1,1,1,1,1,1,0,1,0,0,0,0,0
Jakarta Utara,0.00,2095000.00,0.00,0.00,4.00,Kos Campur,11.84,1,0,1,1,1,1,1,1,1,1,1,1,1,1,1,0,1,1,1,1,1,1,0,1,0,0,0,0,0
Jakarta Utara,0.00,1957000.00,4.50,1.00,7.00,Kos Campur,10.24,1,0,1,1,1,1,1,1,1,1,1,1,1,1,1,0,1,1,1,1,1,1,0,1,0,0,0,0,0
Jakarta Selatan,1.00,2325000.00,0.00,0.00,5.00,Kos Campur,9.00,1,0,1,1,1,1,1,0,1,0,1,1,1,0,1,1,1,0,1,1,1,1,0,1,1,0,0,0,0
Jakarta Pusat,0.00,2985000.00,4.80,50.00,77.00,Kos Campur,15.75,0,1,1,1,1,1,1,1,1,0,0,1,1,0,1,0,1,1,1,1,1,1,0,1,0,1,0,0,0
Jakarta Pusat,0.00,3505000.00,4.60,22.00,47.00,Kos Campur,17.50,1,1,1,1,1,1,1,1,1,0,0,1,1,0,1,0,1,1,1,1,1,1,0,1,0,1,0,0,0
Jakarta Pusat,0.00,3815000.00,4.90,7.00,11.00,Kos Campur,21.00,1,1,1,1,1,1,1,1,1,0,0,1,1,0,1,0,1,1,1,1,1,1,0,1,0,1,0,0,0
Jakarta Selatan,2.00,1865000.00,0.00,0.00,0.00,Kos Putri,9.80,1,0,1,1,1,0,1,0,1,1,1,0,1,0,0,0,1,1,1,1,1,1,0,0,0,0,0,1,0
Jakarta Selatan,0.00,1545000.00,5.00,5.00,20.00,Kos Putri,8.96,1,0,1,1,1,0,1,0,1,1,1,0,1,0,0,0,1,0,1,1,1,1,0,0,0,0,0,1,0
Jakarta Selatan,0.00,2447500.00,4.90,4.00,7.00,Kos Putri,16.00,1,0,1,1,1,1,1,1,1,1,0,1,1,0,1,0,1,1,1,1,1,1,0,1,0,1,0,0,1
Jakarta Selatan,0.00,3325000.00,4.60,17.00,30.00,Kos Campur,14.40,1,0,1,1,1,1,1,1,1,0,0,1,1,1,1,1,1,1,1,0,0,0,0,1,1,0,0,0,0
Jakarta Selatan,0.00,3025000.00,4.60,34.00,67.00,Kos Campur,14.40,0,0,1,1,1,1,1,1,1,0,0,1,1,1,1,1,1,1,1,0,0,0,0,1,1,0,0,0,0
Jakarta Selatan,0.00,1925000.00,4.40,1.00,13.00,Kos Putri,12.80,1,0,0,1,1,1,1,1,1,0,1,1,1,0,1,1,1,0,1,1,1,1,0,1,1,0,0,0,0
Jakarta Selatan,0.00,4205000.00,4.80,13.00,25.00,Kos Campur,15.00,1,1,1,1,1,1,1,1,1,0,1,1,1,1,1,1,0,1,1,1,1,1,0,1,0,1,0,0,0
Jakarta Selatan,2.00,3530500.00,4.80,7.00,8.00,Kos Campur,6.00,1,0,1,1,1,1,1,0,1,0,0,1,1,1,1,1,1,1,1,1,1,0,0,1,1,1,0,0,0
Jakarta Timur,0.00,1129000.00,4.90,9.00,13.00,Kos Putri,9.00,1,0,0,0,0,0,0,0,0,0,0,0,0,0,0,0,0,0,0,0,0,0,0,0,0,0,0,0,0
Jakarta Selatan,1.00,1675000.00,4.60,36.00,75.00,Kos Campur,10.50,0,0,1,1,0,1,1,1,1,1,1,1,1,1,1,1,1,1,1,0,1,0,0,1,0,0,0,0,0
Jakarta Pusat,0.00,2070000.00,0.00,0.00,2.00,Kos Campur,7.29,1,0,1,1,1,1,1,0,0,0,0,1,1,0,1,1,1,0,1,0,0,0,0,1,1,0,0,0,0
Jakarta Selatan,0.00,2590000.00,4.60,16.00,28.00,Kos Putri,14.80,1,0,1,1,1,1,1,1,1,1,0,1,1,0,1,0,1,1,1,0,1,1,0,1,1,0,0,0,0
Jakarta Selatan,0.00,2325000.00,4.80,12.00,11.00,Kos Putri,10.00,1,0,1,1,1,1,1,1,1,1,0,1,1,0,1,0,1,1,1,0,1,1,0,1,1,0,0,0,0
Jakarta Utara,0.00,1451000.00,4.00,1.00,1.00,Kos Campur,6.00,1,0,0,1,1,1,1,1,0,0,0,1,1,0,1,0,1,1,1,0,1,1,0,0,0,0,1,0,0
Jakarta Utara,0.00,1267000.00,5.00,1.00,6.00,Kos Campur,6.00,1,0,0,1,1,0,1,1,0,0,0,1,1,0,1,0,1,1,1,0,1,1,0,0,0,0,1,0,0
Jakarta Utara,1.00,1225000.00,5.00,1.00,2.00,Kos Campur,4.00,1,0,0,1,1,0,1,1,0,0,0,1,1,0,1,0,1,1,1,0,1,1,0,0,0,0,1,0,0
Jakarta Barat,1.00,1700000.00,4.90,3.00,3.00,Kos Campur,9.00,1,0,1,1,1,0,1,0,0,0,1,1,1,0,1,1,1,1,1,1,1,1,0,1,0,0,0,0,0
Jakarta Barat,1.00,1700000.00,4.90,3.00,3.00,Kos Campur,9.00,1,0,1,1,1,0,1,0,0,0,1,1,1,0,1,1,1,1,1,1,1,1,0,1,0,0,0,0,0
Jakarta Barat,0.00,1500000.00,4.00,3.00,10.00,Kos Campur,9.00,1,0,1,1,1,0,1,0,0,0,1,0,1,0,1,1,1,1,1,1,1,1,0,0,0,0,0,0,0
Jakarta Selatan,1.00,3065000.00,4.50,3.00,10.00,Kos Putra,17.48,1,0,1,1,1,1,1,1,1,1,1,1,1,1,1,0,1,1,1,1,1,0,0,1,0,1,0,1,0
Jakarta Selatan,2.00,2780000.00,4.80,4.00,20.00,Kos Putra,14.72,1,0,1,1,1,1,1,1,1,1,1,1,1,1,1,0,1,1,1,1,1,0,0,1,0,1,0,1,0
Jakarta Selatan,0.00,2495000.00,4.60,3.00,10.00,Kos Putra,16.72,1,0,1,1,1,1,1,1,1,1,1,1,1,1,1,0,1,1,1,1,1,0,0,1,0,1,0,1,0
Jakarta Selatan,0.00,2360000.00,4.80,11.00,18.00,Kos Putri,12.00,1,0,1,1,1,1,1,1,1,0,1,1,1,1,1,1,1,1,1,1,1,0,0,1,1,1,0,0,0
Jakarta Selatan,0.00,2025000.00,4.80,11.00,15.00,Kos Putri,10.00,1,0,1,1,1,1,1,1,1,0,1,1,1,1,1,1,1,1,1,1,1,0,0,1,1,1,0,0,0
Jakarta Selatan,0.00,2125000.00,4.50,11.00,24.00,Kos Campur,15.00,0,0,1,1,1,1,1,0,1,0,1,1,1,0,1,0,1,0,1,0,0,0,0,1,1,1,0,0,0
Jakarta Barat,0.00,2275000.00,5.00,1.00,4.00,Kos Putra,10.24,0,1,1,1,0,1,1,0,1,1,0,1,1,1,1,0,0,0,1,1,1,1,0,1,1,0,1,1,0
Jakarta Barat,2.00,2175000.00,4.80,20.00,28.00,Kos Putra,8.96,0,1,1,1,0,1,1,0,1,1,0,1,1,1,1,1,0,0,1,1,1,1,0,1,1,0,1,1,0
Jakarta Barat,0.00,1400000.00,4.80,5.00,8.00,Kos Putra,4.32,0,1,0,1,0,1,1,0,1,1,0,1,0,1,1,0,0,0,1,1,1,1,0,1,1,0,1,1,0
Jakarta Selatan,0.00,2175000.00,4.90,9.00,14.00,Kos Campur,5.00,1,0,0,1,1,1,1,0,0,1,0,1,1,1,1,1,1,1,1,1,1,0,0,1,1,0,0,1,0
Jakarta Selatan,0.00,2525000.00,4.80,23.00,99.00,Kos Putri,10.26,1,0,1,1,1,1,1,0,1,1,1,0,1,0,1,1,1,1,1,1,1,0,0,0,1,1,0,0,0
Jakarta Barat,0.00,950000.00,4.50,13.00,26.00,Kos Putri,6.00,0,0,0,1,1,1,1,0,0,0,1,0,0,0,1,0,1,0,1,0,1,0,0,0,0,0,1,0,0
Jakarta Timur,0.00,1500000.00,4.90,8.00,16.00,Kos Putri,6.72,1,1,1,1,1,1,1,1,1,0,0,1,1,0,1,1,1,0,1,1,1,0,0,1,1,0,0,0,0
Jakarta Pusat,0.00,2875000.00,4.10,6.00,21.00,Kos Campur,9.45,1,0,1,1,1,1,1,1,1,0,0,1,1,0,1,1,1,0,1,0,1,0,0,1,0,1,0,0,0
Jakarta Pusat,0.00,2400000.00,4.50,11.00,56.00,Kos Campur,9.45,1,0,1,1,1,1,1,1,1,0,0,1,1,0,1,0,1,0,1,0,1,0,0,1,0,0,0,0,0
Jakarta Pusat,0.00,1925000.00,4.60,2.00,15.00,Kos Campur,9.00,1,0,1,1,0,1,0,0,0,0,0,1,1,0,1,1,1,0,0,0,0,0,0,1,0,0,0,0,0
Jakarta Timur,0.00,1165000.00,4.90,29.00,53.00,Kos Putri,7.50,1,0,1,0,1,1,1,1,1,1,0,0,1,0,1,0,1,0,1,1,1,1,0,0,0,0,1,0,0
Jakarta Timur,0.00,1260000.00,4.80,7.00,13.00,Kos Putri,9.00,1,0,1,0,1,1,1,1,1,1,0,0,1,0,1,0,1,0,1,1,1,1,0,0,0,0,1,0,0
Jakarta Utara,3.00,1645000.00,4.50,33.00,54.00,Kos Campur,8.75,0,0,1,1,1,0,1,1,1,0,0,1,1,0,1,1,1,1,1,1,1,1,0,1,1,0,0,0,0
Jakarta Selatan,0.00,2635000.00,4.90,2.00,15.00,Kos Campur,18.00,1,0,1,1,1,1,1,1,1,0,1,1,1,0,1,0,1,1,1,1,1,0,0,1,0,0,0,0,0
Jakarta Selatan,1.00,2455000.00,4.90,3.00,17.00,Kos Campur,15.75,1,0,1,1,1,1,1,1,1,0,1,1,1,0,1,0,1,1,1,1,1,0,0,1,0,0,0,0,0
Jakarta Selatan,0.00,2095000.00,4.30,4.00,18.00,Kos Campur,13.50,1,0,1,1,1,1,1,1,1,0,1,1,1,0,1,0,1,1,1,1,1,0,0,1,0,0,0,0,0
Jakarta Selatan,0.00,1825000.00,4.90,2.00,11.00,Kos Campur,11.25,1,0,1,1,1,1,1,1,1,0,1,1,1,0,1,0,1,1,1,1,1,0,0,1,0,0,0,0,0
Jakarta Utara,2.00,1545000.00,4.40,11.00,46.00,Kos Campur,11.10,1,0,1,1,1,1,1,0,1,0,1,0,1,0,1,1,1,0,1,0,0,0,0,0,0,0,0,0,0
Jakarta Pusat,0.00,2637500.00,4.90,2.00,6.00,Kos Campur,10.24,1,0,1,1,1,1,1,1,1,1,1,1,1,0,1,1,1,1,1,0,1,0,0,1,0,0,0,0,0
Jakarta Pusat,0.00,2325000.00,4.40,8.00,30.00,Kos Campur,9.00,1,0,1,1,1,1,1,1,1,1,1,1,1,0,1,1,1,1,1,0,1,0,0,1,0,0,0,0,0
Jakarta Selatan,0.00,3575000.00,4.90,7.00,15.00,Kos Putri,16.00,1,1,1,1,1,1,1,1,1,1,0,1,1,0,1,1,1,1,1,1,1,1,0,1,0,1,0,1,0
Jakarta Utara,2.00,1556800.00,0.00,0.00,0.00,Kos Putri,8.40,1,0,0,1,1,1,1,0,1,0,1,1,1,0,1,0,1,0,1,1,1,0,0,1,0,1,0,0,0
Jakarta Utara,3.00,1391200.00,0.00,0.00,0.00,Kos Putri,8.40,1,0,0,1,1,1,1,0,1,0,1,0,1,0,1,0,1,0,1,1,1,0,0,0,0,1,0,0,0
Jakarta Barat,2.00,2225000.00,4.60,27.00,63.00,Kos Campur,8.19,1,0,1,1,1,1,1,0,1,0,1,1,1,0,1,0,1,1,1,1,1,0,0,1,0,0,0,0,0
Jakarta Barat,1.00,1975000.00,4.60,83.00,198.00,Kos Campur,8.19,1,0,1,1,1,1,1,0,1,0,1,1,1,0,1,1,1,1,1,1,1,0,0,1,0,0,0,0,0
Jakarta Timur,0.00,1656000.00,5.00,1.00,3.00,Kos Putri,8.75,1,0,1,1,1,1,1,0,1,1,1,1,1,0,1,0,1,0,1,0,1,0,0,1,0,0,0,0,0
Jakarta Timur,0.00,1656000.00,5.00,1.00,3.00,Kos Putri,9.00,1,0,0,0,0,0,0,0,0,0,0,0,0,0,0,0,0,0,0,0,0,0,0,0,0,0,0,0,0
Jakarta Timur,0.00,1656000.00,5.00,1.00,3.00,Kos Putri,8.75,1,0,1,1,1,1,1,0,1,1,1,1,1,0,1,0,1,0,1,0,1,0,0,1,0,0,0,0,0
Jakarta Timur,0.00,1656000.00,5.00,1.00,3.00,Kos Putri,8.75,1,0,1,1,1,1,1,0,1,1,1,1,1,0,1,0,1,0,1,0,1,0,0,1,0,0,0,0,0
Jakarta Pusat,0.00,1735000.00,4.90,10.00,11.00,Kos Putri,14.00,1,0,1,0,1,0,1,1,1,0,1,1,1,0,0,0,1,0,1,1,0,0,0,1,0,0,0,0,0
Jakarta Pusat,0.00,1625000.00,4.60,19.00,45.00,Kos Putri,12.00,1,0,1,0,1,0,1,1,1,0,1,1,1,0,0,0,1,0,1,1,0,0,0,1,0,0,0,0,0
Jakarta Barat,0.00,1745400.00,4.60,10.00,23.00,Kos Campur,8.75,1,0,1,1,0,1,1,1,1,1,1,1,1,0,1,0,1,0,1,1,1,0,0,1,0,1,0,0,0
Jakarta Barat,0.00,1525000.00,4.60,12.00,19.00,Kos Campur,8.75,1,0,0,1,0,1,1,1,1,1,1,1,1,0,1,0,1,0,1,1,1,0,0,1,0,0,0,0,0
Jakarta Barat,2.00,1345000.00,4.60,59.00,128.00,Kos Campur,7.00,1,0,0,1,0,1,1,1,1,1,1,1,1,0,1,0,1,0,1,1,1,0,0,1,0,0,0,0,0
Jakarta Barat,0.00,2162500.00,4.80,29.00,59.00,Kos Campur,8.64,1,0,1,1,1,1,1,0,0,0,0,1,1,1,1,1,1,1,1,0,1,0,0,1,1,0,0,0,0
Jakarta Barat,0.00,2210000.00,4.80,10.00,16.00,Kos Campur,8.64,1,0,1,1,1,1,1,0,0,0,0,1,1,1,1,1,1,1,1,0,1,0,0,1,1,0,0,0,0
Jakarta Utara,0.00,1925000.00,4.90,63.00,78.00,Kos Campur,6.72,1,0,1,1,1,0,1,0,0,1,1,1,1,0,1,0,1,0,1,0,1,0,0,0,1,1,0,1,0
Jakarta Timur,0.00,2257500.00,4.50,2.00,6.00,Kos Campur,11.20,1,0,1,1,1,1,1,1,1,0,1,1,1,1,1,1,1,0,1,0,0,0,0,1,1,1,0,0,0
Jakarta Timur,1.00,2162500.00,4.80,3.00,5.00,Kos Campur,10.50,1,0,1,1,1,0,1,1,1,0,1,1,1,1,0,0,1,1,1,0,0,0,0,1,0,0,0,0,0
Jakarta Selatan,0.00,1225000.00,4.90,7.00,19.00,Kos Putra,6.60,0,1,0,1,1,1,1,0,1,0,1,0,0,1,1,1,1,0,1,1,1,0,0,1,1,0,1,0,0
Jakarta Selatan,0.00,2005000.00,4.60,5.00,10.00,Kos Putri,6.00,1,0,0,1,1,1,1,1,1,0,1,1,1,0,1,1,1,0,1,1,1,0,0,1,1,0,0,0,0
Jakarta Selatan,0.00,3135000.00,4.90,3.00,4.00,Kos Putra,32.00,1,0,1,1,0,0,1,1,1,0,1,1,1,1,1,1,1,1,1,1,1,0,0,1,0,0,0,0,0
Jakarta Selatan,0.00,2422500.00,4.60,2.00,4.00,Kos Putra,20.00,1,0,1,1,0,1,1,1,1,0,1,1,1,0,1,0,1,1,1,0,1,0,0,1,0,0,0,0,0
Jakarta Selatan,0.00,2130000.00,5.00,8.00,23.00,Kos Putra,12.25,1,0,0,1,0,1,1,1,1,0,1,1,1,0,1,0,1,1,1,0,1,0,0,1,0,0,0,0,0
Jakarta Selatan,0.00,3875000.00,0.00,0.00,0.00,Kos Putri,21.00,0,1,1,1,0,1,1,1,1,1,1,1,1,1,1,1,1,1,1,1,1,0,0,1,1,1,0,0,0
Jakarta Selatan,0.00,2875000.00,4.90,11.00,25.00,Kos Putri,8.96,0,1,1,1,0,0,1,1,0,0,0,1,1,1,1,1,1,1,0,0,0,0,0,1,1,0,0,0,0
Jakarta Selatan,0.00,2475000.00,4.80,3.00,6.00,Kos Putri,12.00,0,1,0,1,0,1,1,1,1,1,1,1,1,1,1,1,1,1,1,1,1,0,0,1,1,1,0,0,0
Jakarta Selatan,0.00,2352500.00,4.50,13.00,34.00,Kos Putri,16.00,1,0,1,1,0,1,0,1,1,1,1,1,1,1,1,1,1,0,1,1,1,0,0,1,0,1,0,0,0
Jakarta Pusat,0.00,1805000.00,4.60,2.00,35.00,Kos Campur,12.80,1,0,1,1,1,1,1,1,0,0,0,1,1,0,1,1,1,1,1,1,1,0,0,1,1,1,0,0,0
Jakarta Utara,0.00,2125000.00,4.90,14.00,18.00,Kos Campur,9.00,1,1,1,1,1,0,1,1,0,0,1,0,1,0,1,1,1,1,1,1,1,0,0,0,1,1,0,0,0
Jakarta Utara,3.00,1945000.00,4.90,6.00,9.00,Kos Campur,7.50,1,1,1,1,1,0,1,1,0,0,1,0,1,0,1,1,1,1,1,1,1,0,0,0,1,1,0,0,0
Jakarta Utara,3.00,1751000.00,4.80,5.00,7.00,Kos Campur,6.25,1,1,0,1,1,0,1,1,0,0,1,0,1,0,1,0,1,0,1,1,1,0,0,0,1,0,0,0,0
Jakarta Timur,0.00,1545000.00,4.90,7.00,8.00,Kos Campur,6.25,1,1,1,1,0,1,1,1,0,0,1,1,1,0,1,1,0,0,1,0,0,0,0,0,0,0,0,0,0
Jakarta Timur,0.00,1129000.00,4.60,8.00,11.00,Kos Campur,6.25,1,1,1,1,0,1,1,1,0,0,1,1,0,0,1,0,0,0,1,0,0,0,1,0,0,0,0,0,0
Jakarta Timur,0.00,1037000.00,4.90,1.00,1.00,Kos Campur,6.25,1,1,0,1,0,1,1,1,0,0,1,1,0,0,1,0,0,0,1,0,0,0,1,0,0,0,0,0,0
Jakarta Timur,0.00,1640000.00,0.00,0.00,0.00,Kos Campur,12.00,1,1,1,1,0,1,1,0,0,0,1,1,1,0,1,1,0,0,1,0,0,0,0,0,0,0,0,0,0
Jakarta Timur,1.00,1710000.00,4.80,4.00,9.00,Kos Campur,10.80,1,1,1,1,1,1,1,0,1,1,0,1,1,0,1,1,1,0,1,1,1,1,0,0,0,0,0,1,0
Jakarta Timur,0.00,1620000.00,0.00,0.00,0.00,Kos Campur,10.80,1,0,1,1,1,1,1,0,1,1,0,1,1,0,1,0,1,0,1,1,1,1,0,1,0,0,0,1,0
Jakarta Timur,1.00,1530000.00,4.90,3.00,10.00,Kos Campur,12.92,1,1,1,1,1,1,1,0,1,1,0,1,1,0,1,1,1,0,1,1,1,1,0,1,0,0,0,1,0
Jakarta Timur,0.00,1350000.00,4.90,1.00,3.00,Kos Campur,10.80,1,0,1,1,1,1,1,0,1,1,0,1,1,0,1,0,1,0,1,1,1,1,0,1,0,0,0,1,0
Jakarta Timur,0.00,1440000.00,0.00,0.00,0.00,Kos Campur,10.80,1,1,1,1,1,1,1,0,1,1,0,1,1,0,1,0,1,0,1,1,1,1,0,1,1,0,0,1,0
Jakarta Barat,3.00,1925000.00,4.90,3.00,5.00,Kos Campur,6.60,1,0,0,1,1,1,1,0,0,0,0,1,1,0,1,1,1,0,1,0,1,0,0,1,1,0,0,0,0
Jakarta Utara,0.00,1807000.00,0.00,0.00,8.00,Kos Putri,10.50,1,0,1,1,1,1,1,0,1,1,1,1,1,0,1,1,1,1,1,1,1,1,0,1,0,1,0,1,0
Jakarta Selatan,1.00,1425000.00,4.80,35.00,81.00,Kos Putri,9.00,1,0,1,1,1,1,1,0,0,0,0,0,1,0,1,0,1,0,1,0,1,1,0,0,0,0,0,0,0
Jakarta Barat,0.00,1727000.00,5.00,2.00,8.00,Kos Campur,8.00,1,0,1,1,1,0,1,0,1,0,0,1,1,0,1,1,1,1,1,1,1,0,0,1,0,0,0,0,0
Jakarta Barat,2.00,1681000.00,4.50,5.00,21.00,Kos Campur,8.00,1,0,1,1,1,1,1,0,1,0,0,1,1,0,0,1,1,0,1,1,1,0,0,1,0,0,0,0,0
Jakarta Timur,1.00,1875000.00,4.00,1.00,4.00,Kos Putri,16.00,0,0,1,1,1,1,1,0,0,0,1,1,1,0,1,1,1,0,1,1,1,1,0,1,0,0,0,0,0
Jakarta Timur,1.00,1875000.00,4.00,1.00,4.00,Kos Putri,16.00,0,0,1,1,1,1,1,0,0,0,1,1,1,0,1,1,1,0,1,1,1,1,0,1,0,0,0,0,0
Jakarta Timur,1.00,1875000.00,4.00,1.00,4.00,Kos Putri,16.00,0,0,1,1,1,1,1,0,0,0,1,1,1,0,1,1,1,0,1,1,1,1,0,1,0,0,0,0,0
Jakarta Timur,1.00,1875000.00,4.00,1.00,4.00,Kos Putri,16.00,0,0,1,1,1,1,1,0,0,0,1,1,1,0,1,1,1,0,1,1,1,1,0,1,0,0,0,0,0
Jakarta Timur,1.00,1775000.00,4.90,7.00,10.00,Kos Putri,10.50,0,0,1,1,1,1,1,0,0,0,1,1,1,0,1,1,1,0,1,1,1,1,0,1,0,0,0,0,0
Jakarta Timur,1.00,1675000.00,4.90,11.00,25.00,Kos Putri,9.00,0,0,1,1,1,1,1,0,0,0,1,1,1,0,1,1,1,0,1,1,1,1,0,1,0,0,0,0,0
Jakarta Selatan,1.00,2162500.00,4.80,15.00,35.00,Kos Putri,12.00,1,0,1,1,1,1,1,1,1,0,1,1,1,0,1,1,1,0,1,1,1,1,0,1,0,0,1,0,0
Jakarta Selatan,0.00,3150000.00,4.90,11.00,24.00,Kos Campur,17.28,1,0,1,1,0,1,1,1,1,1,1,1,1,1,1,1,1,1,1,1,1,1,0,1,1,1,0,1,0
Jakarta Selatan,0.00,2755000.00,4.90,10.00,11.00,Kos Campur,15.20,1,0,1,1,0,0,1,1,1,1,1,1,1,1,1,1,1,1,1,1,1,1,0,1,1,1,0,1,0
Jakarta Barat,3.00,2900000.00,4.40,6.00,14.00,Kos Campur,9.00,1,0,1,1,0,1,1,1,1,0,0,1,1,1,1,0,1,0,1,0,1,1,0,1,0,1,0,0,0
Jakarta Barat,0.00,2400000.00,4.60,109.00,224.00,Kos Campur,12.00,1,0,1,1,0,1,1,1,1,0,0,1,1,1,1,0,1,0,1,1,1,1,0,1,1,1,0,0,0
Jakarta Pusat,0.00,3205000.00,4.80,13.00,21.00,Kos Campur,10.50,0,0,1,1,1,1,1,1,0,1,1,1,1,1,1,0,1,1,1,1,1,1,0,1,0,1,0,0,0
Jakarta Pusat,1.00,3095000.00,4.60,39.00,63.00,Kos Campur,10.50,0,0,1,1,1,1,1,1,0,1,1,1,1,1,1,0,1,1,1,1,1,1,0,1,0,1,0,0,0
Jakarta Pusat,0.00,2875000.00,4.60,16.00,36.00,Kos Campur,10.50,0,0,1,1,1,1,1,1,0,1,1,1,1,1,1,0,1,1,1,1,1,1,0,1,0,1,0,0,0
Jakarta Pusat,0.00,2722500.00,4.60,19.00,27.00,Kos Campur,9.00,1,0,1,1,1,1,1,0,1,0,0,1,1,0,1,1,1,1,1,1,1,1,0,1,1,0,0,0,0
Jakarta Pusat,0.00,2610000.00,4.60,20.00,39.00,Kos Campur,7.50,1,0,1,1,1,1,1,0,1,0,0,1,1,0,1,1,1,1,1,1,1,1,0,1,1,0,0,0,0
Jakarta Pusat,1.00,2295000.00,4.60,4.00,6.00,Kos Campur,6.25,1,0,1,1,1,1,1,0,1,0,0,1,1,0,1,1,1,1,1,1,1,1,0,1,1,0,0,0,0
Jakarta Utara,1.00,2300000.00,0.00,0.00,4.00,Kos Putri,10.24,1,0,1,1,1,1,1,1,1,0,1,1,1,0,1,1,1,1,1,1,1,1,0,1,0,0,0,0,0
Jakarta Utara,0.00,2116000.00,0.00,0.00,2.00,Kos Putri,10.24,1,0,1,1,1,1,1,1,1,0,1,1,1,0,1,1,1,1,1,1,1,1,0,1,0,0,0,0,0
Jakarta Pusat,0.00,2969000.00,0.00,0.00,0.00,Kos Campur,12.60,1,0,1,1,1,1,1,0,1,0,0,1,1,1,1,1,1,1,1,1,0,1,0,1,0,1,0,0,0
Jakarta Pusat,0.00,2693000.00,4.40,1.00,1.00,Kos Campur,12.00,1,0,1,1,1,1,1,0,1,0,1,0,1,1,1,0,1,1,1,1,1,0,0,0,0,0,0,0,0
Jakarta Barat,0.00,1975000.00,4.60,19.00,42.00,Kos Campur,10.35,1,1,1,1,1,0,1,1,1,0,0,1,1,1,1,0,1,1,1,1,1,0,0,1,0,1,0,0,0
Jakarta Barat,0.00,2685000.00,4.40,4.00,11.00,Kos Campur,21.83,1,0,1,1,1,1,1,1,0,0,1,1,1,0,1,1,1,1,1,0,0,0,0,1,1,1,0,0,0
Jakarta Barat,2.00,2115000.00,4.80,7.00,21.00,Kos Campur,6.16,1,0,1,1,1,1,1,1,0,0,1,1,1,0,1,1,1,1,1,0,0,0,0,1,1,1,0,0,0
Jakarta Timur,2.00,1497000.00,4.80,30.00,49.00,Kos Putri,9.00,1,0,0,0,0,0,0,0,0,0,0,0,0,0,0,0,0,0,0,0,0,0,0,0,0,0,0,0,0
Jakarta Selatan,0.00,2605000.00,4.60,11.00,19.00,Kos Putri,9.00,1,0,1,1,0,0,1,1,1,1,0,1,1,0,1,0,1,0,1,1,1,1,0,1,1,1,0,0,0
Jakarta Selatan,0.00,2582600.00,4.60,19.00,33.00,Kos Putri,10.50,1,1,1,1,0,1,1,1,1,1,0,1,1,0,1,0,1,0,1,1,1,1,0,1,1,1,0,0,0
Jakarta Pusat,0.00,2525000.00,4.60,44.00,57.00,Kos Putri,12.50,0,0,1,1,1,1,1,1,1,1,1,1,1,0,1,0,1,0,1,1,1,1,0,1,1,0,1,1,0
Jakarta Pusat,1.00,2075000.00,4.80,24.00,38.00,Kos Putri,12.00,1,0,0,1,1,1,1,1,1,1,1,1,1,0,1,0,1,0,1,1,1,1,0,1,1,0,0,0,0
Jakarta Selatan,0.00,2825000.00,4.50,72.00,140.00,Kos Campur,16.00,1,0,1,1,1,0,1,1,1,1,1,1,1,0,0,0,1,1,1,0,1,0,0,1,0,1,0,1,0
Jakarta Pusat,0.00,1307500.00,4.90,12.00,20.00,Kos Putri,7.50,1,0,0,1,1,1,1,0,1,1,1,0,1,1,1,1,0,0,1,1,1,0,0,0,1,0,1,0,0
Jakarta Timur,0.00,1925000.00,5.00,1.00,2.00,Kos Putri,9.00,1,0,0,0,0,0,0,0,0,0,0,0,0,0,0,0,0,0,0,0,0,0,0,0,0,0,0,0,0
Jakarta Selatan,0.00,2005000.00,4.80,32.00,63.00,Kos Campur,20.00,1,0,1,1,1,1,1,1,0,0,1,0,1,0,1,1,1,0,1,0,1,0,0,0,1,0,0,0,0
Jakarta Timur,0.00,1200000.00,0.00,0.00,0.00,Kos Putri,12.00,0,1,0,1,0,1,1,0,1,0,1,1,0,0,1,1,0,0,1,1,1,0,0,1,0,0,0,0,1
Jakarta Timur,1.00,1200000.00,0.00,0.00,0.00,Kos Putri,8.00,0,1,0,1,1,1,1,0,1,1,1,1,1,0,1,1,0,0,1,1,1,0,0,1,1,0,0,0,1
Jakarta Utara,1.00,1900000.00,5.00,5.00,9.00,Kos Campur,8.25,0,0,1,1,1,1,1,1,1,1,1,1,1,0,1,1,1,0,1,1,1,1,0,1,1,0,0,0,0
Jakarta Utara,2.00,2000000.00,0.00,0.00,0.00,Kos Campur,12.00,0,0,1,1,1,1,1,0,1,0,0,1,1,1,1,1,1,1,1,1,1,1,0,1,0,0,1,0,0
Jakarta Timur,2.00,1800000.00,0.00,0.00,0.00,Kos Campur,18.00,0,0,1,0,0,1,1,0,0,1,1,1,1,1,1,0,0,0,0,0,0,0,1,1,0,1,0,0,0
Jakarta Timur,2.00,1800000.00,0.00,0.00,0.00,Kos Campur,18.00,0,0,1,0,0,1,1,0,0,1,1,1,1,1,1,0,0,0,0,0,0,0,1,1,0,1,0,0,0
Jakarta Timur,2.00,1800000.00,0.00,0.00,0.00,Kos Campur,18.00,0,0,1,0,0,1,1,0,0,1,1,1,1,1,1,0,0,0,0,0,0,0,1,1,0,1,0,0,0
Jakarta Timur,2.00,1800000.00,0.00,0.00,0.00,Kos Campur,18.00,0,0,1,0,0,1,1,0,0,1,1,1,1,1,1,0,0,0,0,0,0,0,1,1,0,1,0,0,0
Jakarta Timur,2.00,1800000.00,0.00,0.00,0.00,Kos Campur,18.00,0,0,1,0,0,1,1,0,0,1,1,1,1,1,1,0,0,0,0,0,0,0,1,1,0,1,0,0,0
Jakarta Utara,3.00,2500000.00,0.00,0.00,1.00,Kos Campur,12.00,0,0,1,1,1,1,1,1,1,0,0,0,1,1,1,1,1,1,1,0,0,1,0,0,0,1,0,0,0
Jakarta Utara,0.00,2450000.00,0.00,0.00,7.00,Kos Campur,12.00,0,0,1,1,1,1,1,1,1,1,1,1,1,0,1,1,1,1,1,1,0,1,0,0,0,1,0,1,0
Jakarta Utara,1.00,1650000.00,0.00,0.00,0.00,Kos Campur,12.00,1,0,0,1,0,1,1,0,0,0,0,1,1,0,0,1,1,0,0,0,1,0,0,1,1,0,0,0,0
Jakarta Utara,0.00,950000.00,0.00,0.00,0.00,Kos Campur,12.50,0,1,1,0,0,0,1,0,1,0,1,0,0,0,1,0,0,0,1,0,1,0,1,0,0,0,1,0,0
Jakarta Barat,2.00,1400000.00,0.00,0.00,15.00,Kos Campur,9.00,0,0,0,1,1,0,1,0,1,1,1,1,1,0,1,1,1,0,1,1,1,0,0,1,1,0,0,0,0
Jakarta Barat,0.00,2200000.00,0.00,0.00,2.00,Kos Campur,9.00,1,0,1,1,1,1,1,0,1,1,1,1,1,1,1,1,1,1,1,1,1,0,0,0,1,0,0,0,0
Jakarta Utara,3.00,1500000.00,0.00,0.00,1.00,Kos Campur,12.00,1,0,1,0,1,0,1,0,0,0,0,0,1,0,0,0,1,0,1,0,0,0,0,0,0,0,1,0,0
Jakarta Utara,2.00,1650000.00,0.00,0.00,1.00,Kos Putri,12.00,0,0,1,1,1,1,1,0,0,0,1,0,1,0,1,1,1,0,1,0,0,0,0,0,1,1,0,0,0
Jakarta Barat,3.00,3000000.00,0.00,0.00,0.00,Kos Campur,9.00,0,0,1,1,1,1,1,0,1,1,0,1,1,1,1,1,1,0,1,1,1,0,0,1,0,0,0,1,0
Jakarta Barat,0.00,2500000.00,0.00,0.00,5.00,Kos Campur,9.00,0,0,1,1,1,1,1,1,1,1,1,1,1,1,1,1,1,0,1,1,1,0,0,1,0,0,0,1,0
Jakarta Timur,1.00,3300000.00,5.00,3.00,0.00,Kos Campur,16.00,0,1,1,1,1,1,1,1,1,1,1,1,1,1,0,0,1,1,1,1,0,0,0,1,0,1,0,1,0
Jakarta Utara,1.00,1700000.00,0.00,0.00,0.00,Kos Campur,21.00,1,0,1,0,0,1,1,0,1,0,0,0,0,0,0,0,1,0,0,0,0,0,0,0,0,0,0,0,0
Jakarta Pusat,0.00,1850000.00,0.00,0.00,0.00,Kos Putri,9.00,0,1,0,0,1,1,0,0,0,1,1,1,1,0,1,1,1,0,1,0,1,0,0,1,0,0,1,0,0
Jakarta Utara,2.00,1300000.00,0.00,0.00,1.00,Kos Campur,9.00,0,0,1,1,1,0,1,0,1,0,0,0,1,1,1,0,1,0,1,1,1,1,1,0,0,0,1,0,0
Jakarta Utara,1.00,1850000.00,0.00,0.00,0.00,Kos Campur,5.50,1,0,0,1,0,1,1,1,1,1,1,0,1,0,1,0,1,0,1,1,1,1,0,0,1,1,0,0,0
Jakarta Selatan,0.00,3850000.00,0.00,0.00,0.00,Kos Campur,17.50,1,0,1,1,1,1,1,1,1,1,1,1,1,1,1,1,1,1,1,0,1,1,0,0,1,1,0,0,0
Jakarta Utara,0.00,1850000.00,3.60,2.00,21.00,Kos Campur,9.00,1,0,1,1,1,0,1,0,1,1,1,1,1,1,1,0,1,1,1,1,1,1,0,1,0,0,0,1,0
Jakarta Utara,0.00,1600000.00,0.00,0.00,0.00,Kos Campur,12.00,1,0,1,0,1,1,1,0,1,0,1,1,1,0,1,1,0,0,1,1,0,0,0,1,0,0,1,0,0
Jakarta Utara,1.00,1600000.00,0.00,0.00,1.00,Kos Campur,20.00,1,0,1,0,1,1,0,0,1,1,1,1,1,0,1,1,0,0,1,1,0,0,0,1,0,0,1,0,0
Jakarta Timur,1.00,2400000.00,0.00,0.00,0.00,Kos Campur,21.00,0,0,1,1,1,1,1,1,0,1,1,1,1,1,0,1,1,1,1,0,0,0,0,1,0,1,0,0,0
Jakarta Timur,0.00,1000000.00,0.00,0.00,0.00,Kos Campur,12.00,0,0,1,0,0,1,1,0,0,0,0,1,0,1,0,0,1,0,1,1,1,0,1,1,1,0,1,0,0
Jakarta Timur,0.00,1000000.00,0.00,0.00,0.00,Kos Campur,12.00,0,0,1,0,0,1,1,0,0,0,0,1,0,1,0,0,1,0,1,1,1,0,1,1,1,0,1,0,0
Jakarta Timur,0.00,1000000.00,0.00,0.00,0.00,Kos Campur,12.00,0,0,1,0,0,1,1,0,0,0,0,1,0,1,0,0,1,0,1,1,1,0,1,1,1,0,1,0,0
Jakarta Timur,0.00,1000000.00,0.00,0.00,0.00,Kos Campur,12.00,0,0,1,0,0,1,1,0,0,0,0,1,0,1,0,0,1,0,1,1,1,0,1,1,1,0,1,0,0
Jakarta Timur,0.00,1000000.00,0.00,0.00,0.00,Kos Campur,12.00,0,0,1,0,0,1,1,0,0,0,0,1,0,1,0,0,1,0,1,1,1,0,1,1,1,0,1,0,0
Jakarta Timur,0.00,1400000.00,5.00,6.00,20.00,Kos Putra,12.00,0,1,1,0,0,0,0,0,1,1,1,0,1,0,0,0,0,0,0,0,1,0,0,1,0,0,0,0,1
Jakarta Barat,2.00,2300000.00,0.00,0.00,0.00,Kos Campur,9.00,1,0,1,1,1,1,1,0,0,1,1,1,1,1,0,1,1,1,1,1,1,1,0,0,0,1,0,0,0
Jakarta Timur,1.00,3000000.00,0.00,0.00,5.00,Kos Campur,40.00,0,0,1,1,1,1,1,1,1,1,0,1,1,1,1,1,1,1,1,1,1,1,0,0,1,1,0,0,0
Jakarta Barat,3.00,3050000.00,5.00,2.00,2.00,Kos Campur,28.00,0,0,1,1,1,1,1,1,1,1,1,1,1,1,1,1,1,1,1,1,1,1,0,0,0,1,0,1,0
Jakarta Barat,0.00,775000.00,3.40,21.00,15.00,Kos Campur,9.00,0,0,0,0,0,0,1,0,0,1,1,0,1,0,0,0,0,0,1,0,0,0,0,0,0,0,1,0,0
Jakarta Barat,0.00,775000.00,3.60,21.00,5.00,Kos Campur,9.00,0,0,0,0,0,0,1,0,0,1,1,0,1,0,0,0,0,0,1,0,0,0,0,0,0,0,1,0,0
Jakarta Utara,0.00,1100000.00,3.90,1.00,6.00,Kos Campur,9.00,1,0,0,1,1,1,1,0,1,1,1,1,1,0,1,1,1,0,1,1,1,1,0,0,1,0,1,1,0
Jakarta Barat,1.00,1850000.00,0.00,0.00,0.00,Kos Campur,8.80,1,0,1,0,1,1,1,0,1,1,0,0,1,0,1,1,1,1,1,1,1,1,0,0,1,0,0,0,0
Jakarta Barat,1.00,2000000.00,0.00,0.00,0.00,Kos Campur,13.50,0,0,1,1,1,1,1,0,1,0,0,1,1,1,1,1,1,1,1,1,1,1,0,1,0,1,0,0,0
Jakarta Utara,0.00,1499999.00,5.00,4.00,3.00,Kos Campur,12.00,0,0,0,1,0,1,1,1,1,1,1,1,1,0,1,1,1,0,1,1,1,0,0,1,1,1,0,0,0
Jakarta Utara,0.00,2500000.00,0.00,0.00,0.00,Kos Campur,17.50,0,0,1,1,1,1,1,1,1,1,1,1,1,1,1,1,1,1,1,1,1,0,0,0,0,0,1,0,0
Jakarta Selatan,1.00,1200000.00,0.00,0.00,1.00,Kos Putri,12.00,0,0,1,1,1,1,1,0,0,0,1,0,1,0,1,0,0,0,1,0,1,0,1,0,1,0,0,0,0
Jakarta Barat,2.00,3600000.00,4.50,1.00,19.00,Kos Campur,16.00,0,0,1,1,1,1,1,0,1,1,1,1,1,1,1,1,1,1,1,1,1,0,0,0,0,1,0,0,0
Jakarta Barat,2.00,3500000.00,5.00,2.00,19.00,Kos Campur,16.00,1,0,1,1,1,1,1,0,1,1,1,1,1,1,1,1,1,1,1,1,1,0,0,0,0,1,0,0,0
Jakarta Barat,2.00,3100000.00,4.90,1.00,14.00,Kos Campur,12.00,0,0,1,1,1,1,1,0,1,1,1,1,1,1,1,1,1,1,1,1,1,0,0,0,1,1,0,0,0
Jakarta Selatan,2.00,6800000.00,0.00,0.00,2.00,Kos Campur,25.00,0,1,1,1,1,1,1,1,1,1,0,1,1,1,0,0,1,1,1,1,1,1,0,1,0,1,0,0,0
Jakarta Timur,0.00,1100000.00,5.00,1.00,12.00,Kos Campur,9.00,0,1,0,1,1,1,1,0,0,1,1,0,0,0,1,0,1,0,0,0,0,0,1,0,0,0,1,0,0
Jakarta Utara,0.00,1400000.00,0.00,0.00,11.00,Kos Campur,6.00,1,0,1,1,1,1,1,0,0,1,1,0,1,0,1,1,1,0,1,1,1,1,0,0,0,1,0,1,0
Jakarta Barat,3.00,700000.00,0.00,0.00,0.00,Kos Campur,12.00,0,1,1,0,0,1,1,0,1,1,1,0,0,0,1,0,0,0,1,0,0,0,1,0,1,0,1,0,1
Jakarta Utara,0.00,2500000.00,0.00,0.00,2.00,Kos Campur,9.00,1,0,1,1,1,1,1,0,1,1,1,1,1,1,0,0,1,0,1,1,1,0,1,1,0,1,0,0,0
Jakarta Utara,0.00,2500000.00,0.00,0.00,2.00,Kos Campur,9.00,1,0,1,1,1,1,1,0,1,1,1,1,1,1,0,0,1,0,1,1,1,0,1,1,0,1,0,0,0
Jakarta Utara,0.00,1800000.00,0.00,0.00,2.00,Kos Campur,9.00,1,1,1,1,1,1,1,0,1,1,1,0,1,1,1,1,1,0,0,1,1,0,1,0,1,0,0,0,0
Jakarta Barat,1.00,2100000.00,5.00,1.00,1.00,Kos Campur,12.00,0,0,1,1,1,1,1,0,1,1,1,0,1,1,1,0,1,1,1,1,1,0,0,1,1,0,0,1,0
Jakarta Utara,1.00,4600000.00,0.00,0.00,0.00,Kos Campur,12.00,0,0,1,1,0,1,1,1,1,1,1,0,0,0,0,0,0,0,0,0,1,0,0,0,0,0,0,0,1
